station_id,hour,departures,arrivals,predicted_departures,predicted_arrivals,predicted_net_flow,priority_score,imbalance_direction,priority_rank
5712.03,2026-06-16 00:00:00,3,4,20.59380404026093,11.184001247632663,-9.409802792628268,9.409802792628268,DEFICIT_PRESSURE,1
6822.09,2026-06-16 00:00:00,7,4,6.024283540130118,15.209762554469359,9.18547901433924,9.18547901433924,SURPLUS_PRESSURE,2
5763.03,2026-06-16 00:00:00,6,2,17.281498372382067,8.179372451786854,-9.102125920595213,9.102125920595213,DEFICIT_PRESSURE,3
5980.10,2026-06-16 00:00:00,4,0,9.130359042210351,1.0666129550136234,-8.063746087196728,8.063746087196728,DEFICIT_PRESSURE,4
6432.09,2026-06-16 00:00:00,2,3,5.407197104480868,12.223782101158642,6.816584996677774,6.816584996677774,SURPLUS_PRESSURE,5
5374.01,2026-06-16 00:00:00,8,10,8.968882520896264,13.611810773594616,4.642928252698352,4.642928252698352,SURPLUS_PRESSURE,6
5905.12,2026-06-16 00:00:00,3,2,5.135076170949726,9.126003725155392,3.9909275542056664,3.9909275542056664,SURPLUS_PRESSURE,7
6459.07,2026-06-16 00:00:00,1,2,6.417495007320275,10.0634693854508,3.645974378130525,3.645974378130525,SURPLUS_PRESSURE,8
5492.05,2026-06-16 00:00:00,2,7,10.15607304010744,6.672264848448481,-3.4838081916589596,3.4838081916589596,DEFICIT_PRESSURE,9
6492.08,2026-06-16 00:00:00,1,1,6.55550097644781,9.84393905926364,3.28843808281583,3.28843808281583,SURPLUS_PRESSURE,10
6364.07,2026-06-16 00:00:00,12,8,6.471681586336383,8.898580317257855,2.4268987309214713,2.4268987309214713,SURPLUS_PRESSURE,11
5905.14,2026-06-16 00:00:00,2,2,6.545267251012453,8.67998270560328,2.1347154545908262,2.1347154545908262,SURPLUS_PRESSURE,12
6072.06,2026-06-16 00:00:00,3,3,6.548590737732432,4.900873782212921,-1.6477169555195115,1.6477169555195115,DEFICIT_PRESSURE,13
6140.05,2026-06-16 00:00:00,6,5,3.8961777595473333,5.4687073224799185,1.5725295629325853,1.5725295629325853,SURPLUS_PRESSURE,14
6233.04,2026-06-16 00:00:00,0,0,4.004805036776108,2.724708668253365,-1.2800963685227424,1.2800963685227424,DEFICIT_PRESSURE,15
6948.10,2026-06-16 00:00:00,2,1,3.4878609489846557,2.621048160973521,-0.8668127880111349,0.8668127880111349,DEFICIT_PRESSURE,16
6173.08,2026-06-16 00:00:00,0,3,2.8959443204076205,2.45272336725997,-0.4432209531476503,0.4432209531476503,DEFICIT_PRESSURE,17
6726.01,2026-06-16 00:00:00,3,2,4.50574271655475,4.107957968927024,-0.39778474762772653,0.39778474762772653,DEFICIT_PRESSURE,18
6331.01,2026-06-16 00:00:00,5,1,8.066273636672356,8.285069989108065,0.21879635243570839,0.21879635243570839,SURPLUS_PRESSURE,19
6912.01,2026-06-16 00:00:00,0,1,2.764818365655031,2.550115704537369,-0.21470266111766234,0.21470266111766234,DEFICIT_PRESSURE,20
6331.01,2026-06-16 01:00:00,1,1,5.228527298279889,2.138472185564958,-3.090055112714931,3.090055112714931,DEFICIT_PRESSURE,1
5374.01,2026-06-16 01:00:00,1,3,3.6332843000580555,6.709212202028132,3.0759279019700765,3.0759279019700765,SURPLUS_PRESSURE,2
5763.03,2026-06-16 01:00:00,0,1,3.404226078488892,1.48686943479334,-1.9173566436955518,1.9173566436955518,DEFICIT_PRESSURE,3
6459.07,2026-06-16 01:00:00,0,1,1.7272772156317115,3.6380878999607766,1.910810684329065,1.910810684329065,SURPLUS_PRESSURE,4
6432.09,2026-06-16 01:00:00,3,4,1.5059671509007102,3.3549480458135013,1.848980894912791,1.848980894912791,SURPLUS_PRESSURE,5
6822.09,2026-06-16 01:00:00,4,1,5.054448493124987,3.3016471238197402,-1.7528013693052467,1.7528013693052467,DEFICIT_PRESSURE,6
5980.10,2026-06-16 01:00:00,1,0,2.213087217377571,0.48944031594175497,-1.7236469014358158,1.7236469014358158,DEFICIT_PRESSURE,7
5905.14,2026-06-16 01:00:00,0,0,1.004517046583576,2.138445720489715,1.133928673906139,1.133928673906139,SURPLUS_PRESSURE,8
6364.07,2026-06-16 01:00:00,3,5,9.684485358871997,8.688532869461486,-0.9959524894105112,0.9959524894105112,DEFICIT_PRESSURE,9
5712.03,2026-06-16 01:00:00,5,4,1.802138207738077,2.75625894525441,0.9541207375163332,0.9541207375163332,SURPLUS_PRESSURE,10
6233.04,2026-06-16 01:00:00,0,0,1.1139258225165205,0.18585081086873462,-0.9280750116477858,0.9280750116477858,DEFICIT_PRESSURE,11
5492.05,2026-06-16 01:00:00,0,0,3.3350942892104194,2.444048914496481,-0.8910453747139382,0.8910453747139382,DEFICIT_PRESSURE,12
6948.10,2026-06-16 01:00:00,0,3,0.9641009187262565,1.7811044223047128,0.8170035035784563,0.8170035035784563,SURPLUS_PRESSURE,13
6492.08,2026-06-16 01:00:00,0,1,1.940573807879948,2.7526396351746687,0.8120658272947208,0.8120658272947208,SURPLUS_PRESSURE,14
6726.01,2026-06-16 01:00:00,4,0,2.740500506898461,1.9329600146702222,-0.8075404922282388,0.8075404922282388,DEFICIT_PRESSURE,15
6140.05,2026-06-16 01:00:00,0,0,3.4779468481772193,2.8189831304655097,-0.6589637177117096,0.6589637177117096,DEFICIT_PRESSURE,16
6912.01,2026-06-16 01:00:00,1,0,2.1657364525310694,1.5717512315257027,-0.5939852210053667,0.5939852210053667,DEFICIT_PRESSURE,17
6072.06,2026-06-16 01:00:00,3,3,1.7270369115985746,2.1583481822924693,0.43131127069389463,0.43131127069389463,SURPLUS_PRESSURE,18
5905.12,2026-06-16 01:00:00,2,3,2.262574533913803,2.0493140261539873,-0.21326050775981553,0.21326050775981553,DEFICIT_PRESSURE,19
6173.08,2026-06-16 01:00:00,1,1,1.231887093479572,1.2682724620187897,0.0363853685392177,0.0363853685392177,SURPLUS_PRESSURE,20
5712.03,2026-06-16 02:00:00,0,0,2.4468357349717467,0.7999398754421649,-1.6468958595295817,1.6468958595295817,DEFICIT_PRESSURE,1
6364.07,2026-06-16 02:00:00,3,1,2.46601839460069,4.002864706552274,1.5368463119515843,1.5368463119515843,SURPLUS_PRESSURE,2
6492.08,2026-06-16 02:00:00,0,0,0.46542244851338255,1.547078888352925,1.0816564398395423,1.0816564398395423,SURPLUS_PRESSURE,3
5374.01,2026-06-16 02:00:00,1,0,0.8434665163074067,1.8325673665012798,0.9891008501938732,0.9891008501938732,SURPLUS_PRESSURE,4
6331.01,2026-06-16 02:00:00,0,0,3.042908326569504,2.2463180298101224,-0.7965902967593816,0.7965902967593816,DEFICIT_PRESSURE,5
6173.08,2026-06-16 02:00:00,1,0,0.5951477374394396,1.1482204361525403,0.5530726987131007,0.5530726987131007,SURPLUS_PRESSURE,6
5763.03,2026-06-16 02:00:00,0,0,1.1857203639026408,1.6814980586089936,0.4957776947063528,0.4957776947063528,SURPLUS_PRESSURE,7
6072.06,2026-06-16 02:00:00,0,1,1.3586647411659265,1.0080152860639862,-0.35064945510194034,0.35064945510194034,DEFICIT_PRESSURE,8
5980.10,2026-06-16 02:00:00,0,0,0.6006582038235262,0.25286366329403226,-0.34779454052949393,0.34779454052949393,DEFICIT_PRESSURE,9
6140.05,2026-06-16 02:00:00,0,0,0.7560155945071574,1.1028842832314323,0.3468686887242749,0.3468686887242749,SURPLUS_PRESSURE,10
6432.09,2026-06-16 02:00:00,3,1,1.4687977626696362,1.190653283261002,-0.2781444794086343,0.2781444794086343,DEFICIT_PRESSURE,11
6459.07,2026-06-16 02:00:00,3,1,1.0830846777536365,1.300384918357686,0.21730024060404962,0.21730024060404962,SURPLUS_PRESSURE,12
6912.01,2026-06-16 02:00:00,0,0,0.6319191572489493,0.5038020055607955,-0.12811715168815385,0.12811715168815385,DEFICIT_PRESSURE,13
5905.14,2026-06-16 02:00:00,1,1,1.2997105288703048,1.3996774062840527,0.09996687741374788,0.09996687741374788,SURPLUS_PRESSURE,14
5905.12,2026-06-16 02:00:00,1,1,0.9085513629999532,0.8499613699253367,-0.05858999307461654,0.05858999307461654,DEFICIT_PRESSURE,15
6233.04,2026-06-16 02:00:00,0,0,0.12894244975208,0.17811939904073146,0.04917694928865146,0.04917694928865146,SURPLUS_PRESSURE,16
6948.10,2026-06-16 02:00:00,0,1,0.902817989148182,0.881098874962058,-0.021719114186124044,0.021719114186124044,DEFICIT_PRESSURE,17
5492.05,2026-06-16 02:00:00,0,1,0.47832325120719543,0.48630786979727114,0.00798461859007571,0.00798461859007571,SURPLUS_PRESSURE,18
6822.09,2026-06-16 02:00:00,1,2,1.1753911850584924,1.1806652057109903,0.005274020652497935,0.005274020652497935,SURPLUS_PRESSURE,19
6726.01,2026-06-16 02:00:00,0,1,1.2898805299170144,1.2947013377842713,0.0048208078672569155,0.0048208078672569155,SURPLUS_PRESSURE,20
6364.07,2026-06-16 03:00:00,4,1,3.3603284562265485,0.9205738982200711,-2.4397545580064772,2.4397545580064772,DEFICIT_PRESSURE,1
5712.03,2026-06-16 03:00:00,0,0,1.2362297515960834,0.3271092570935885,-0.9091204945024949,0.9091204945024949,DEFICIT_PRESSURE,2
6140.05,2026-06-16 03:00:00,0,0,1.2018059353090838,0.3200940400164846,-0.8817118952925991,0.8817118952925991,DEFICIT_PRESSURE,3
5905.14,2026-06-16 03:00:00,0,0,1.0933270864989357,0.5087370429705433,-0.5845900435283924,0.5845900435283924,DEFICIT_PRESSURE,4
6331.01,2026-06-16 03:00:00,1,1,0.3964167383379859,0.8897234195682988,0.4933066812303129,0.4933066812303129,SURPLUS_PRESSURE,5
6173.08,2026-06-16 03:00:00,0,0,0.685304663394723,0.23915740071172006,-0.44614726268300287,0.44614726268300287,DEFICIT_PRESSURE,6
6822.09,2026-06-16 03:00:00,0,1,0.5430810385589372,0.977453304771319,0.4343722662123818,0.4343722662123818,SURPLUS_PRESSURE,7
5763.03,2026-06-16 03:00:00,1,1,0.9399836850086232,1.3196820804140936,0.37969839540547046,0.37969839540547046,SURPLUS_PRESSURE,8
6432.09,2026-06-16 03:00:00,1,0,1.2512728457036395,0.893482099980465,-0.3577907457231745,0.3577907457231745,DEFICIT_PRESSURE,9
6726.01,2026-06-16 03:00:00,0,3,0.36699566758863644,0.7038816114948416,0.3368859439062052,0.3368859439062052,SURPLUS_PRESSURE,10
6492.08,2026-06-16 03:00:00,1,0,0.6655691510143775,0.32900426292228113,-0.3365648880920964,0.3365648880920964,DEFICIT_PRESSURE,11
6948.10,2026-06-16 03:00:00,0,0,0.4805758087252145,0.7233004059614581,0.24272459723624357,0.24272459723624357,SURPLUS_PRESSURE,12
5980.10,2026-06-16 03:00:00,0,0,0.3917569801641627,0.22348594237573036,-0.16827103778843236,0.16827103778843236,DEFICIT_PRESSURE,13
6459.07,2026-06-16 03:00:00,0,0,1.0018258108957148,0.8539561829082927,-0.1478696279874221,0.1478696279874221,DEFICIT_PRESSURE,14
5374.01,2026-06-16 03:00:00,2,1,0.8461219736291945,0.7458485726855816,-0.10027340094361292,0.10027340094361292,DEFICIT_PRESSURE,15
6072.06,2026-06-16 03:00:00,0,0,0.4815223068184223,0.40041045059859093,-0.08111185621983136,0.08111185621983136,DEFICIT_PRESSURE,16
6233.04,2026-06-16 03:00:00,0,0,0.31388875020944423,0.23908044927508232,-0.07480830093436192,0.07480830093436192,DEFICIT_PRESSURE,17
6912.01,2026-06-16 03:00:00,0,0,0.3179296227094398,0.25568320934211725,-0.06224641336732256,0.06224641336732256,DEFICIT_PRESSURE,18
5905.12,2026-06-16 03:00:00,0,0,0.46995562944024755,0.5242938657899722,0.05433823634972462,0.05433823634972462,SURPLUS_PRESSURE,19
5492.05,2026-06-16 03:00:00,0,2,0.38833602859904004,0.33615478066411986,-0.05218124793492018,0.05218124793492018,DEFICIT_PRESSURE,20
5905.14,2026-06-16 04:00:00,0,1,0.4994891658548717,2.469282876318247,1.9697937104633754,1.9697937104633754,SURPLUS_PRESSURE,1
6364.07,2026-06-16 04:00:00,6,1,2.80754513557245,1.2107733665557812,-1.5967717690166687,1.5967717690166687,DEFICIT_PRESSURE,2
6331.01,2026-06-16 04:00:00,2,2,1.1608349292359263,2.6921910203645645,1.5313560911286381,1.5313560911286381,SURPLUS_PRESSURE,3
6822.09,2026-06-16 04:00:00,1,1,0.3841747822665464,1.5081422377335791,1.1239674554670327,1.1239674554670327,SURPLUS_PRESSURE,4
5374.01,2026-06-16 04:00:00,0,1,0.7952520005032535,1.8589497583727834,1.06369775786953,1.06369775786953,SURPLUS_PRESSURE,5
6912.01,2026-06-16 04:00:00,0,1,0.3894805958734515,1.4124713017648787,1.0229907058914272,1.0229907058914272,SURPLUS_PRESSURE,6
6140.05,2026-06-16 04:00:00,0,1,0.783896158682562,1.7678050984740983,0.9839089397915363,0.9839089397915363,SURPLUS_PRESSURE,7
6726.01,2026-06-16 04:00:00,2,2,0.649152240196362,1.5792855275573894,0.9301332873610274,0.9301332873610274,SURPLUS_PRESSURE,8
6233.04,2026-06-16 04:00:00,0,0,0.10360511266559158,0.9732016664707013,0.8695965538051097,0.8695965538051097,SURPLUS_PRESSURE,9
5712.03,2026-06-16 04:00:00,1,4,0.7691889201183035,1.5763920487721266,0.807203128653823,0.807203128653823,SURPLUS_PRESSURE,10
6492.08,2026-06-16 04:00:00,0,2,0.7667208236144311,1.5652493234828753,0.7985284998684442,0.7985284998684442,SURPLUS_PRESSURE,11
6432.09,2026-06-16 04:00:00,0,1,1.1223219355713974,0.3284425888554366,-0.7938793467159608,0.7938793467159608,DEFICIT_PRESSURE,12
5492.05,2026-06-16 04:00:00,0,0,0.4639099045659832,1.1506633921834881,0.686753487617505,0.686753487617505,SURPLUS_PRESSURE,13
5763.03,2026-06-16 04:00:00,2,2,1.4631722736896189,1.8211301899778172,0.3579579162881983,0.3579579162881983,SURPLUS_PRESSURE,14
5980.10,2026-06-16 04:00:00,0,0,0.5355710609519408,0.2444938614112947,-0.29107719954064615,0.29107719954064615,DEFICIT_PRESSURE,15
6072.06,2026-06-16 04:00:00,0,0,0.5792022462674167,0.29612239095123766,-0.283079855316179,0.283079855316179,DEFICIT_PRESSURE,16
6459.07,2026-06-16 04:00:00,0,2,1.7032028788282536,1.4374657966056066,-0.265737082222647,0.265737082222647,DEFICIT_PRESSURE,17
6173.08,2026-06-16 04:00:00,0,0,0.4666288390521236,0.6752143638027147,0.2085855247505911,0.2085855247505911,SURPLUS_PRESSURE,18
5905.12,2026-06-16 04:00:00,0,3,1.1211541615192835,1.2738353137840661,0.15268115226478263,0.15268115226478263,SURPLUS_PRESSURE,19
6948.10,2026-06-16 04:00:00,1,0,1.0091955616132988,0.9479219914516722,-0.0612735701616266,0.0612735701616266,DEFICIT_PRESSURE,20
6233.04,2026-06-16 05:00:00,0,20,1.6787651975309432,19.49500199356901,17.816236796038066,17.816236796038066,SURPLUS_PRESSURE,1
6822.09,2026-06-16 05:00:00,3,8,2.5060262968842295,8.275812017924858,5.769785721040629,5.769785721040629,SURPLUS_PRESSURE,2
6331.01,2026-06-16 05:00:00,8,7,8.689063951261085,5.529614432382028,-3.1594495188790566,3.1594495188790566,DEFICIT_PRESSURE,3
6459.07,2026-06-16 05:00:00,6,2,3.767950210597441,1.4169380413622914,-2.3510121692351498,2.3510121692351498,DEFICIT_PRESSURE,4
5905.12,2026-06-16 05:00:00,4,4,3.5780714053854497,1.4037307178845606,-2.174340687500889,2.174340687500889,DEFICIT_PRESSURE,5
6173.08,2026-06-16 05:00:00,1,7,1.026759036624585,3.0554930682502275,2.0287340316256426,2.0287340316256426,SURPLUS_PRESSURE,6
5712.03,2026-06-16 05:00:00,1,1,2.6535743364127327,4.6802740253936,2.0266996889808673,2.0266996889808673,SURPLUS_PRESSURE,7
6364.07,2026-06-16 05:00:00,10,3,3.1900208468643787,1.1907958727133914,-1.9992249741509873,1.9992249741509873,DEFICIT_PRESSURE,8
6432.09,2026-06-16 05:00:00,7,8,5.577947580813572,7.52416620689078,1.9462186260772079,1.9462186260772079,SURPLUS_PRESSURE,9
6492.08,2026-06-16 05:00:00,2,3,4.853354341215937,2.9104845148302405,-1.9428698263856963,1.9428698263856963,DEFICIT_PRESSURE,10
5763.03,2026-06-16 05:00:00,3,3,3.0320618867195326,1.1763259948254086,-1.855735891894124,1.855735891894124,DEFICIT_PRESSURE,11
5374.01,2026-06-16 05:00:00,2,1,1.2640040050782442,2.816145899204252,1.552141894126008,1.552141894126008,SURPLUS_PRESSURE,12
5492.05,2026-06-16 05:00:00,3,1,2.9887208286758082,1.518063584687593,-1.4706572439882153,1.4706572439882153,DEFICIT_PRESSURE,13
6912.01,2026-06-16 05:00:00,0,3,1.2651606963522766,2.722370325167912,1.4572096288156353,1.4572096288156353,SURPLUS_PRESSURE,14
6948.10,2026-06-16 05:00:00,2,3,1.3849398281069387,2.7539702306293146,1.3690304025223758,1.3690304025223758,SURPLUS_PRESSURE,15
6140.05,2026-06-16 05:00:00,0,6,3.6717957085670214,4.7834598776616195,1.111664169094598,1.111664169094598,SURPLUS_PRESSURE,16
5905.14,2026-06-16 05:00:00,2,7,3.192810170465055,4.134144911632397,0.9413347411673421,0.9413347411673421,SURPLUS_PRESSURE,17
6726.01,2026-06-16 05:00:00,5,4,4.298295658902321,5.1036642627149185,0.8053686038125978,0.8053686038125978,SURPLUS_PRESSURE,18
6072.06,2026-06-16 05:00:00,2,3,1.7658437377263683,2.403264889179832,0.6374211514534638,0.6374211514534638,SURPLUS_PRESSURE,19
5980.10,2026-06-16 05:00:00,0,0,0.6590036583483665,0.9830655394215914,0.32406188107322487,0.32406188107322487,SURPLUS_PRESSURE,20
6822.09,2026-06-16 06:00:00,14,56,10.134544080466567,45.276507198819715,35.14196311835315,35.14196311835315,SURPLUS_PRESSURE,1
6233.04,2026-06-16 06:00:00,7,14,4.803083204296493,20.813186081676662,16.01010287738017,16.01010287738017,SURPLUS_PRESSURE,2
6432.09,2026-06-16 06:00:00,24,31,16.20745550862037,28.631131908028145,12.423676399407775,12.423676399407775,SURPLUS_PRESSURE,3
6912.01,2026-06-16 06:00:00,6,22,5.999377444528243,17.094033663345723,11.09465621881748,11.09465621881748,SURPLUS_PRESSURE,4
6364.07,2026-06-16 06:00:00,7,2,19.197664395622795,9.662647021568588,-9.535017374054206,9.535017374054206,DEFICIT_PRESSURE,5
6726.01,2026-06-16 06:00:00,21,5,16.065883025759987,7.614822145211966,-8.45106088054802,8.45106088054802,DEFICIT_PRESSURE,6
6173.08,2026-06-16 06:00:00,5,11,7.497448245824,14.0832764009337,6.5858281551097,6.5858281551097,SURPLUS_PRESSURE,7
5712.03,2026-06-16 06:00:00,12,25,8.988104945743608,14.856850899614301,5.868745953870693,5.868745953870693,SURPLUS_PRESSURE,8
5905.14,2026-06-16 06:00:00,10,14,4.089629903638684,9.76164711563541,5.672017211996726,5.672017211996726,SURPLUS_PRESSURE,9
5905.12,2026-06-16 06:00:00,15,19,9.129949453242242,14.153468649373247,5.023519196131005,5.023519196131005,SURPLUS_PRESSURE,10
5763.03,2026-06-16 06:00:00,8,10,10.797139588559844,6.147932204528328,-4.6492073840315165,4.6492073840315165,DEFICIT_PRESSURE,11
6948.10,2026-06-16 06:00:00,12,10,9.496074014196262,13.955613382640024,4.459539368443762,4.459539368443762,SURPLUS_PRESSURE,12
5492.05,2026-06-16 06:00:00,8,9,8.808643668246038,4.693881288246991,-4.114762379999047,4.114762379999047,DEFICIT_PRESSURE,13
6459.07,2026-06-16 06:00:00,8,11,10.334532261601183,6.824014658317914,-3.510517603283269,3.510517603283269,DEFICIT_PRESSURE,14
5980.10,2026-06-16 06:00:00,9,1,4.704397888521721,1.5123076659941666,-3.192090222527555,3.192090222527555,DEFICIT_PRESSURE,15
6140.05,2026-06-16 06:00:00,19,22,9.125601382254631,12.25832714750829,3.1327257652536584,3.1327257652536584,SURPLUS_PRESSURE,16
6492.08,2026-06-16 06:00:00,11,12,10.954744545850652,13.09484973187405,2.1401051860233977,2.1401051860233977,SURPLUS_PRESSURE,17
6072.06,2026-06-16 06:00:00,9,3,8.5040627238586,6.9876995230089145,-1.5163632008496863,1.5163632008496863,DEFICIT_PRESSURE,18
5374.01,2026-06-16 06:00:00,8,10,6.719391282925071,5.546015512758874,-1.1733757701661967,1.1733757701661967,DEFICIT_PRESSURE,19
6331.01,2026-06-16 06:00:00,11,12,12.887713008622198,11.844328260409382,-1.0433847482128158,1.0433847482128158,DEFICIT_PRESSURE,20
6822.09,2026-06-16 07:00:00,30,57,23.863063573669045,52.242922151117526,28.37985857744848,28.37985857744848,SURPLUS_PRESSURE,1
5980.10,2026-06-16 07:00:00,12,3,23.754486197051136,3.4995966011005266,-20.25488959595061,20.25488959595061,DEFICIT_PRESSURE,2
6726.01,2026-06-16 07:00:00,28,12,32.98561845309091,13.007478605881634,-19.978139847209274,19.978139847209274,DEFICIT_PRESSURE,3
6492.08,2026-06-16 07:00:00,22,33,29.037099552025794,48.206954365079355,19.16985481305356,19.16985481305356,SURPLUS_PRESSURE,4
6432.09,2026-06-16 07:00:00,38,61,39.9365000134162,55.37846016098261,15.441960147566412,15.441960147566412,SURPLUS_PRESSURE,5
5712.03,2026-06-16 07:00:00,29,47,26.223596478834235,38.262317562603805,12.03872108376957,12.03872108376957,SURPLUS_PRESSURE,6
6331.01,2026-06-16 07:00:00,22,20,30.366775012817275,20.136907458191857,-10.229867554625418,10.229867554625418,DEFICIT_PRESSURE,7
6364.07,2026-06-16 07:00:00,11,14,22.543398989898993,14.850666370971755,-7.692732618927238,7.692732618927238,DEFICIT_PRESSURE,8
6173.08,2026-06-16 07:00:00,13,22,11.898067159281224,17.42203258342184,5.523965424140615,5.523965424140615,SURPLUS_PRESSURE,9
5905.12,2026-06-16 07:00:00,25,21,20.73435887145574,25.745194944767128,5.010836073311388,5.010836073311388,SURPLUS_PRESSURE,10
6233.04,2026-06-16 07:00:00,31,26,27.869097222222226,24.285650709860725,-3.583446512361501,3.583446512361501,DEFICIT_PRESSURE,11
5763.03,2026-06-16 07:00:00,12,7,13.904006602984634,10.467711371880434,-3.4362952311042,3.4362952311042,DEFICIT_PRESSURE,12
6072.06,2026-06-16 07:00:00,15,19,18.60537667322693,15.391568605738897,-3.213808067488035,3.213808067488035,DEFICIT_PRESSURE,13
6948.10,2026-06-16 07:00:00,23,34,26.22368906927206,23.06176129371299,-3.161927775559068,3.161927775559068,DEFICIT_PRESSURE,14
6140.05,2026-06-16 07:00:00,25,31,22.483394367623397,24.435222978083107,1.9518286104597102,1.9518286104597102,SURPLUS_PRESSURE,15
5492.05,2026-06-16 07:00:00,9,14,14.459763962303025,12.964880045828586,-1.4948839164744392,1.4948839164744392,DEFICIT_PRESSURE,16
5905.14,2026-06-16 07:00:00,19,29,18.04243351535471,19.128529797458974,1.0860962821042648,1.0860962821042648,SURPLUS_PRESSURE,17
5374.01,2026-06-16 07:00:00,28,10,13.702148630863894,12.683795358207535,-1.018353272656359,1.018353272656359,DEFICIT_PRESSURE,18
6459.07,2026-06-16 07:00:00,17,22,22.12985405697537,22.913274283478714,0.7834202265033454,0.7834202265033454,SURPLUS_PRESSURE,19
6912.01,2026-06-16 07:00:00,19,20,21.039771427780146,21.522945261986237,0.4831738342060916,0.4831738342060916,SURPLUS_PRESSURE,20
6492.08,2026-06-16 08:00:00,46,139,45.26099237966852,94.1504126984127,48.88942031874417,48.88942031874417,SURPLUS_PRESSURE,1
6459.07,2026-06-16 08:00:00,46,88,41.25786507936508,82.8785257936508,41.62066071428571,41.62066071428571,SURPLUS_PRESSURE,2
6173.08,2026-06-16 08:00:00,32,73,26.670209379006778,61.15998143081157,34.48977205180479,34.48977205180479,SURPLUS_PRESSURE,3
5980.10,2026-06-16 08:00:00,49,14,36.67499480749747,3.8383149742961633,-32.83667983320131,32.83667983320131,DEFICIT_PRESSURE,4
6912.01,2026-06-16 08:00:00,37,65,23.215731587791826,51.510525308873355,28.29479372108153,28.29479372108153,SURPLUS_PRESSURE,5
6822.09,2026-06-16 08:00:00,39,67,45.60787138758559,68.21668662042997,22.60881523284438,22.60881523284438,SURPLUS_PRESSURE,6
6140.05,2026-06-16 08:00:00,47,70,46.17729488740968,65.771875,19.594580112590315,19.594580112590315,SURPLUS_PRESSURE,7
5905.12,2026-06-16 08:00:00,33,55,33.31256228556198,52.09512135645494,18.782559070892958,18.782559070892958,SURPLUS_PRESSURE,8
5712.03,2026-06-16 08:00:00,57,59,49.55394321322861,64.27083874458874,14.716895531360137,14.716895531360137,SURPLUS_PRESSURE,9
5374.01,2026-06-16 08:00:00,29,22,38.857826152925874,27.007541962445995,-11.85028419047988,11.85028419047988,DEFICIT_PRESSURE,10
6726.01,2026-06-16 08:00:00,32,19,31.678706924349154,21.05830169832123,-10.620405226027923,10.620405226027923,DEFICIT_PRESSURE,11
6432.09,2026-06-16 08:00:00,59,78,60.09097274139436,70.17059523809522,10.079622496700857,10.079622496700857,SURPLUS_PRESSURE,12
6072.06,2026-06-16 08:00:00,42,33,29.835646607591023,20.073243030974375,-9.762403576616649,9.762403576616649,DEFICIT_PRESSURE,13
5905.14,2026-06-16 08:00:00,34,32,29.020604667860294,38.46938442027807,9.448779752417774,9.448779752417774,SURPLUS_PRESSURE,14
5492.05,2026-06-16 08:00:00,21,36,23.02318003557371,32.07857430007116,9.055394264497451,9.055394264497451,SURPLUS_PRESSURE,15
6233.04,2026-06-16 08:00:00,54,35,50.05703145967153,41.90291328041013,-8.154118179261395,8.154118179261395,DEFICIT_PRESSURE,16
6364.07,2026-06-16 08:00:00,23,28,31.241637142571125,34.96653955778245,3.7249024152113215,3.7249024152113215,SURPLUS_PRESSURE,17
6331.01,2026-06-16 08:00:00,31,36,38.95205027604081,42.536495086780086,3.584444810739278,3.584444810739278,SURPLUS_PRESSURE,18
5763.03,2026-06-16 08:00:00,20,17,24.80581267228425,24.236129679054393,-0.5696829932298577,0.5696829932298577,DEFICIT_PRESSURE,19
6948.10,2026-06-16 08:00:00,44,32,40.32325279140255,39.75876363228715,-0.5644891591154035,0.5644891591154035,DEFICIT_PRESSURE,20
6492.08,2026-06-16 09:00:00,38,93,32.744808859791036,87.02808333333331,54.28327447354228,54.28327447354228,SURPLUS_PRESSURE,1
6173.08,2026-06-16 09:00:00,31,69,26.101785396609912,61.59279857094659,35.49101317433668,35.49101317433668,SURPLUS_PRESSURE,2
6140.05,2026-06-16 09:00:00,46,55,38.51800849135291,67.41649131351105,28.898482822158137,28.898482822158137,SURPLUS_PRESSURE,3
6822.09,2026-06-16 09:00:00,20,44,32.11375089677317,54.486212219953806,22.372461323180637,22.372461323180637,SURPLUS_PRESSURE,4
5980.10,2026-06-16 09:00:00,47,11,42.0379781197491,19.678260066674092,-22.359718053075007,22.359718053075007,DEFICIT_PRESSURE,5
6912.01,2026-06-16 09:00:00,33,49,29.41506355013315,48.39134968941531,18.976286139282156,18.976286139282156,SURPLUS_PRESSURE,6
6432.09,2026-06-16 09:00:00,33,61,42.90921508297674,61.35780899216556,18.448593909188816,18.448593909188816,SURPLUS_PRESSURE,7
5905.12,2026-06-16 09:00:00,21,30,29.105854282177116,40.98336632839316,11.877512046216044,11.877512046216044,SURPLUS_PRESSURE,8
5712.03,2026-06-16 09:00:00,51,75,44.63079607424871,55.42926377296753,10.798467698718824,10.798467698718824,SURPLUS_PRESSURE,9
5374.01,2026-06-16 09:00:00,28,26,30.762194233924134,20.32829904634442,-10.433895187579715,10.433895187579715,DEFICIT_PRESSURE,10
5905.14,2026-06-16 09:00:00,26,37,28.775556719434658,38.09844276341134,9.322886043976684,9.322886043976684,SURPLUS_PRESSURE,11
6948.10,2026-06-16 09:00:00,33,66,49.970983370752045,41.5770524453754,-8.393930925376644,8.393930925376644,DEFICIT_PRESSURE,12
5492.05,2026-06-16 09:00:00,30,26,21.861659462635266,29.991487000062016,8.129827537426749,8.129827537426749,SURPLUS_PRESSURE,13
6364.07,2026-06-16 09:00:00,35,49,28.230413524971013,34.10286164468508,5.872448119714065,5.872448119714065,SURPLUS_PRESSURE,14
6459.07,2026-06-16 09:00:00,32,26,39.25089433470952,44.04084830270531,4.789953967995785,4.789953967995785,SURPLUS_PRESSURE,15
6726.01,2026-06-16 09:00:00,9,8,18.837880464051374,14.540179863086358,-4.297700600965015,4.297700600965015,DEFICIT_PRESSURE,16
6331.01,2026-06-16 09:00:00,41,35,31.30910662222212,35.064901541089085,3.7557949188669646,3.7557949188669646,SURPLUS_PRESSURE,17
6233.04,2026-06-16 09:00:00,44,35,44.953065444614225,46.73929406535746,1.7862286207432376,1.7862286207432376,SURPLUS_PRESSURE,18
6072.06,2026-06-16 09:00:00,22,22,29.58167883904511,28.604523467820858,-0.9771553712242529,0.9771553712242529,DEFICIT_PRESSURE,19
5763.03,2026-06-16 09:00:00,15,22,19.677444186834933,19.590104148226256,-0.08734003860867645,0.08734003860867645,DEFICIT_PRESSURE,20
5980.10,2026-06-16 10:00:00,40,9,24.234271849356933,9.733433867384173,-14.50083798197276,14.50083798197276,DEFICIT_PRESSURE,1
6822.09,2026-06-16 10:00:00,26,29,14.657888809667725,28.313010408874234,13.65512159920651,13.65512159920651,SURPLUS_PRESSURE,2
6364.07,2026-06-16 10:00:00,18,23,17.86507303009279,28.106794032197723,10.241721002104931,10.241721002104931,SURPLUS_PRESSURE,3
6948.10,2026-06-16 10:00:00,35,51,21.927044915706364,29.315401251526247,7.388356335819882,7.388356335819882,SURPLUS_PRESSURE,4
6492.08,2026-06-16 10:00:00,14,33,22.922430687471323,29.448583333333335,6.5261526458620125,6.5261526458620125,SURPLUS_PRESSURE,5
5712.03,2026-06-16 10:00:00,31,37,26.929653947375996,31.897656177156183,4.968002229780186,4.968002229780186,SURPLUS_PRESSURE,6
6331.01,2026-06-16 10:00:00,16,37,19.892571432570513,24.46095245689502,4.5683810243245055,4.5683810243245055,SURPLUS_PRESSURE,7
5905.12,2026-06-16 10:00:00,23,25,19.549891578901487,23.36269194318193,3.8128003642804416,3.8128003642804416,SURPLUS_PRESSURE,8
5492.05,2026-06-16 10:00:00,12,17,17.474976032789783,20.98509174675909,3.5101157139693058,3.5101157139693058,SURPLUS_PRESSURE,9
6432.09,2026-06-16 10:00:00,32,33,17.65042014868724,20.8060485537789,3.1556284050916616,3.1556284050916616,SURPLUS_PRESSURE,10
6726.01,2026-06-16 10:00:00,22,21,12.138751957426702,9.393637387076392,-2.74511457035031,2.74511457035031,DEFICIT_PRESSURE,11
6912.01,2026-06-16 10:00:00,28,31,27.655767732702266,29.87841843987815,2.222650707175884,2.222650707175884,SURPLUS_PRESSURE,12
5905.14,2026-06-16 10:00:00,17,24,19.406862975697102,21.05672081608066,1.6498578403835573,1.6498578403835573,SURPLUS_PRESSURE,13
5763.03,2026-06-16 10:00:00,15,12,18.58742787010782,17.81779306291633,-0.7696348071914905,0.7696348071914905,DEFICIT_PRESSURE,14
5374.01,2026-06-16 10:00:00,16,17,18.996868338411133,18.22823714662095,-0.7686311917901847,0.7686311917901847,DEFICIT_PRESSURE,15
6072.06,2026-06-16 10:00:00,21,24,18.74843669769781,18.068617299868507,-0.6798193978293021,0.6798193978293021,DEFICIT_PRESSURE,16
6140.05,2026-06-16 10:00:00,30,44,34.926481732136345,34.4259204157514,-0.500561316384946,0.500561316384946,DEFICIT_PRESSURE,17
6233.04,2026-06-16 10:00:00,21,36,27.843962714848377,27.371193620072926,-0.47276909477545104,0.47276909477545104,DEFICIT_PRESSURE,18
6173.08,2026-06-16 10:00:00,17,21,19.149274375178916,18.91384972271703,-0.23542465246188726,0.23542465246188726,DEFICIT_PRESSURE,19
6459.07,2026-06-16 10:00:00,26,31,20.017893912221066,20.165565024902165,0.147671112681099,0.147671112681099,SURPLUS_PRESSURE,20
5980.10,2026-06-16 11:00:00,21,5,33.73703904566598,7.518220444465589,-26.21881860120039,26.21881860120039,DEFICIT_PRESSURE,1
6492.08,2026-06-16 11:00:00,23,26,18.243511529640227,25.935174915442275,7.691663385802048,7.691663385802048,SURPLUS_PRESSURE,2
6459.07,2026-06-16 11:00:00,15,15,16.677256397433702,23.522997573350246,6.845741175916544,6.845741175916544,SURPLUS_PRESSURE,3
6331.01,2026-06-16 11:00:00,22,50,20.957889823694003,27.18335968836121,6.2254698646672075,6.2254698646672075,SURPLUS_PRESSURE,4
6912.01,2026-06-16 11:00:00,28,22,26.24285424603352,32.33156489640716,6.088710650373638,6.088710650373638,SURPLUS_PRESSURE,5
5712.03,2026-06-16 11:00:00,25,19,33.916166166095024,28.43732223701011,-5.478843929084913,5.478843929084913,DEFICIT_PRESSURE,6
6233.04,2026-06-16 11:00:00,25,35,27.991119088685945,32.85463894329546,4.8635198546095175,4.8635198546095175,SURPLUS_PRESSURE,7
6072.06,2026-06-16 11:00:00,13,12,16.919805026645225,21.368541842799292,4.448736816154067,4.448736816154067,SURPLUS_PRESSURE,8
6726.01,2026-06-16 11:00:00,14,16,18.127283611953597,21.97046804024167,3.8431844282880725,3.8431844282880725,SURPLUS_PRESSURE,9
6822.09,2026-06-16 11:00:00,13,16,17.025534845397956,19.995577719434465,2.9700428740365084,2.9700428740365084,SURPLUS_PRESSURE,10
6140.05,2026-06-16 11:00:00,34,33,34.26172645355553,31.43486160791978,-2.826864845635754,2.826864845635754,DEFICIT_PRESSURE,11
5492.05,2026-06-16 11:00:00,27,25,19.123118498214666,17.49629521170429,-1.6268232865103762,1.6268232865103762,DEFICIT_PRESSURE,12
6948.10,2026-06-16 11:00:00,37,30,28.99115770903571,30.573167101609226,1.5820093925735144,1.5820093925735144,SURPLUS_PRESSURE,13
5763.03,2026-06-16 11:00:00,9,17,16.201330879201663,17.648116493024606,1.446785613822943,1.446785613822943,SURPLUS_PRESSURE,14
5374.01,2026-06-16 11:00:00,21,15,17.76417977667122,19.106997820692428,1.3428180440212074,1.3428180440212074,SURPLUS_PRESSURE,15
5905.12,2026-06-16 11:00:00,24,21,24.44028329800888,25.71503029165267,1.2747469936437916,1.2747469936437916,SURPLUS_PRESSURE,16
6173.08,2026-06-16 11:00:00,27,21,19.721964523490172,20.868728205438835,1.1467636819486628,1.1467636819486628,SURPLUS_PRESSURE,17
6432.09,2026-06-16 11:00:00,17,23,20.374172411881933,21.315716448540048,0.9415440366581151,0.9415440366581151,SURPLUS_PRESSURE,18
6364.07,2026-06-16 11:00:00,19,30,21.62006811860311,22.54098310758941,0.9209149889862971,0.9209149889862971,SURPLUS_PRESSURE,19
5905.14,2026-06-16 11:00:00,16,17,23.928229487957395,23.598616639118617,-0.32961284883877795,0.32961284883877795,DEFICIT_PRESSURE,20
5980.10,2026-06-16 12:00:00,37,10,28.707250158798278,5.465379820526746,-23.241870338271532,23.241870338271532,DEFICIT_PRESSURE,1
6331.01,2026-06-16 12:00:00,16,58,24.06765660572773,32.45618091880017,8.388524313072441,8.388524313072441,SURPLUS_PRESSURE,2
5374.01,2026-06-16 12:00:00,17,19,19.793806701231382,14.792360440925416,-5.001446260305967,5.001446260305967,DEFICIT_PRESSURE,3
5712.03,2026-06-16 12:00:00,20,21,30.66273658091568,25.78494124371288,-4.877795337202802,4.877795337202802,DEFICIT_PRESSURE,4
6173.08,2026-06-16 12:00:00,29,27,26.691576620162845,22.21334708113924,-4.478229539023605,4.478229539023605,DEFICIT_PRESSURE,5
5763.03,2026-06-16 12:00:00,17,18,14.960542501231503,19.39738482561509,4.436842324383589,4.436842324383589,SURPLUS_PRESSURE,6
6364.07,2026-06-16 12:00:00,17,52,19.46561052518143,23.557886873504767,4.092276348323338,4.092276348323338,SURPLUS_PRESSURE,7
6233.04,2026-06-16 12:00:00,22,28,29.21519376149081,33.13589786742117,3.920704105930362,3.920704105930362,SURPLUS_PRESSURE,8
6948.10,2026-06-16 12:00:00,31,31,33.631830060617524,29.75444484773009,-3.877385212887436,3.877385212887436,DEFICIT_PRESSURE,9
6492.08,2026-06-16 12:00:00,33,24,31.784439852660647,28.12472703384923,-3.6597128188114176,3.6597128188114176,DEFICIT_PRESSURE,10
6072.06,2026-06-16 12:00:00,13,14,17.006286392504297,19.366108008863034,2.3598216163587367,2.3598216163587367,SURPLUS_PRESSURE,11
6726.01,2026-06-16 12:00:00,24,29,18.631828538382305,20.456359828931383,1.8245312905490785,1.8245312905490785,SURPLUS_PRESSURE,12
5905.14,2026-06-16 12:00:00,21,20,24.000811545099804,25.431363082109794,1.4305515370099897,1.4305515370099897,SURPLUS_PRESSURE,13
6912.01,2026-06-16 12:00:00,38,32,31.0896644440326,31.91820464083797,0.8285401968053705,0.8285401968053705,SURPLUS_PRESSURE,14
6432.09,2026-06-16 12:00:00,14,12,15.105223720224076,15.79481871438191,0.689594994157833,0.689594994157833,SURPLUS_PRESSURE,15
6140.05,2026-06-16 12:00:00,45,43,30.23243898456786,30.88106008142717,0.6486210968593085,0.6486210968593085,SURPLUS_PRESSURE,16
5492.05,2026-06-16 12:00:00,22,24,18.675722562283966,19.0432370297088,0.36751446742483296,0.36751446742483296,SURPLUS_PRESSURE,17
6822.09,2026-06-16 12:00:00,23,17,20.452802614642096,20.118962656826426,-0.33383995781566966,0.33383995781566966,DEFICIT_PRESSURE,18
5905.12,2026-06-16 12:00:00,17,19,23.559537725138803,23.228499367831567,-0.33103835730723574,0.33103835730723574,DEFICIT_PRESSURE,19
6459.07,2026-06-16 12:00:00,27,18,18.84598683073009,19.08740202848951,0.24141519775941944,0.24141519775941944,SURPLUS_PRESSURE,20
5980.10,2026-06-16 13:00:00,41,5,31.409058360367194,10.163004328861449,-21.246054031505743,21.246054031505743,DEFICIT_PRESSURE,1
6331.01,2026-06-16 13:00:00,10,31,23.013209342270212,43.71846693553138,20.70525759326117,20.70525759326117,SURPLUS_PRESSURE,2
6364.07,2026-06-16 13:00:00,14,18,19.03933853559549,31.47487468184755,12.435536146252058,12.435536146252058,SURPLUS_PRESSURE,3
6726.01,2026-06-16 13:00:00,26,27,20.11064578282024,27.25317885995635,7.142533077136111,7.142533077136111,SURPLUS_PRESSURE,4
6459.07,2026-06-16 13:00:00,18,20,26.8146519815686,19.991767217714575,-6.822884763854024,6.822884763854024,DEFICIT_PRESSURE,5
6140.05,2026-06-16 13:00:00,42,33,36.70766602106874,32.0964746615432,-4.611191359525542,4.611191359525542,DEFICIT_PRESSURE,6
6072.06,2026-06-16 13:00:00,22,25,16.545998515459583,21.14176163886937,4.595763123409785,4.595763123409785,SURPLUS_PRESSURE,7
6822.09,2026-06-16 13:00:00,20,28,22.752081016649377,18.549294602374232,-4.202786414275145,4.202786414275145,DEFICIT_PRESSURE,8
5763.03,2026-06-16 13:00:00,18,14,17.273515850458534,20.95856633358057,3.685050483122037,3.685050483122037,SURPLUS_PRESSURE,9
6492.08,2026-06-16 13:00:00,33,27,31.161937142467835,27.750635941114982,-3.4113012013528525,3.4113012013528525,DEFICIT_PRESSURE,10
5905.14,2026-06-16 13:00:00,14,19,24.766035824029608,21.70402648343927,-3.062009340590336,3.062009340590336,DEFICIT_PRESSURE,11
6233.04,2026-06-16 13:00:00,31,19,31.437519794902006,28.486987644371634,-2.950532150530371,2.950532150530371,DEFICIT_PRESSURE,12
6173.08,2026-06-16 13:00:00,23,27,29.157220209915543,26.715519082430777,-2.441701127484766,2.441701127484766,DEFICIT_PRESSURE,13
6912.01,2026-06-16 13:00:00,33,21,32.616294633457585,30.513983736206487,-2.1023108972510975,2.1023108972510975,DEFICIT_PRESSURE,14
6948.10,2026-06-16 13:00:00,37,22,33.025260557529116,31.042992410149083,-1.982268147380033,1.982268147380033,DEFICIT_PRESSURE,15
6432.09,2026-06-16 13:00:00,24,14,13.062114323147048,14.841695225051643,1.7795809019045947,1.7795809019045947,SURPLUS_PRESSURE,16
5712.03,2026-06-16 13:00:00,25,27,25.519859131587555,27.00074654911155,1.480887417523995,1.480887417523995,SURPLUS_PRESSURE,17
5905.12,2026-06-16 13:00:00,27,21,24.83048246907912,25.91798598239889,1.0875035133197706,1.0875035133197706,SURPLUS_PRESSURE,18
5374.01,2026-06-16 13:00:00,20,21,19.56368428331076,19.979633229334844,0.41594894602408417,0.41594894602408417,SURPLUS_PRESSURE,19
5492.05,2026-06-16 13:00:00,25,25,23.91934574848069,23.59268043080362,-0.32666531767706886,0.32666531767706886,DEFICIT_PRESSURE,20
5980.10,2026-06-16 14:00:00,36,5,34.839174676799956,5.809149799570015,-29.03002487722994,29.03002487722994,DEFICIT_PRESSURE,1
6331.01,2026-06-16 14:00:00,18,43,19.031989597622488,39.07060563819295,20.038616040570464,20.038616040570464,SURPLUS_PRESSURE,2
6432.09,2026-06-16 14:00:00,22,15,25.503140886984905,18.971622987625068,-6.531517899359837,6.531517899359837,DEFICIT_PRESSURE,3
6173.08,2026-06-16 14:00:00,46,29,35.35574757629316,30.760931340391295,-4.594816235901867,4.594816235901867,DEFICIT_PRESSURE,4
6233.04,2026-06-16 14:00:00,31,30,30.282809718550475,26.170571784700947,-4.112237933849528,4.112237933849528,DEFICIT_PRESSURE,5
6140.05,2026-06-16 14:00:00,39,37,36.249813170057934,32.70553955845929,-3.5442736115986406,3.5442736115986406,DEFICIT_PRESSURE,6
6726.01,2026-06-16 14:00:00,24,32,27.03043135044064,29.709450196619535,2.679018846178895,2.679018846178895,SURPLUS_PRESSURE,7
5905.14,2026-06-16 14:00:00,20,20,24.441741201962454,27.015153202330634,2.5734120003681795,2.5734120003681795,SURPLUS_PRESSURE,8
6364.07,2026-06-16 14:00:00,35,16,19.798099004361966,22.21970047858092,2.421601474218953,2.421601474218953,SURPLUS_PRESSURE,9
5374.01,2026-06-16 14:00:00,19,20,23.26536941142579,25.686572577931425,2.4212031665056344,2.4212031665056344,SURPLUS_PRESSURE,10
6459.07,2026-06-16 14:00:00,24,25,25.107532039372582,26.950760490498052,1.8432284511254693,1.8432284511254693,SURPLUS_PRESSURE,11
6948.10,2026-06-16 14:00:00,38,27,29.451607982568262,27.683573134210818,-1.7680348483574448,1.7680348483574448,DEFICIT_PRESSURE,12
6912.01,2026-06-16 14:00:00,28,30,30.287447582909707,31.959229536669827,1.6717819537601208,1.6717819537601208,SURPLUS_PRESSURE,13
5712.03,2026-06-16 14:00:00,38,24,28.413121872240144,29.896522361215105,1.4834004889749615,1.4834004889749615,SURPLUS_PRESSURE,14
6492.08,2026-06-16 14:00:00,40,35,30.883360040412366,29.438589083855,-1.4447709565573668,1.4447709565573668,DEFICIT_PRESSURE,15
5492.05,2026-06-16 14:00:00,27,28,29.890457422610304,30.843529801162113,0.9530723785518092,0.9530723785518092,SURPLUS_PRESSURE,16
5905.12,2026-06-16 14:00:00,37,32,25.430230328164136,26.367608277007424,0.9373779488432881,0.9373779488432881,SURPLUS_PRESSURE,17
6822.09,2026-06-16 14:00:00,24,23,23.882143037992563,23.595510956686326,-0.2866320813062373,0.2866320813062373,DEFICIT_PRESSURE,18
6072.06,2026-06-16 14:00:00,17,18,20.52736539349748,20.79660280212959,0.26923740863211165,0.26923740863211165,SURPLUS_PRESSURE,19
5763.03,2026-06-16 14:00:00,22,20,18.526414752627872,18.74008340536225,0.21366865273437696,0.21366865273437696,SURPLUS_PRESSURE,20
5980.10,2026-06-16 15:00:00,30,9,37.01907505179801,4.899361624222611,-32.1197134275754,32.1197134275754,DEFICIT_PRESSURE,1
6331.01,2026-06-16 15:00:00,25,35,27.0493704925505,52.54938034943108,25.50000985688058,25.50000985688058,SURPLUS_PRESSURE,2
5763.03,2026-06-16 15:00:00,17,24,28.84412730195123,20.0559063871829,-8.788220914768328,8.788220914768328,DEFICIT_PRESSURE,3
6459.07,2026-06-16 15:00:00,18,15,20.146486950841144,28.21415044718447,8.067663496343325,8.067663496343325,SURPLUS_PRESSURE,4
6140.05,2026-06-16 15:00:00,42,38,38.63786668509265,32.141495446492094,-6.49637123860056,6.49637123860056,DEFICIT_PRESSURE,5
5905.12,2026-06-16 15:00:00,27,23,37.40125854172711,30.941504505865318,-6.459754035861792,6.459754035861792,DEFICIT_PRESSURE,6
5712.03,2026-06-16 15:00:00,31,24,38.32463379865175,32.11034868191321,-6.2142851167385444,6.2142851167385444,DEFICIT_PRESSURE,7
6173.08,2026-06-16 15:00:00,36,45,37.08757493029774,31.21823635439033,-5.86933857590741,5.86933857590741,DEFICIT_PRESSURE,8
6912.01,2026-06-16 15:00:00,29,42,36.30179200225334,30.765357880650384,-5.536434121602959,5.536434121602959,DEFICIT_PRESSURE,9
6822.09,2026-06-16 15:00:00,32,20,29.061239945203212,24.325265690585038,-4.735974254618174,4.735974254618174,DEFICIT_PRESSURE,10
6948.10,2026-06-16 15:00:00,40,39,37.524030766109576,33.81672060467206,-3.707310161437519,3.707310161437519,DEFICIT_PRESSURE,11
6233.04,2026-06-16 15:00:00,29,38,37.29119356774683,33.70964735918484,-3.5815462085619885,3.5815462085619885,DEFICIT_PRESSURE,12
6492.08,2026-06-16 15:00:00,28,29,33.15390888108486,31.17888009466584,-1.9750287864190206,1.9750287864190206,DEFICIT_PRESSURE,13
6364.07,2026-06-16 15:00:00,26,24,28.117906908039892,26.217511120352107,-1.9003957876877848,1.9003957876877848,DEFICIT_PRESSURE,14
5374.01,2026-06-16 15:00:00,24,21,25.832361090877093,23.99629331250232,-1.8360677783747725,1.8360677783747725,DEFICIT_PRESSURE,15
6432.09,2026-06-16 15:00:00,39,28,24.526273345712053,22.721630542063334,-1.8046428036487185,1.8046428036487185,DEFICIT_PRESSURE,16
6072.06,2026-06-16 15:00:00,21,26,24.15290502641948,25.41877905016456,1.2658740237450807,1.2658740237450807,SURPLUS_PRESSURE,17
5492.05,2026-06-16 15:00:00,24,24,29.21560485326402,30.34246506178943,1.126860208525411,1.126860208525411,SURPLUS_PRESSURE,18
6726.01,2026-06-16 15:00:00,37,33,29.203427435536604,30.193412289361845,0.9899848538252414,0.9899848538252414,SURPLUS_PRESSURE,19
5905.14,2026-06-16 15:00:00,33,28,29.898314185808466,29.783267087204134,-0.11504709860433238,0.11504709860433238,DEFICIT_PRESSURE,20
6822.09,2026-06-16 16:00:00,58,20,62.251909026935635,22.04457768851655,-40.20733133841908,40.20733133841908,DEFICIT_PRESSURE,1
5980.10,2026-06-16 16:00:00,47,5,40.85953300065232,10.995723949238707,-29.86380905141361,29.86380905141361,DEFICIT_PRESSURE,2
6492.08,2026-06-16 16:00:00,56,35,56.098273462738,31.437456356258675,-24.660817106479325,24.660817106479325,DEFICIT_PRESSURE,3
6331.01,2026-06-16 16:00:00,48,37,35.22654437144731,52.89238054081791,17.6658361693706,17.6658361693706,SURPLUS_PRESSURE,4
6173.08,2026-06-16 16:00:00,41,33,49.58087316415321,34.06112714246713,-15.519746021686082,15.519746021686082,DEFICIT_PRESSURE,5
6459.07,2026-06-16 16:00:00,34,33,34.78749810956873,23.54163030330017,-11.24586780626856,11.24586780626856,DEFICIT_PRESSURE,6
6912.01,2026-06-16 16:00:00,68,43,52.55020567016586,43.860668200823376,-8.689537469342483,8.689537469342483,DEFICIT_PRESSURE,7
5492.05,2026-06-16 16:00:00,45,32,33.800335667239985,27.55469281963306,-6.2456428476069235,6.2456428476069235,DEFICIT_PRESSURE,8
6364.07,2026-06-16 16:00:00,26,44,42.07054968627696,36.07882826722759,-5.9917214190493695,5.9917214190493695,DEFICIT_PRESSURE,9
5905.12,2026-06-16 16:00:00,44,31,37.306769910457504,32.18376635759766,-5.123003552859842,5.123003552859842,DEFICIT_PRESSURE,10
6140.05,2026-06-16 16:00:00,45,29,45.43391032270143,40.38241684615792,-5.051493476543506,5.051493476543506,DEFICIT_PRESSURE,11
6726.01,2026-06-16 16:00:00,22,35,39.88427158580639,44.11402862069501,4.229757034888621,4.229757034888621,SURPLUS_PRESSURE,12
5712.03,2026-06-16 16:00:00,30,32,38.5742368985488,35.12847479579586,-3.445762102752937,3.445762102752937,DEFICIT_PRESSURE,13
6432.09,2026-06-16 16:00:00,43,39,41.4645801106799,38.3764232218974,-3.0881568887824997,3.0881568887824997,DEFICIT_PRESSURE,14
5763.03,2026-06-16 16:00:00,24,15,25.81219492988938,28.01519430397132,2.2029993740819407,2.2029993740819407,SURPLUS_PRESSURE,15
6233.04,2026-06-16 16:00:00,37,37,45.494804010543476,47.55485274722223,2.060048736678752,2.060048736678752,SURPLUS_PRESSURE,16
5374.01,2026-06-16 16:00:00,24,33,26.133496032448,27.501495300113938,1.3679992676659367,1.3679992676659367,SURPLUS_PRESSURE,17
6948.10,2026-06-16 16:00:00,56,45,39.510282493218,38.89802760204515,-0.6122548911728529,0.6122548911728529,DEFICIT_PRESSURE,18
5905.14,2026-06-16 16:00:00,25,29,35.196501533054644,35.7003375655352,0.5038360324805566,0.5038360324805566,SURPLUS_PRESSURE,19
6072.06,2026-06-16 16:00:00,27,28,31.123154866862283,31.456836716836932,0.3336818499746492,0.3336818499746492,SURPLUS_PRESSURE,20
6492.08,2026-06-16 17:00:00,186,49,147.4894801587302,50.42472190175119,-97.06475825697902,97.06475825697902,DEFICIT_PRESSURE,1
5980.10,2026-06-16 17:00:00,63,8,68.54669147826543,7.8589921325876775,-60.68769934567775,60.68769934567775,DEFICIT_PRESSURE,2
6822.09,2026-06-16 17:00:00,87,34,82.73909180786046,39.04849593925218,-43.690595868608284,43.690595868608284,DEFICIT_PRESSURE,3
6173.08,2026-06-16 17:00:00,109,59,97.95209523809524,57.96450075952983,-39.98759447856541,39.98759447856541,DEFICIT_PRESSURE,4
6432.09,2026-06-16 17:00:00,80,55,91.72802976190476,55.08529925548507,-36.642730506419696,36.642730506419696,DEFICIT_PRESSURE,5
5374.01,2026-06-16 17:00:00,32,44,34.36007645784469,57.65433289772463,23.294256439879938,23.294256439879938,SURPLUS_PRESSURE,6
6459.07,2026-06-16 17:00:00,85,48,68.86930154095205,45.61830419300201,-23.25099734795004,23.25099734795004,DEFICIT_PRESSURE,7
6948.10,2026-06-16 17:00:00,45,49,70.43908331134277,49.05165189195954,-21.387431419383233,21.387431419383233,DEFICIT_PRESSURE,8
6726.01,2026-06-16 17:00:00,41,65,46.166824314574306,67.01046250773038,20.843638193156075,20.843638193156075,SURPLUS_PRESSURE,9
6912.01,2026-06-16 17:00:00,65,41,73.86669373371242,57.30381209360482,-16.562881640107605,16.562881640107605,DEFICIT_PRESSURE,10
6140.05,2026-06-16 17:00:00,75,63,72.98555769230768,57.36000257586359,-15.62555511644409,15.62555511644409,DEFICIT_PRESSURE,11
5492.05,2026-06-16 17:00:00,45,41,59.38845338015919,48.785072663370755,-10.603380716788436,10.603380716788436,DEFICIT_PRESSURE,12
5905.12,2026-06-16 17:00:00,42,42,60.602496654643325,51.599197619232136,-9.003299035411189,9.003299035411189,DEFICIT_PRESSURE,13
6072.06,2026-06-16 17:00:00,44,51,46.59079181313307,55.53559570914217,8.944803896009098,8.944803896009098,SURPLUS_PRESSURE,14
6331.01,2026-06-16 17:00:00,65,32,76.32772630392525,69.71998432539684,-6.607741978528409,6.607741978528409,DEFICIT_PRESSURE,15
6233.04,2026-06-16 17:00:00,55,56,65.10832846858301,58.56325106297469,-6.545077405608318,6.545077405608318,DEFICIT_PRESSURE,16
5905.14,2026-06-16 17:00:00,56,49,50.01410438082729,44.529116490155985,-5.484987890671306,5.484987890671306,DEFICIT_PRESSURE,17
6364.07,2026-06-16 17:00:00,57,56,59.07172697025197,62.080717518706415,3.0089905484544417,3.0089905484544417,SURPLUS_PRESSURE,18
5712.03,2026-06-16 17:00:00,57,61,62.726571428571454,61.04924888886051,-1.6773225397109428,1.6773225397109428,DEFICIT_PRESSURE,19
5763.03,2026-06-16 17:00:00,28,56,34.12574339863065,33.27806639661282,-0.847677002017825,0.847677002017825,DEFICIT_PRESSURE,20
5980.10,2026-06-16 18:00:00,54,7,62.873097510674086,13.054386524019629,-49.81871098665446,49.81871098665446,DEFICIT_PRESSURE,1
6432.09,2026-06-16 18:00:00,60,49,80.67214431091298,47.22460530005744,-33.44753901085554,33.44753901085554,DEFICIT_PRESSURE,2
6331.01,2026-06-16 18:00:00,95,35,75.13041968548582,42.47925492217656,-32.65116476330926,32.65116476330926,DEFICIT_PRESSURE,3
6822.09,2026-06-16 18:00:00,53,40,67.45664039271124,39.787639046700136,-27.6690013460111,27.6690013460111,DEFICIT_PRESSURE,4
6912.01,2026-06-16 18:00:00,41,41,64.95387023292075,40.71060138982402,-24.24326884309673,24.24326884309673,DEFICIT_PRESSURE,5
6173.08,2026-06-16 18:00:00,66,40,63.98585625901875,47.23544508441334,-16.75041117460541,16.75041117460541,DEFICIT_PRESSURE,6
6492.08,2026-06-16 18:00:00,46,38,57.65239639977207,41.78852237291574,-15.86387402685633,15.86387402685633,DEFICIT_PRESSURE,7
5763.03,2026-06-16 18:00:00,44,64,39.24915541288483,54.688155934946366,15.439000522061534,15.439000522061534,SURPLUS_PRESSURE,8
6364.07,2026-06-16 18:00:00,74,46,64.12487796329418,49.344261319088574,-14.780616644205608,14.780616644205608,DEFICIT_PRESSURE,9
6140.05,2026-06-16 18:00:00,74,58,77.08605916305918,65.10554120142311,-11.980517961636068,11.980517961636068,DEFICIT_PRESSURE,10
5712.03,2026-06-16 18:00:00,88,69,67.09032824850587,76.6407154761905,9.550387227684624,9.550387227684624,SURPLUS_PRESSURE,11
5492.05,2026-06-16 18:00:00,56,63,58.269415999111736,50.30492267975247,-7.9644933193592635,7.9644933193592635,DEFICIT_PRESSURE,12
6072.06,2026-06-16 18:00:00,52,57,58.32718958244247,50.73796445906575,-7.589225123376721,7.589225123376721,DEFICIT_PRESSURE,13
6459.07,2026-06-16 18:00:00,42,41,58.32618496430919,50.96102588086046,-7.365159083448731,7.365159083448731,DEFICIT_PRESSURE,14
6233.04,2026-06-16 18:00:00,84,68,73.32923798508267,66.09179719387755,-7.237440791205117,7.237440791205117,DEFICIT_PRESSURE,15
5905.14,2026-06-16 18:00:00,54,44,63.01369876724741,56.00965025402512,-7.004048513222294,7.004048513222294,DEFICIT_PRESSURE,16
5905.12,2026-06-16 18:00:00,70,66,48.02038027827942,41.323253109965556,-6.6971271683138625,6.6971271683138625,DEFICIT_PRESSURE,17
6726.01,2026-06-16 18:00:00,58,53,58.790375532301795,54.79528998945075,-3.9950855428510437,3.9950855428510437,DEFICIT_PRESSURE,18
6948.10,2026-06-16 18:00:00,52,47,47.17611592091713,44.92240568586817,-2.253710235048956,2.253710235048956,DEFICIT_PRESSURE,19
5374.01,2026-06-16 18:00:00,46,57,44.63961833893333,44.40565255603263,-0.2339657829007038,0.2339657829007038,DEFICIT_PRESSURE,20
6331.01,2026-06-16 19:00:00,55,31,62.62894513065439,27.47826897508522,-35.150676155569165,35.150676155569165,DEFICIT_PRESSURE,1
5980.10,2026-06-16 19:00:00,29,4,40.65424261234647,6.470563161286365,-34.18367945106011,34.18367945106011,DEFICIT_PRESSURE,2
5712.03,2026-06-16 19:00:00,60,47,68.96615430978878,48.51414200604782,-20.452012303740958,20.452012303740958,DEFICIT_PRESSURE,3
6822.09,2026-06-16 19:00:00,33,24,40.20186987823984,30.096597029225975,-10.105272849013865,10.105272849013865,DEFICIT_PRESSURE,4
5905.14,2026-06-16 19:00:00,39,36,42.56375694137261,33.238824536991245,-9.324932404381364,9.324932404381364,DEFICIT_PRESSURE,5
6173.08,2026-06-16 19:00:00,37,38,38.597802845172936,30.013374313721634,-8.584428531451302,8.584428531451302,DEFICIT_PRESSURE,6
6459.07,2026-06-16 19:00:00,38,42,28.25403811668636,36.360302021382374,8.106263904696014,8.106263904696014,SURPLUS_PRESSURE,7
6140.05,2026-06-16 19:00:00,46,45,45.850010507036814,40.0503721480361,-5.799638359000717,5.799638359000717,DEFICIT_PRESSURE,8
5763.03,2026-06-16 19:00:00,39,40,33.40494754537332,39.035484327343596,5.630536781970278,5.630536781970278,SURPLUS_PRESSURE,9
5374.01,2026-06-16 19:00:00,30,38,31.63886799298024,36.66278836457807,5.0239203715978284,5.0239203715978284,SURPLUS_PRESSURE,10
6726.01,2026-06-16 19:00:00,49,54,41.19377354290304,37.64228378637038,-3.5514897565326606,3.5514897565326606,DEFICIT_PRESSURE,11
6432.09,2026-06-16 19:00:00,33,32,29.5987634979635,26.883752253877642,-2.715011244085858,2.715011244085858,DEFICIT_PRESSURE,12
6912.01,2026-06-16 19:00:00,31,23,29.174629983157566,31.37269737508178,2.1980673919242157,2.1980673919242157,SURPLUS_PRESSURE,13
5492.05,2026-06-16 19:00:00,41,37,42.225657268116144,44.22336365048176,1.9977063823656138,1.9977063823656138,SURPLUS_PRESSURE,14
5905.12,2026-06-16 19:00:00,35,47,42.77041934018848,40.90722007607963,-1.8631992641088502,1.8631992641088502,DEFICIT_PRESSURE,15
6233.04,2026-06-16 19:00:00,79,70,71.23189080134026,69.70436520933785,-1.5275255920024051,1.5275255920024051,DEFICIT_PRESSURE,16
6364.07,2026-06-16 19:00:00,50,43,36.62764819860665,36.96578151134773,0.3381333127410784,0.3381333127410784,SURPLUS_PRESSURE,17
6948.10,2026-06-16 19:00:00,31,35,35.87394037816266,36.13322274836645,0.25928237020379186,0.25928237020379186,SURPLUS_PRESSURE,18
6492.08,2026-06-16 19:00:00,30,31,29.37135212229917,29.254926084198843,-0.11642603810032881,0.11642603810032881,DEFICIT_PRESSURE,19
6072.06,2026-06-16 19:00:00,46,41,37.86583688522154,37.82979159854714,-0.03604528667440121,0.03604528667440121,DEFICIT_PRESSURE,20
5980.10,2026-06-16 20:00:00,14,1,21.117399518523825,3.8074474802238814,-17.309952038299944,17.309952038299944,DEFICIT_PRESSURE,1
6233.04,2026-06-16 20:00:00,64,64,69.21316177835575,53.06706088295767,-16.146100895398085,16.146100895398085,DEFICIT_PRESSURE,2
5712.03,2026-06-16 20:00:00,39,31,49.444880114500826,33.85806925680565,-15.586810857695177,15.586810857695177,DEFICIT_PRESSURE,3
6331.01,2026-06-16 20:00:00,31,20,33.66932994324217,18.670572400103218,-14.99875754313895,14.99875754313895,DEFICIT_PRESSURE,4
6364.07,2026-06-16 20:00:00,49,20,36.14193820724728,25.317655230452516,-10.824282976794763,10.824282976794763,DEFICIT_PRESSURE,5
6072.06,2026-06-16 20:00:00,32,25,34.822528961701785,26.657298287816847,-8.165230673884938,8.165230673884938,DEFICIT_PRESSURE,6
5374.01,2026-06-16 20:00:00,42,30,23.888301343690404,29.87869770347385,5.990396359783446,5.990396359783446,SURPLUS_PRESSURE,7
6822.09,2026-06-16 20:00:00,17,16,22.02614200069851,16.371128322912828,-5.655013677785682,5.655013677785682,DEFICIT_PRESSURE,8
5492.05,2026-06-16 20:00:00,39,37,32.956414168847715,27.411524743544486,-5.544889425303229,5.544889425303229,DEFICIT_PRESSURE,9
6726.01,2026-06-16 20:00:00,31,31,35.91505885890023,40.649732389633826,4.734673530733595,4.734673530733595,SURPLUS_PRESSURE,10
5905.12,2026-06-16 20:00:00,39,25,28.56517869529629,32.917220791336305,4.352042096040016,4.352042096040016,SURPLUS_PRESSURE,11
6173.08,2026-06-16 20:00:00,17,15,20.710076096928606,24.97172641466514,4.261650317736535,4.261650317736535,SURPLUS_PRESSURE,12
6492.08,2026-06-16 20:00:00,24,24,20.41279192238839,24.137588612199693,3.7247966898113027,3.7247966898113027,SURPLUS_PRESSURE,13
6912.01,2026-06-16 20:00:00,20,22,22.866422664979233,19.632716954374843,-3.23370571060439,3.23370571060439,DEFICIT_PRESSURE,14
5905.14,2026-06-16 20:00:00,43,28,32.5991511730683,29.37085402335279,-3.228297149715509,3.228297149715509,DEFICIT_PRESSURE,15
6948.10,2026-06-16 20:00:00,25,24,25.39082115284306,27.64130689385106,2.2504857410079993,2.2504857410079993,SURPLUS_PRESSURE,16
6432.09,2026-06-16 20:00:00,17,16,18.075111697988344,15.867161045195214,-2.20795065279313,2.20795065279313,DEFICIT_PRESSURE,17
6459.07,2026-06-16 20:00:00,27,21,29.4751773481103,27.75512503215824,-1.72005231595206,1.72005231595206,DEFICIT_PRESSURE,18
5763.03,2026-06-16 20:00:00,57,48,31.95819849025526,33.33384054450298,1.3756420542477237,1.3756420542477237,SURPLUS_PRESSURE,19
6140.05,2026-06-16 20:00:00,34,33,34.4625138923604,35.106554198990935,0.6440403066305365,0.6440403066305365,SURPLUS_PRESSURE,20
5980.10,2026-06-16 21:00:00,17,2,19.671831162692655,1.4574152253823798,-18.214415937310275,18.214415937310275,DEFICIT_PRESSURE,1
6364.07,2026-06-16 21:00:00,13,13,27.705166407893138,15.691599026955753,-12.013567380937385,12.013567380937385,DEFICIT_PRESSURE,2
5905.14,2026-06-16 21:00:00,23,18,28.4221678304177,17.915579532586424,-10.506588297831275,10.506588297831275,DEFICIT_PRESSURE,3
5374.01,2026-06-16 21:00:00,36,20,28.945151722826157,19.326074668803386,-9.619077054022771,9.619077054022771,DEFICIT_PRESSURE,4
5763.03,2026-06-16 21:00:00,27,23,26.09515069549452,19.398187471017774,-6.696963224476747,6.696963224476747,DEFICIT_PRESSURE,5
6459.07,2026-06-16 21:00:00,14,15,22.28416087255159,16.466958132942175,-5.817202739609414,5.817202739609414,DEFICIT_PRESSURE,6
6140.05,2026-06-16 21:00:00,14,14,21.808047279673154,16.3021773059042,-5.505869973768956,5.505869973768956,DEFICIT_PRESSURE,7
5905.12,2026-06-16 21:00:00,25,23,22.709265334803543,17.62609466614545,-5.083170668658095,5.083170668658095,DEFICIT_PRESSURE,8
6331.01,2026-06-16 21:00:00,16,16,18.526799318384143,13.528253646006645,-4.998545672377498,4.998545672377498,DEFICIT_PRESSURE,9
6912.01,2026-06-16 21:00:00,11,12,17.50393913985247,12.537614390629038,-4.966324749223432,4.966324749223432,DEFICIT_PRESSURE,10
6822.09,2026-06-16 21:00:00,11,7,16.557314048497318,11.870235276020605,-4.687078772476713,4.687078772476713,DEFICIT_PRESSURE,11
5492.05,2026-06-16 21:00:00,23,25,21.830559605699037,17.233002135924,-4.597557469775037,4.597557469775037,DEFICIT_PRESSURE,12
6173.08,2026-06-16 21:00:00,4,4,13.02343718454712,8.544108536244511,-4.479328648302609,4.479328648302609,DEFICIT_PRESSURE,13
5712.03,2026-06-16 21:00:00,19,17,31.043561356171807,26.996608315075182,-4.046953041096625,4.046953041096625,DEFICIT_PRESSURE,14
6072.06,2026-06-16 21:00:00,24,23,18.54573555646812,15.461511246179123,-3.084224310288997,3.084224310288997,DEFICIT_PRESSURE,15
6948.10,2026-06-16 21:00:00,12,9,14.634022714022494,17.187474979184614,2.55345226516212,2.55345226516212,SURPLUS_PRESSURE,16
6233.04,2026-06-16 21:00:00,29,22,25.721451513445583,24.23437420202687,-1.4870773114187124,1.4870773114187124,DEFICIT_PRESSURE,17
6492.08,2026-06-16 21:00:00,10,8,13.950977229553391,15.124209549739685,1.173232320186294,1.173232320186294,SURPLUS_PRESSURE,18
6432.09,2026-06-16 21:00:00,15,15,12.18511950028091,11.680849758796864,-0.5042697414840465,0.5042697414840465,DEFICIT_PRESSURE,19
6726.01,2026-06-16 21:00:00,17,15,21.564991956099387,21.92761509532129,0.3626231392219026,0.3626231392219026,SURPLUS_PRESSURE,20
5980.10,2026-06-16 22:00:00,11,2,11.619291322992389,1.996589637376354,-9.622701685616034,9.622701685616034,DEFICIT_PRESSURE,1
6364.07,2026-06-16 22:00:00,21,22,14.532489475932623,9.280020659018277,-5.252468816914346,5.252468816914346,DEFICIT_PRESSURE,2
6072.06,2026-06-16 22:00:00,19,14,19.69829138025783,14.755872925806806,-4.942418454451026,4.942418454451026,DEFICIT_PRESSURE,3
6140.05,2026-06-16 22:00:00,5,6,14.826904315361446,9.917156125698693,-4.9097481896627535,4.9097481896627535,DEFICIT_PRESSURE,4
5374.01,2026-06-16 22:00:00,23,19,18.70141811952086,15.156146730131255,-3.5452713893896046,3.5452713893896046,DEFICIT_PRESSURE,5
5905.14,2026-06-16 22:00:00,10,11,17.229973787219397,13.798664698492752,-3.4313090887266444,3.4313090887266444,DEFICIT_PRESSURE,6
5492.05,2026-06-16 22:00:00,15,18,10.377681012638064,13.653614439955085,3.275933427317021,3.275933427317021,SURPLUS_PRESSURE,7
5763.03,2026-06-16 22:00:00,25,17,17.92751300954719,15.871187861285438,-2.0563251482617524,2.0563251482617524,DEFICIT_PRESSURE,8
6492.08,2026-06-16 22:00:00,8,8,9.605210389095667,7.860301844414384,-1.7449085446812829,1.7449085446812829,DEFICIT_PRESSURE,9
6948.10,2026-06-16 22:00:00,4,4,9.581790461493393,8.028106871982041,-1.5536835895113512,1.5536835895113512,DEFICIT_PRESSURE,10
5712.03,2026-06-16 22:00:00,18,22,20.43892549060769,18.933206273001748,-1.505719217605943,1.505719217605943,DEFICIT_PRESSURE,11
6459.07,2026-06-16 22:00:00,9,12,10.325330397272355,11.753463601255824,1.428133203983469,1.428133203983469,SURPLUS_PRESSURE,12
5905.12,2026-06-16 22:00:00,7,8,13.090135647614838,11.898786765820919,-1.1913488817939193,1.1913488817939193,DEFICIT_PRESSURE,13
6912.01,2026-06-16 22:00:00,8,6,7.511000651947426,8.53757456772809,1.0265739157806637,1.0265739157806637,SURPLUS_PRESSURE,14
6822.09,2026-06-16 22:00:00,6,9,6.298725756957554,7.125460793728308,0.8267350367707547,0.8267350367707547,SURPLUS_PRESSURE,15
6233.04,2026-06-16 22:00:00,1,1,13.163497854413206,12.341776246087829,-0.8217216083253778,0.8217216083253778,DEFICIT_PRESSURE,16
6726.01,2026-06-16 22:00:00,12,14,10.831557895012924,11.620385773239704,0.7888278782267797,0.7888278782267797,SURPLUS_PRESSURE,17
6173.08,2026-06-16 22:00:00,4,4,4.550413528474859,3.7750738058733306,-0.7753397226015286,0.7753397226015286,DEFICIT_PRESSURE,18
6432.09,2026-06-16 22:00:00,5,6,11.346064636089645,11.023111978268842,-0.32295265782080307,0.32295265782080307,DEFICIT_PRESSURE,19
6331.01,2026-06-16 22:00:00,12,7,10.411941878511259,10.382771945570221,-0.029169932941037757,0.029169932941037757,DEFICIT_PRESSURE,20
5980.10,2026-06-16 23:00:00,4,0,11.232769353886095,2.4711139770187684,-8.761655376867326,8.761655376867326,DEFICIT_PRESSURE,1
6364.07,2026-06-16 23:00:00,6,7,10.742342439037168,15.206736749183463,4.464394310146295,4.464394310146295,SURPLUS_PRESSURE,2
5763.03,2026-06-16 23:00:00,10,4,15.604180129836154,11.999749966629501,-3.6044301632066524,3.6044301632066524,DEFICIT_PRESSURE,3
5492.05,2026-06-16 23:00:00,10,16,15.527212173658874,11.957785145646822,-3.5694270280120524,3.5694270280120524,DEFICIT_PRESSURE,4
6072.06,2026-06-16 23:00:00,7,8,11.146829105981784,8.115168293733761,-3.031660812248022,3.031660812248022,DEFICIT_PRESSURE,5
6726.01,2026-06-16 23:00:00,7,7,9.11489809747933,11.45054522046108,2.335647122981751,2.335647122981751,SURPLUS_PRESSURE,6
6948.10,2026-06-16 23:00:00,6,6,5.448713338733094,3.714926397204808,-1.7337869415282858,1.7337869415282858,DEFICIT_PRESSURE,7
6331.01,2026-06-16 23:00:00,6,6,9.330518564902025,7.751976524980737,-1.5785420399212882,1.5785420399212882,DEFICIT_PRESSURE,8
6140.05,2026-06-16 23:00:00,12,7,4.144220276257427,5.696071445734669,1.5518511694772412,1.5518511694772412,SURPLUS_PRESSURE,9
5905.12,2026-06-16 23:00:00,7,7,7.04717945687141,8.16118293058004,1.11400347370863,1.11400347370863,SURPLUS_PRESSURE,10
6912.01,2026-06-16 23:00:00,4,4,4.278197657896372,3.333869998398959,-0.9443276594974126,0.9443276594974126,DEFICIT_PRESSURE,11
5905.14,2026-06-16 23:00:00,4,4,6.245299481963322,7.1692204247492155,0.9239209427858937,0.9239209427858937,SURPLUS_PRESSURE,12
6432.09,2026-06-16 23:00:00,3,5,5.134688347353387,5.961466725447934,0.8267783780945477,0.8267783780945477,SURPLUS_PRESSURE,13
6173.08,2026-06-16 23:00:00,3,3,3.3715444609324767,2.831134466042296,-0.5404099948901808,0.5404099948901808,DEFICIT_PRESSURE,14
6492.08,2026-06-16 23:00:00,2,4,6.297777751808036,6.825262724667044,0.5274849728590079,0.5274849728590079,SURPLUS_PRESSURE,15
6233.04,2026-06-16 23:00:00,1,1,1.7239398846481968,2.1378456579110714,0.4139057732628746,0.4139057732628746,SURPLUS_PRESSURE,16
5712.03,2026-06-16 23:00:00,13,17,16.398586986435078,16.765685953495364,0.36709896706028644,0.36709896706028644,SURPLUS_PRESSURE,17
6822.09,2026-06-16 23:00:00,9,13,5.463310677134342,5.723591070885976,0.2602803937516338,0.2602803937516338,SURPLUS_PRESSURE,18
6459.07,2026-06-16 23:00:00,5,11,8.62962405351321,8.814262100991977,0.18463804747876722,0.18463804747876722,SURPLUS_PRESSURE,19
5374.01,2026-06-16 23:00:00,8,9,14.005234993450385,13.973870343190324,-0.031364650260060856,0.031364650260060856,DEFICIT_PRESSURE,20
5980.10,2026-06-17 00:00:00,6,0,4.509142897412439,0.4847760408823808,-4.024366856530058,4.024366856530058,DEFICIT_PRESSURE,1
6364.07,2026-06-17 00:00:00,4,2,9.262776654430457,5.865580060816296,-3.3971965936141615,3.3971965936141615,DEFICIT_PRESSURE,2
6822.09,2026-06-17 00:00:00,6,4,6.620875279954046,9.779305634218222,3.1584303542641763,3.1584303542641763,SURPLUS_PRESSURE,3
5374.01,2026-06-17 00:00:00,5,8,6.888649565339692,4.051550286961367,-2.837099278378325,2.837099278378325,DEFICIT_PRESSURE,4
6459.07,2026-06-17 00:00:00,4,3,1.942048141935166,4.729492077845095,2.7874439359099292,2.7874439359099292,SURPLUS_PRESSURE,5
5763.03,2026-06-17 00:00:00,3,1,5.502475254093083,3.244133092001103,-2.25834216209198,2.25834216209198,DEFICIT_PRESSURE,6
6140.05,2026-06-17 00:00:00,1,1,7.735250189571047,5.802291956779576,-1.9329582327914707,1.9329582327914707,DEFICIT_PRESSURE,7
5492.05,2026-06-17 00:00:00,6,2,10.567378522949452,8.742823870832478,-1.8245546521169747,1.8245546521169747,DEFICIT_PRESSURE,8
5905.12,2026-06-17 00:00:00,6,5,5.602362703467219,4.190396126805156,-1.4119665766620626,1.4119665766620626,DEFICIT_PRESSURE,9
5712.03,2026-06-17 00:00:00,5,3,9.118477202219456,10.399930979157714,1.2814537769382586,1.2814537769382586,SURPLUS_PRESSURE,10
6492.08,2026-06-17 00:00:00,6,4,1.90655349231998,3.0213346826315175,1.1147811903115374,1.1147811903115374,SURPLUS_PRESSURE,11
6331.01,2026-06-17 00:00:00,2,8,3.3737430923599083,4.435939641946954,1.0621965495870453,1.0621965495870453,SURPLUS_PRESSURE,12
5905.14,2026-06-17 00:00:00,3,2,4.00979637143707,4.597340231102439,0.5875438596653693,0.5875438596653693,SURPLUS_PRESSURE,13
6432.09,2026-06-17 00:00:00,3,3,3.1620182113483457,3.636472720544151,0.47445450919580523,0.47445450919580523,SURPLUS_PRESSURE,14
6912.01,2026-06-17 00:00:00,2,2,2.349862187297425,2.68756901661843,0.33770682932100504,0.33770682932100504,SURPLUS_PRESSURE,15
6948.10,2026-06-17 00:00:00,3,3,2.829924339768591,3.1510192422187573,0.32109490245016614,0.32109490245016614,SURPLUS_PRESSURE,16
6072.06,2026-06-17 00:00:00,5,5,3.533883781581973,3.807454786094434,0.2735710045124611,0.2735710045124611,SURPLUS_PRESSURE,17
6726.01,2026-06-17 00:00:00,9,4,3.306749570706086,3.2358117975985565,-0.07093777310752936,0.07093777310752936,DEFICIT_PRESSURE,18
6173.08,2026-06-17 00:00:00,3,3,1.5727457279744854,1.623984182312974,0.051238454338488504,0.051238454338488504,SURPLUS_PRESSURE,19
6233.04,2026-06-17 00:00:00,0,0,1.3727389064867948,1.4037891780387566,0.031050271551961828,0.031050271551961828,SURPLUS_PRESSURE,20
6331.01,2026-06-17 01:00:00,3,0,1.2041037854189185,3.9850131495969787,2.7809093641780605,2.7809093641780605,SURPLUS_PRESSURE,1
6726.01,2026-06-17 01:00:00,1,3,4.201623525976344,1.4927252575033179,-2.708898268473026,2.708898268473026,DEFICIT_PRESSURE,2
5374.01,2026-06-17 01:00:00,2,4,2.1761980867777155,3.979870615589103,1.8036725288113873,1.8036725288113873,SURPLUS_PRESSURE,3
6822.09,2026-06-17 01:00:00,0,3,2.8696083525353235,1.2273244931209513,-1.6422838594143723,1.6422838594143723,DEFICIT_PRESSURE,4
6364.07,2026-06-17 01:00:00,1,4,2.0132816942765293,3.564079552984416,1.5507978587078868,1.5507978587078868,SURPLUS_PRESSURE,5
5980.10,2026-06-17 01:00:00,0,1,1.7238898091389154,0.32039301986574686,-1.4034967892731687,1.4034967892731687,DEFICIT_PRESSURE,6
6072.06,2026-06-17 01:00:00,4,1,3.9217468691972694,2.5823000776234273,-1.3394467915738422,1.3394467915738422,DEFICIT_PRESSURE,7
6432.09,2026-06-17 01:00:00,3,3,3.3626990537567973,2.4321158087216017,-0.9305832450351956,0.9305832450351956,DEFICIT_PRESSURE,8
6459.07,2026-06-17 01:00:00,2,4,1.7005929719312431,2.5529614462668078,0.8523684743355646,0.8523684743355646,SURPLUS_PRESSURE,9
5712.03,2026-06-17 01:00:00,2,2,3.257727847639052,2.451227646427942,-0.8065002012111098,0.8065002012111098,DEFICIT_PRESSURE,10
6492.08,2026-06-17 01:00:00,1,1,1.9332387452201625,1.1984158131012388,-0.7348229321189237,0.7348229321189237,DEFICIT_PRESSURE,11
5763.03,2026-06-17 01:00:00,6,4,1.580552352182492,2.244299992929622,0.6637476407471299,0.6637476407471299,SURPLUS_PRESSURE,12
5905.12,2026-06-17 01:00:00,2,5,2.5072509369799123,3.017806204758506,0.5105552677785936,0.5105552677785936,SURPLUS_PRESSURE,13
5492.05,2026-06-17 01:00:00,7,3,1.6867449282768674,1.1841343269498814,-0.502610601326986,0.502610601326986,DEFICIT_PRESSURE,14
6140.05,2026-06-17 01:00:00,0,1,1.69736783170362,2.0280434710187105,0.3306756393150905,0.3306756393150905,SURPLUS_PRESSURE,15
6948.10,2026-06-17 01:00:00,0,0,1.418437458598524,1.7042246944933133,0.28578723589478927,0.28578723589478927,SURPLUS_PRESSURE,16
6173.08,2026-06-17 01:00:00,1,1,0.800911681742667,1.0584658040425179,0.25755412229985086,0.25755412229985086,SURPLUS_PRESSURE,17
6233.04,2026-06-17 01:00:00,0,0,0.38291557959630745,0.2052038760584362,-0.17771170353787125,0.17771170353787125,DEFICIT_PRESSURE,18
6912.01,2026-06-17 01:00:00,0,1,0.916724438832963,0.831105666286696,-0.08561877254626693,0.08561877254626693,DEFICIT_PRESSURE,19
5905.14,2026-06-17 01:00:00,1,1,2.4008790779505214,2.318144276526986,-0.0827348014235354,0.0827348014235354,DEFICIT_PRESSURE,20
5763.03,2026-06-17 02:00:00,1,0,2.9390063043009578,1.426300160812979,-1.5127061434879787,1.5127061434879787,DEFICIT_PRESSURE,1
5374.01,2026-06-17 02:00:00,1,2,1.0965229206052227,2.281522092577488,1.1849991719722655,1.1849991719722655,SURPLUS_PRESSURE,2
6364.07,2026-06-17 02:00:00,3,1,1.8420948460074356,2.926016727440173,1.0839218814327376,1.0839218814327376,SURPLUS_PRESSURE,3
6912.01,2026-06-17 02:00:00,0,1,0.3790301617682018,1.4554448583841266,1.0764146966159247,1.0764146966159247,SURPLUS_PRESSURE,4
6822.09,2026-06-17 02:00:00,0,0,1.4090843469958676,2.38143264479304,0.9723482977971725,0.9723482977971725,SURPLUS_PRESSURE,5
6331.01,2026-06-17 02:00:00,0,2,1.2119870105849038,0.29277460368749114,-0.9192124068974126,0.9192124068974126,DEFICIT_PRESSURE,6
6072.06,2026-06-17 02:00:00,2,1,1.7867993856625466,0.9469541602031358,-0.8398452254594108,0.8398452254594108,DEFICIT_PRESSURE,7
6726.01,2026-06-17 02:00:00,2,3,0.6484624055611077,1.3389678950191513,0.6905054894580436,0.6905054894580436,SURPLUS_PRESSURE,8
6140.05,2026-06-17 02:00:00,1,0,1.5178711339321576,0.9271630372717062,-0.5907080966604513,0.5907080966604513,DEFICIT_PRESSURE,9
5905.12,2026-06-17 02:00:00,2,0,1.2033321269502795,1.7679376636301205,0.564605536679841,0.564605536679841,SURPLUS_PRESSURE,10
6492.08,2026-06-17 02:00:00,1,0,0.6939608095473634,1.1482231329406034,0.45426232339324,0.45426232339324,SURPLUS_PRESSURE,11
5980.10,2026-06-17 02:00:00,1,0,0.6005407738909134,0.2913204548786196,-0.30922031901229385,0.30922031901229385,DEFICIT_PRESSURE,12
5905.14,2026-06-17 02:00:00,0,0,1.0068957272604784,1.256587249200344,0.24969152193986566,0.24969152193986566,SURPLUS_PRESSURE,13
5492.05,2026-06-17 02:00:00,0,0,1.5567764774932755,1.716765485134438,0.15998900764116253,0.15998900764116253,SURPLUS_PRESSURE,14
6173.08,2026-06-17 02:00:00,0,0,0.6382458063006824,0.49656474942025175,-0.14168105688043064,0.14168105688043064,DEFICIT_PRESSURE,15
6948.10,2026-06-17 02:00:00,0,0,0.4055191716702303,0.5312896790234435,0.12577050735321316,0.12577050735321316,SURPLUS_PRESSURE,16
6459.07,2026-06-17 02:00:00,3,0,1.5111525556418932,1.619704026416795,0.10855147077490179,0.10855147077490179,SURPLUS_PRESSURE,17
6233.04,2026-06-17 02:00:00,0,0,0.29825521012782014,0.19288913089709964,-0.1053660792307205,0.1053660792307205,DEFICIT_PRESSURE,18
6432.09,2026-06-17 02:00:00,0,0,1.3722441585189238,1.29358653122682,-0.0786576272921038,0.0786576272921038,DEFICIT_PRESSURE,19
5712.03,2026-06-17 02:00:00,2,0,1.0314348934927167,1.0647759604836573,0.03334106699094064,0.03334106699094064,SURPLUS_PRESSURE,20
6726.01,2026-06-17 03:00:00,1,1,0.6593313121668137,2.6018729146710724,1.9425416025042588,1.9425416025042588,SURPLUS_PRESSURE,1
6364.07,2026-06-17 03:00:00,2,1,3.435877735984414,1.5803264254630398,-1.8555513105213741,1.8555513105213741,DEFICIT_PRESSURE,2
5763.03,2026-06-17 03:00:00,1,0,1.060560451736248,0.2952488764168432,-0.7653115753194046,0.7653115753194046,DEFICIT_PRESSURE,3
6331.01,2026-06-17 03:00:00,0,0,0.7673689357298477,1.5166455136890864,0.7492765779592387,0.7492765779592387,SURPLUS_PRESSURE,4
6459.07,2026-06-17 03:00:00,0,0,0.9689486081271755,0.46081956460166446,-0.508129043525511,0.508129043525511,DEFICIT_PRESSURE,5
5712.03,2026-06-17 03:00:00,0,0,1.0425234702563442,0.5620376467244429,-0.4804858235319013,0.4804858235319013,DEFICIT_PRESSURE,6
6072.06,2026-06-17 03:00:00,0,0,0.9090960833403021,0.4811801986974503,-0.4279158846428518,0.4279158846428518,DEFICIT_PRESSURE,7
5374.01,2026-06-17 03:00:00,0,0,1.0962243187075804,1.4300071471261016,0.33378282841852114,0.33378282841852114,SURPLUS_PRESSURE,8
6492.08,2026-06-17 03:00:00,0,0,0.6812886185268909,0.3634836088071399,-0.317805009719751,0.317805009719751,DEFICIT_PRESSURE,9
6140.05,2026-06-17 03:00:00,0,0,0.7254506605139116,0.41579317784304515,-0.30965748267086646,0.30965748267086646,DEFICIT_PRESSURE,10
5980.10,2026-06-17 03:00:00,0,0,0.5222303658743573,0.22422545764547552,-0.2980049082288818,0.2980049082288818,DEFICIT_PRESSURE,11
6233.04,2026-06-17 03:00:00,0,0,0.4455568941911105,0.188024079352824,-0.2575328148382865,0.2575328148382865,DEFICIT_PRESSURE,12
6822.09,2026-06-17 03:00:00,0,0,0.41024702778522737,0.6090440619148985,0.1987970341296711,0.1987970341296711,SURPLUS_PRESSURE,13
5492.05,2026-06-17 03:00:00,0,0,0.3568615773161406,0.5262969153311977,0.1694353380150571,0.1694353380150571,SURPLUS_PRESSURE,14
6173.08,2026-06-17 03:00:00,0,0,0.3856115805355077,0.24576258481770835,-0.13984899571779935,0.13984899571779935,DEFICIT_PRESSURE,15
6432.09,2026-06-17 03:00:00,0,0,0.40672685107300055,0.2858323196498727,-0.12089453142312784,0.12089453142312784,DEFICIT_PRESSURE,16
5905.12,2026-06-17 03:00:00,1,1,0.8627247893098098,0.7593939488154439,-0.10333084049436592,0.10333084049436592,DEFICIT_PRESSURE,17
6912.01,2026-06-17 03:00:00,0,0,0.6687609762173915,0.7550783343732839,0.08631735815589237,0.08631735815589237,SURPLUS_PRESSURE,18
6948.10,2026-06-17 03:00:00,0,1,0.33873935243780684,0.2559228394229614,-0.08281651301484544,0.08281651301484544,DEFICIT_PRESSURE,19
5905.14,2026-06-17 03:00:00,0,0,0.46935840395602924,0.4040321511726372,-0.06532625278339205,0.06532625278339205,DEFICIT_PRESSURE,20
6364.07,2026-06-17 04:00:00,0,1,3.379952292274701,1.0395807208126717,-2.3403715714620295,2.3403715714620295,DEFICIT_PRESSURE,1
5712.03,2026-06-17 04:00:00,0,2,0.8204197788678732,2.6157500448956994,1.7953302660278263,1.7953302660278263,SURPLUS_PRESSURE,2
6140.05,2026-06-17 04:00:00,0,1,0.7400997934705148,2.1877182306675413,1.4476184371970264,1.4476184371970264,SURPLUS_PRESSURE,3
6331.01,2026-06-17 04:00:00,1,3,0.798322055734758,1.9231466696037145,1.1248246138689564,1.1248246138689564,SURPLUS_PRESSURE,4
5905.12,2026-06-17 04:00:00,0,2,0.8493357350749241,1.9611441097938587,1.1118083747189345,1.1118083747189345,SURPLUS_PRESSURE,5
5905.14,2026-06-17 04:00:00,0,2,0.5039571082275888,1.4318823840402386,0.9279252758126498,0.9279252758126498,SURPLUS_PRESSURE,6
6912.01,2026-06-17 04:00:00,0,1,0.4558681028371626,1.2412208949522034,0.7853527921150408,0.7853527921150408,SURPLUS_PRESSURE,7
6822.09,2026-06-17 04:00:00,0,2,0.8987774258818697,1.603372536364216,0.7045951104823462,0.7045951104823462,SURPLUS_PRESSURE,8
6948.10,2026-06-17 04:00:00,0,0,0.40758443173006575,1.0957830718853645,0.6881986401552987,0.6881986401552987,SURPLUS_PRESSURE,9
6492.08,2026-06-17 04:00:00,0,1,0.5459986306017407,1.0861414793055362,0.5401428487037955,0.5401428487037955,SURPLUS_PRESSURE,10
5980.10,2026-06-17 04:00:00,0,0,0.7093205332097634,0.24625892288956067,-0.46306161032020277,0.46306161032020277,DEFICIT_PRESSURE,11
5374.01,2026-06-17 04:00:00,0,1,1.218106137006754,1.6706041647053977,0.45249802769864367,0.45249802769864367,SURPLUS_PRESSURE,12
6072.06,2026-06-17 04:00:00,0,0,0.611586507457754,0.2983037419008559,-0.3132827655568981,0.3132827655568981,DEFICIT_PRESSURE,13
6726.01,2026-06-17 04:00:00,0,2,1.5063242030394433,1.80451093704661,0.29818673400716666,0.29818673400716666,SURPLUS_PRESSURE,14
5763.03,2026-06-17 04:00:00,1,2,1.6449618380714088,1.8898018896832576,0.24484005161184874,0.24484005161184874,SURPLUS_PRESSURE,15
6173.08,2026-06-17 04:00:00,0,1,0.5133698448596204,0.29013937729844924,-0.2232304675611712,0.2232304675611712,DEFICIT_PRESSURE,16
5492.05,2026-06-17 04:00:00,2,0,0.5578864399563693,0.38113111168146785,-0.17675532827490148,0.17675532827490148,DEFICIT_PRESSURE,17
6459.07,2026-06-17 04:00:00,0,1,0.5514789999364638,0.6451415705032421,0.09366257056677829,0.09366257056677829,SURPLUS_PRESSURE,18
6233.04,2026-06-17 04:00:00,0,0,0.29827382616528686,0.20674463160310283,-0.09152919456218403,0.09152919456218403,DEFICIT_PRESSURE,19
6432.09,2026-06-17 04:00:00,1,0,0.5088095538794158,0.505823184630052,-0.002986369249363796,0.002986369249363796,DEFICIT_PRESSURE,20
6233.04,2026-06-17 05:00:00,1,27,0.725781424764633,20.118758553287833,19.3929771285232,19.3929771285232,SURPLUS_PRESSURE,1
6822.09,2026-06-17 05:00:00,5,9,3.065888426484254,7.633503876087806,4.567615449603553,4.567615449603553,SURPLUS_PRESSURE,2
5905.14,2026-06-17 05:00:00,4,8,2.1572252911441288,6.709246546484143,4.552021255340014,4.552021255340014,SURPLUS_PRESSURE,3
6173.08,2026-06-17 05:00:00,0,3,0.8453182174588165,5.020830906496543,4.175512689037726,4.175512689037726,SURPLUS_PRESSURE,4
6459.07,2026-06-17 05:00:00,7,3,3.9316682984904916,1.762900443543131,-2.168767854947361,2.168767854947361,DEFICIT_PRESSURE,5
6912.01,2026-06-17 05:00:00,0,1,1.1032447865105095,3.0052843462809187,1.9020395597704092,1.9020395597704092,SURPLUS_PRESSURE,6
6331.01,2026-06-17 05:00:00,9,8,8.253556348873246,6.384725962746569,-1.8688303861266773,1.8688303861266773,DEFICIT_PRESSURE,7
6726.01,2026-06-17 05:00:00,4,2,4.098181808788839,2.800072193425365,-1.2981096153634737,1.2981096153634737,DEFICIT_PRESSURE,8
6432.09,2026-06-17 05:00:00,5,8,7.384699103740643,6.306936606514316,-1.0777624972263267,1.0777624972263267,DEFICIT_PRESSURE,9
6364.07,2026-06-17 05:00:00,2,1,4.483007375241608,3.5258054903548013,-0.9572018848868069,0.9572018848868069,DEFICIT_PRESSURE,10
5763.03,2026-06-17 05:00:00,3,1,2.610084046202147,1.7545697159694003,-0.8555143302327468,0.8555143302327468,DEFICIT_PRESSURE,11
5374.01,2026-06-17 05:00:00,1,3,1.2872968024777875,2.1163232664027762,0.8290264639249887,0.8290264639249887,SURPLUS_PRESSURE,12
6492.08,2026-06-17 05:00:00,2,2,2.5338917722638015,3.27139965404362,0.7375078817798184,0.7375078817798184,SURPLUS_PRESSURE,13
6140.05,2026-06-17 05:00:00,2,6,3.2457812239579265,3.922756750788443,0.6769755268305166,0.6769755268305166,SURPLUS_PRESSURE,14
5712.03,2026-06-17 05:00:00,6,4,3.0688013012474173,3.5626117388878895,0.49381043764047217,0.49381043764047217,SURPLUS_PRESSURE,15
5492.05,2026-06-17 05:00:00,3,0,1.8102698817347376,1.4351536408328298,-0.37511624090190776,0.37511624090190776,DEFICIT_PRESSURE,16
6072.06,2026-06-17 05:00:00,3,1,1.36490657982812,1.7292159296704197,0.3643093498422998,0.3643093498422998,SURPLUS_PRESSURE,17
5980.10,2026-06-17 05:00:00,0,2,0.8721361383970178,0.6411592765942171,-0.23097686180280064,0.23097686180280064,DEFICIT_PRESSURE,18
5905.12,2026-06-17 05:00:00,6,5,2.90148183748807,2.7691160463294593,-0.1323657911586107,0.1323657911586107,DEFICIT_PRESSURE,19
6948.10,2026-06-17 05:00:00,3,2,2.56682320366588,2.558498345094796,-0.008324858571084004,0.008324858571084004,DEFICIT_PRESSURE,20
6822.09,2026-06-17 06:00:00,13,57,14.176209361493203,48.33098599439778,34.15477663290457,34.15477663290457,SURPLUS_PRESSURE,1
6233.04,2026-06-17 06:00:00,6,21,10.653367801494648,22.18334277986891,11.52997497837426,11.52997497837426,SURPLUS_PRESSURE,2
6432.09,2026-06-17 06:00:00,15,32,17.110453769777425,28.26983825589384,11.159384486116416,11.159384486116416,SURPLUS_PRESSURE,3
6726.01,2026-06-17 06:00:00,20,6,15.21171865537517,6.628835252504652,-8.582883402870518,8.582883402870518,DEFICIT_PRESSURE,4
6912.01,2026-06-17 06:00:00,6,17,8.353683498090335,16.075537146032158,7.721853647941822,7.721853647941822,SURPLUS_PRESSURE,5
6364.07,2026-06-17 06:00:00,5,4,12.730169583299611,5.224658114079448,-7.505511469220163,7.505511469220163,DEFICIT_PRESSURE,6
6173.08,2026-06-17 06:00:00,7,9,6.781669017377989,13.501641506530277,6.719972489152288,6.719972489152288,SURPLUS_PRESSURE,7
5980.10,2026-06-17 06:00:00,6,0,8.22385028446288,2.1731899361702585,-6.050660348292622,6.050660348292622,DEFICIT_PRESSURE,8
5905.12,2026-06-17 06:00:00,9,17,11.022542613961289,16.926990464603538,5.904447850642249,5.904447850642249,SURPLUS_PRESSURE,9
5712.03,2026-06-17 06:00:00,11,27,13.101274688203892,18.902472342085538,5.801197653881646,5.801197653881646,SURPLUS_PRESSURE,10
6140.05,2026-06-17 06:00:00,10,16,11.989700977940766,17.014403721866444,5.024702743925678,5.024702743925678,SURPLUS_PRESSURE,11
5763.03,2026-06-17 06:00:00,13,7,9.015589913750487,4.034469422034837,-4.98112049171565,4.98112049171565,DEFICIT_PRESSURE,12
6948.10,2026-06-17 06:00:00,12,11,9.64184170370495,13.41902547298622,3.7771837692812706,3.7771837692812706,SURPLUS_PRESSURE,13
6331.01,2026-06-17 06:00:00,22,16,13.73720100413675,17.433684031064594,3.6964830269278437,3.6964830269278437,SURPLUS_PRESSURE,14
6072.06,2026-06-17 06:00:00,4,4,8.343186297676388,4.760157064101583,-3.5830292335748046,3.5830292335748046,DEFICIT_PRESSURE,15
5905.14,2026-06-17 06:00:00,14,15,10.348370182307429,13.481143753615138,3.132773571307709,3.132773571307709,SURPLUS_PRESSURE,16
5492.05,2026-06-17 06:00:00,8,5,7.249594411596372,5.054808642900985,-2.194785768695387,2.194785768695387,DEFICIT_PRESSURE,17
6459.07,2026-06-17 06:00:00,9,9,9.901557285654148,7.760336392974386,-2.141220892679762,2.141220892679762,DEFICIT_PRESSURE,18
6492.08,2026-06-17 06:00:00,12,11,11.596028429575721,13.447636186138208,1.8516077565624869,1.8516077565624869,SURPLUS_PRESSURE,19
5374.01,2026-06-17 06:00:00,6,8,9.849357984027597,9.603977621725498,-0.24538036230209848,0.24538036230209848,DEFICIT_PRESSURE,20
6822.09,2026-06-17 07:00:00,25,48,30.033262120401755,50.26431085541058,20.231048735008823,20.231048735008823,SURPLUS_PRESSURE,1
6726.01,2026-06-17 07:00:00,39,14,31.33237386780165,13.328309705997347,-18.0040641618043,18.0040641618043,DEFICIT_PRESSURE,2
6432.09,2026-06-17 07:00:00,55,61,41.07082142857143,57.588788887199755,16.517967458628327,16.517967458628327,SURPLUS_PRESSURE,3
5712.03,2026-06-17 07:00:00,21,51,26.00764791726436,39.43509468053242,13.427446763268062,13.427446763268062,SURPLUS_PRESSURE,4
5980.10,2026-06-17 07:00:00,13,4,15.462256120568286,2.240124663558093,-13.222131457010192,13.222131457010192,DEFICIT_PRESSURE,5
6492.08,2026-06-17 07:00:00,31,52,27.85918852543853,38.73966250343933,10.880473978000797,10.880473978000797,SURPLUS_PRESSURE,6
5763.03,2026-06-17 07:00:00,23,13,16.926641436899043,8.836028553008145,-8.090612883890898,8.090612883890898,DEFICIT_PRESSURE,7
5905.12,2026-06-17 07:00:00,18,24,17.654075920937707,25.419630344975662,7.765554424037955,7.765554424037955,SURPLUS_PRESSURE,8
5374.01,2026-06-17 07:00:00,12,24,19.963248467311452,12.589510832184141,-7.373737635127311,7.373737635127311,DEFICIT_PRESSURE,9
6173.08,2026-06-17 07:00:00,14,22,14.266906219069773,20.084076226671563,5.81717000760179,5.81717000760179,SURPLUS_PRESSURE,10
6140.05,2026-06-17 07:00:00,19,33,19.36239734039449,24.910786473458913,5.548389133064422,5.548389133064422,SURPLUS_PRESSURE,11
5905.14,2026-06-17 07:00:00,16,25,19.54067898519667,24.413432107034787,4.872753121838116,4.872753121838116,SURPLUS_PRESSURE,12
5492.05,2026-06-17 07:00:00,12,19,10.336973894859666,15.031612213343626,4.69463831848396,4.69463831848396,SURPLUS_PRESSURE,13
6364.07,2026-06-17 07:00:00,13,15,13.643053743902655,16.474956625036747,2.8319028811340914,2.8319028811340914,SURPLUS_PRESSURE,14
6912.01,2026-06-17 07:00:00,14,30,18.509911209984175,20.689602838071025,2.17969162808685,2.17969162808685,SURPLUS_PRESSURE,15
6331.01,2026-06-17 07:00:00,39,39,26.660907823272098,24.93546096802163,-1.7254468552504676,1.7254468552504676,DEFICIT_PRESSURE,16
6233.04,2026-06-17 07:00:00,34,28,26.895356442577032,25.568578364602153,-1.326778077974879,1.326778077974879,DEFICIT_PRESSURE,17
6459.07,2026-06-17 07:00:00,22,25,19.143733857543815,20.306512292085838,1.1627784345420231,1.1627784345420231,SURPLUS_PRESSURE,18
6072.06,2026-06-17 07:00:00,9,12,16.52321755053078,16.058268492038582,-0.4649490584921985,0.4649490584921985,DEFICIT_PRESSURE,19
6948.10,2026-06-17 07:00:00,30,25,20.527755412735242,20.508653564326018,-0.019101848409224687,0.019101848409224687,DEFICIT_PRESSURE,20
6492.08,2026-06-17 08:00:00,59,141,47.60799594380009,140.0024265873015,92.39443064350141,92.39443064350141,SURPLUS_PRESSURE,1
6459.07,2026-06-17 08:00:00,44,86,41.24005174001737,80.6154722222222,39.375420482204824,39.375420482204824,SURPLUS_PRESSURE,2
5980.10,2026-06-17 08:00:00,51,9,39.37447496622765,8.86641185175593,-30.508063114471724,30.508063114471724,DEFICIT_PRESSURE,3
5905.12,2026-06-17 08:00:00,27,55,31.02631112131238,57.52875473844619,26.50244361713381,26.50244361713381,SURPLUS_PRESSURE,4
6173.08,2026-06-17 08:00:00,33,71,35.856416581784224,61.97704618569415,26.120629603909926,26.120629603909926,SURPLUS_PRESSURE,5
6822.09,2026-06-17 08:00:00,51,69,39.941736676925345,63.099222331689816,23.15748565476447,23.15748565476447,SURPLUS_PRESSURE,6
6140.05,2026-06-17 08:00:00,78,75,43.41305002745757,64.94310093804962,21.530050910592053,21.530050910592053,SURPLUS_PRESSURE,7
6912.01,2026-06-17 08:00:00,32,60,33.41882832744598,51.20115577835331,17.78232745090733,17.78232745090733,SURPLUS_PRESSURE,8
6432.09,2026-06-17 08:00:00,59,79,58.73574695818824,72.22885535714283,13.493108398954597,13.493108398954597,SURPLUS_PRESSURE,9
6726.01,2026-06-17 08:00:00,29,26,35.74880109164498,22.70271116006487,-13.04608993158011,13.04608993158011,DEFICIT_PRESSURE,10
6233.04,2026-06-17 08:00:00,56,44,48.70209101307271,36.315982559104675,-12.386108453968035,12.386108453968035,DEFICIT_PRESSURE,11
5905.14,2026-06-17 08:00:00,36,48,28.24507538569328,38.09237958684607,9.847304201152792,9.847304201152792,SURPLUS_PRESSURE,12
5712.03,2026-06-17 08:00:00,67,72,55.111763611388625,64.82513780663783,9.713374195249202,9.713374195249202,SURPLUS_PRESSURE,13
5374.01,2026-06-17 08:00:00,50,18,30.931653406387696,22.841368374446898,-8.090285031940798,8.090285031940798,DEFICIT_PRESSURE,14
6331.01,2026-06-17 08:00:00,48,50,36.797883690037295,44.318450844738436,7.520567154701141,7.520567154701141,SURPLUS_PRESSURE,15
5763.03,2026-06-17 08:00:00,31,28,26.29439608321533,19.540361205010992,-6.754034878204337,6.754034878204337,DEFICIT_PRESSURE,16
5492.05,2026-06-17 08:00:00,30,41,32.235712020080285,37.827394913221305,5.591682893141019,5.591682893141019,SURPLUS_PRESSURE,17
6072.06,2026-06-17 08:00:00,23,21,28.06781957176809,22.694231054377155,-5.373588517390935,5.373588517390935,DEFICIT_PRESSURE,18
6364.07,2026-06-17 08:00:00,25,25,31.521694970201,36.77028939941916,5.248594429218162,5.248594429218162,SURPLUS_PRESSURE,19
6948.10,2026-06-17 08:00:00,47,49,37.75329968901889,35.98708558851724,-1.7662141005016494,1.7662141005016494,DEFICIT_PRESSURE,20
6492.08,2026-06-17 09:00:00,43,106,45.799718986685875,108.8314702380952,63.03175125140933,63.03175125140933,SURPLUS_PRESSURE,1
6173.08,2026-06-17 09:00:00,25,67,27.610340401810664,66.12770018549534,38.51735978368468,38.51735978368468,SURPLUS_PRESSURE,2
6912.01,2026-06-17 09:00:00,27,39,29.038573521457906,61.451445696932076,32.41287217547417,32.41287217547417,SURPLUS_PRESSURE,3
6432.09,2026-06-17 09:00:00,37,71,42.766947426379986,70.587750552526,27.820803126146018,27.820803126146018,SURPLUS_PRESSURE,4
5980.10,2026-06-17 09:00:00,38,16,42.157515619031166,14.413846629134168,-27.743668989896996,27.743668989896996,DEFICIT_PRESSURE,5
6140.05,2026-06-17 09:00:00,46,68,47.67280726047404,66.50131670274172,18.82850944226768,18.82850944226768,SURPLUS_PRESSURE,6
5374.01,2026-06-17 09:00:00,31,22,38.50403043725225,21.285060894487113,-17.218969542765134,17.218969542765134,DEFICIT_PRESSURE,7
6822.09,2026-06-17 09:00:00,24,46,29.33013650908491,43.46789093154143,14.137754422456524,14.137754422456524,SURPLUS_PRESSURE,8
6948.10,2026-06-17 09:00:00,33,63,38.76408581824938,51.498286324256995,12.734200506007618,12.734200506007618,SURPLUS_PRESSURE,9
6459.07,2026-06-17 09:00:00,43,43,36.837306295469546,45.61724676212316,8.779940466653613,8.779940466653613,SURPLUS_PRESSURE,10
5905.12,2026-06-17 09:00:00,40,32,33.67033756064642,41.37747824665989,7.707140686013467,7.707140686013467,SURPLUS_PRESSURE,11
5712.03,2026-06-17 09:00:00,46,55,49.457805281266864,56.86649503968254,7.408689758415676,7.408689758415676,SURPLUS_PRESSURE,12
6233.04,2026-06-17 09:00:00,40,42,43.60486251050923,37.45836912485289,-6.146493385656342,6.146493385656342,DEFICIT_PRESSURE,13
5905.14,2026-06-17 09:00:00,27,31,30.109709845964076,35.82550783964444,5.715797993680361,5.715797993680361,SURPLUS_PRESSURE,14
5763.03,2026-06-17 09:00:00,28,25,20.09834679700642,24.549881825895117,4.451535028888696,4.451535028888696,SURPLUS_PRESSURE,15
6331.01,2026-06-17 09:00:00,41,38,37.41829145858873,40.944629896467944,3.526338437879211,3.526338437879211,SURPLUS_PRESSURE,16
6364.07,2026-06-17 09:00:00,40,44,36.540045665143914,34.31851414376967,-2.2215315213742457,2.2215315213742457,DEFICIT_PRESSURE,17
6072.06,2026-06-17 09:00:00,20,22,21.718868630392784,23.236487546889727,1.517618916496943,1.517618916496943,SURPLUS_PRESSURE,18
5492.05,2026-06-17 09:00:00,24,25,29.921592401560652,30.916494066487857,0.9949016649272053,0.9949016649272053,SURPLUS_PRESSURE,19
6726.01,2026-06-17 09:00:00,29,25,17.611861069717687,16.628376986833487,-0.9834840828841998,0.9834840828841998,DEFICIT_PRESSURE,20
5980.10,2026-06-17 10:00:00,23,2,34.83273051376685,13.092686360301435,-21.740044153465412,21.740044153465412,DEFICIT_PRESSURE,1
6948.10,2026-06-17 10:00:00,40,41,26.9816466116509,46.0150477083919,19.033401096741,19.033401096741,SURPLUS_PRESSURE,2
6492.08,2026-06-17 10:00:00,32,38,23.363317957399303,35.13030793896507,11.766989981565764,11.766989981565764,SURPLUS_PRESSURE,3
6173.08,2026-06-17 10:00:00,20,23,15.655450160729417,22.4579172480002,6.802467087270783,6.802467087270783,SURPLUS_PRESSURE,4
6912.01,2026-06-17 10:00:00,32,22,22.122983190693173,25.656917794870015,3.5339346041768422,3.5339346041768422,SURPLUS_PRESSURE,5
6331.01,2026-06-17 10:00:00,25,34,22.265628290784278,25.626860796389902,3.3612325056056243,3.3612325056056243,SURPLUS_PRESSURE,6
6233.04,2026-06-17 10:00:00,30,30,24.69546522849832,27.415398319470622,2.719933090972301,2.719933090972301,SURPLUS_PRESSURE,7
5374.01,2026-06-17 10:00:00,15,20,18.082451893619837,20.63163291651157,2.5491810228917338,2.5491810228917338,SURPLUS_PRESSURE,8
6822.09,2026-06-17 10:00:00,23,35,22.63016126243404,24.794192098143284,2.1640308357092444,2.1640308357092444,SURPLUS_PRESSURE,9
5905.14,2026-06-17 10:00:00,21,19,21.276121368578114,23.364137152264824,2.0880157836867106,2.0880157836867106,SURPLUS_PRESSURE,10
5492.05,2026-06-17 10:00:00,13,12,18.63480616193492,20.6793232067222,2.044517044787277,2.044517044787277,SURPLUS_PRESSURE,11
6726.01,2026-06-17 10:00:00,18,18,23.265451567125606,21.685206763374087,-1.580244803751519,1.580244803751519,DEFICIT_PRESSURE,12
6140.05,2026-06-17 10:00:00,27,50,30.818541589897922,32.354829668869144,1.5362880789712214,1.5362880789712214,SURPLUS_PRESSURE,13
6364.07,2026-06-17 10:00:00,25,24,20.65258551425508,21.961921471148194,1.3093359568931149,1.3093359568931149,SURPLUS_PRESSURE,14
6432.09,2026-06-17 10:00:00,23,23,27.554778487691074,26.317530694410237,-1.2372477932808366,1.2372477932808366,DEFICIT_PRESSURE,15
6072.06,2026-06-17 10:00:00,15,18,20.18010007594122,21.160222465548838,0.9801223896076188,0.9801223896076188,SURPLUS_PRESSURE,16
5763.03,2026-06-17 10:00:00,16,15,18.488474717747135,19.196336073841213,0.7078613560940781,0.7078613560940781,SURPLUS_PRESSURE,17
5905.12,2026-06-17 10:00:00,22,25,24.206940350209162,24.55422349166291,0.3472831414537474,0.3472831414537474,SURPLUS_PRESSURE,18
5712.03,2026-06-17 10:00:00,30,33,29.94913988377688,29.776021749611864,-0.17311813416501565,0.17311813416501565,DEFICIT_PRESSURE,19
6459.07,2026-06-17 10:00:00,21,20,24.767493258392946,24.657679397307316,-0.1098138610856303,0.1098138610856303,DEFICIT_PRESSURE,20
5980.10,2026-06-17 11:00:00,37,7,29.81030618303508,3.2892799658689125,-26.521026217166167,26.521026217166167,DEFICIT_PRESSURE,1
6331.01,2026-06-17 11:00:00,21,16,25.9873790134722,35.73608722482026,9.74870821134806,9.74870821134806,SURPLUS_PRESSURE,2
6173.08,2026-06-17 11:00:00,31,21,26.64445335914028,20.21377383107817,-6.430679528062107,6.430679528062107,DEFICIT_PRESSURE,3
6072.06,2026-06-17 11:00:00,12,11,13.754226765833712,20.05279396547103,6.298567199637317,6.298567199637317,SURPLUS_PRESSURE,4
6822.09,2026-06-17 11:00:00,16,12,17.573199901889044,23.40151509054639,5.828315188657346,5.828315188657346,SURPLUS_PRESSURE,5
6364.07,2026-06-17 11:00:00,20,21,18.877569814677717,24.054234807430152,5.1766649927524355,5.1766649927524355,SURPLUS_PRESSURE,6
5763.03,2026-06-17 11:00:00,8,13,13.773210093620342,18.280451152060675,4.507241058440332,4.507241058440332,SURPLUS_PRESSURE,7
6912.01,2026-06-17 11:00:00,30,21,27.289453364044963,23.26116063539208,-4.0282927286528825,4.0282927286528825,DEFICIT_PRESSURE,8
6140.05,2026-06-17 11:00:00,41,32,30.421160347578567,33.915630732556465,3.494470384977898,3.494470384977898,SURPLUS_PRESSURE,9
6726.01,2026-06-17 11:00:00,18,22,17.067738159307464,19.869080797413595,2.8013426381061315,2.8013426381061315,SURPLUS_PRESSURE,10
5374.01,2026-06-17 11:00:00,18,28,18.446560430343904,20.604817516629634,2.1582570862857295,2.1582570862857295,SURPLUS_PRESSURE,11
5905.12,2026-06-17 11:00:00,33,29,23.463577357097403,25.231015155798808,1.7674377987014047,1.7674377987014047,SURPLUS_PRESSURE,12
6432.09,2026-06-17 11:00:00,22,21,18.85309229621406,20.54355460791073,1.6904623116966668,1.6904623116966668,SURPLUS_PRESSURE,13
5712.03,2026-06-17 11:00:00,24,27,27.054849026256043,25.518421596288633,-1.5364274299674108,1.5364274299674108,DEFICIT_PRESSURE,14
6233.04,2026-06-17 11:00:00,25,24,27.916253679156295,29.104560342724934,1.188306663568639,1.188306663568639,SURPLUS_PRESSURE,15
5905.14,2026-06-17 11:00:00,22,28,23.929414672306358,23.13397066731982,-0.795444004986539,0.795444004986539,DEFICIT_PRESSURE,16
5492.05,2026-06-17 11:00:00,21,20,20.925858974442846,20.630136694529224,-0.29572227991362254,0.29572227991362254,DEFICIT_PRESSURE,17
6492.08,2026-06-17 11:00:00,22,31,25.117534984468392,24.95678482559207,-0.16075015887632205,0.16075015887632205,DEFICIT_PRESSURE,18
6948.10,2026-06-17 11:00:00,57,28,34.33158730331425,34.17978127710452,-0.1518060262097336,0.1518060262097336,DEFICIT_PRESSURE,19
6459.07,2026-06-17 11:00:00,19,17,20.68107853459971,20.633287169738928,-0.047791364860781727,0.047791364860781727,DEFICIT_PRESSURE,20
5980.10,2026-06-17 12:00:00,42,10,33.76750673821727,10.302816393654188,-23.46469034456308,23.46469034456308,DEFICIT_PRESSURE,1
6948.10,2026-06-17 12:00:00,20,25,40.206242618915134,28.9557903256831,-11.250452293232033,11.250452293232033,DEFICIT_PRESSURE,2
6364.07,2026-06-17 12:00:00,17,16,18.640373474567944,26.220419933740356,7.5800464591724115,7.5800464591724115,SURPLUS_PRESSURE,3
6173.08,2026-06-17 12:00:00,30,36,29.55113981578232,24.02641145812354,-5.5247283576587805,5.5247283576587805,DEFICIT_PRESSURE,4
6726.01,2026-06-17 12:00:00,25,21,24.58799793506911,29.657138882670065,5.069140947600953,5.069140947600953,SURPLUS_PRESSURE,5
6233.04,2026-06-17 12:00:00,20,29,26.090716391456226,31.02376492829505,4.933048536838825,4.933048536838825,SURPLUS_PRESSURE,6
5763.03,2026-06-17 12:00:00,18,18,14.919436741827969,19.04206744646784,4.122630704639871,4.122630704639871,SURPLUS_PRESSURE,7
6459.07,2026-06-17 12:00:00,23,19,25.5128667980741,21.485001774813682,-4.027865023260418,4.027865023260418,DEFICIT_PRESSURE,8
5374.01,2026-06-17 12:00:00,22,18,20.106164414715863,23.911688737552627,3.8055243228367637,3.8055243228367637,SURPLUS_PRESSURE,9
6331.01,2026-06-17 12:00:00,20,15,25.29446641760662,28.8983282974196,3.6038618798129782,3.6038618798129782,SURPLUS_PRESSURE,10
6072.06,2026-06-17 12:00:00,17,20,16.45874115729656,19.159441745549753,2.7007005882531914,2.7007005882531914,SURPLUS_PRESSURE,11
5905.12,2026-06-17 12:00:00,28,34,26.735674312506536,28.374251081276057,1.6385767687695214,1.6385767687695214,SURPLUS_PRESSURE,12
5905.14,2026-06-17 12:00:00,32,25,22.548767149295685,24.08947029913673,1.5407031498410468,1.5407031498410468,SURPLUS_PRESSURE,13
5492.05,2026-06-17 12:00:00,28,30,22.63268134478497,24.12723295513248,1.4945516103475107,1.4945516103475107,SURPLUS_PRESSURE,14
5712.03,2026-06-17 12:00:00,22,15,27.67232597655675,28.892475228132106,1.2201492515753571,1.2201492515753571,SURPLUS_PRESSURE,15
6912.01,2026-06-17 12:00:00,30,33,28.45163033993681,27.232318853709668,-1.2193114862271415,1.2193114862271415,DEFICIT_PRESSURE,16
6492.08,2026-06-17 12:00:00,24,24,27.58501796909115,26.378556347958266,-1.2064616211328847,1.2064616211328847,DEFICIT_PRESSURE,17
6140.05,2026-06-17 12:00:00,38,40,38.659311177571595,38.37687365339783,-0.28243752417376555,0.28243752417376555,DEFICIT_PRESSURE,18
6822.09,2026-06-17 12:00:00,25,23,19.846340863535968,19.625778914872964,-0.22056194866300416,0.22056194866300416,DEFICIT_PRESSURE,19
6432.09,2026-06-17 12:00:00,25,23,17.63302814262179,17.556661543699605,-0.07636659892218489,0.07636659892218489,DEFICIT_PRESSURE,20
5980.10,2026-06-17 13:00:00,45,4,38.71926201266705,10.618667615062888,-28.100594397604162,28.100594397604162,DEFICIT_PRESSURE,1
6432.09,2026-06-17 13:00:00,16,18,26.38614761361948,19.3417024804353,-7.044445133184183,7.044445133184183,DEFICIT_PRESSURE,2
5712.03,2026-06-17 13:00:00,28,31,26.13800870151972,20.10491736652073,-6.033091334998989,6.033091334998989,DEFICIT_PRESSURE,3
6912.01,2026-06-17 13:00:00,38,29,29.01705652365589,23.914463054843576,-5.102593468812312,5.102593468812312,DEFICIT_PRESSURE,4
6331.01,2026-06-17 13:00:00,19,29,18.439376931919927,23.09519357313226,4.655816641212333,4.655816641212333,SURPLUS_PRESSURE,5
5492.05,2026-06-17 13:00:00,38,33,30.17982253406467,25.739061870232305,-4.440760663832364,4.440760663832364,DEFICIT_PRESSURE,6
6948.10,2026-06-17 13:00:00,31,24,28.71249609526471,24.58581235995463,-4.126683735310081,4.126683735310081,DEFICIT_PRESSURE,7
6140.05,2026-06-17 13:00:00,37,44,37.946044784679636,34.016417434035795,-3.929627350643841,3.929627350643841,DEFICIT_PRESSURE,8
5905.12,2026-06-17 13:00:00,23,26,27.4092928004048,23.507155012633493,-3.9021377877713057,3.9021377877713057,DEFICIT_PRESSURE,9
6072.06,2026-06-17 13:00:00,25,21,17.129592810321473,20.525638944494496,3.396046134173023,3.396046134173023,SURPLUS_PRESSURE,10
5763.03,2026-06-17 13:00:00,13,31,20.942530392593593,18.45847645925525,-2.484053933338341,2.484053933338341,DEFICIT_PRESSURE,11
6492.08,2026-06-17 13:00:00,30,31,27.972147672015577,25.752142064036537,-2.22000560797904,2.22000560797904,DEFICIT_PRESSURE,12
6726.01,2026-06-17 13:00:00,20,19,27.520592001360246,25.603553372112415,-1.9170386292478305,1.9170386292478305,DEFICIT_PRESSURE,13
6233.04,2026-06-17 13:00:00,25,26,28.943506346102907,27.65054412546592,-1.292962220636987,1.292962220636987,DEFICIT_PRESSURE,14
6173.08,2026-06-17 13:00:00,36,26,30.094296583894437,28.865637235824288,-1.228659348070149,1.228659348070149,DEFICIT_PRESSURE,15
5374.01,2026-06-17 13:00:00,21,20,20.155526451578098,21.36544059717832,1.209914145600223,1.209914145600223,SURPLUS_PRESSURE,16
6364.07,2026-06-17 13:00:00,18,26,19.899846986872614,19.104351675854037,-0.795495311018577,0.795495311018577,DEFICIT_PRESSURE,17
6822.09,2026-06-17 13:00:00,23,26,23.582331638836116,24.228774616486817,0.6464429776507004,0.6464429776507004,SURPLUS_PRESSURE,18
5905.14,2026-06-17 13:00:00,25,39,26.721719538221272,27.28663954171166,0.5649200034903892,0.5649200034903892,SURPLUS_PRESSURE,19
6459.07,2026-06-17 13:00:00,19,23,21.370471944446493,21.38562807892462,0.015156134478125693,0.015156134478125693,SURPLUS_PRESSURE,20
5980.10,2026-06-17 14:00:00,26,11,37.83285860506016,3.967051862989385,-33.865806742070774,33.865806742070774,DEFICIT_PRESSURE,1
6331.01,2026-06-17 14:00:00,23,47,24.730876348798823,44.14930637823299,19.41843002943417,19.41843002943417,SURPLUS_PRESSURE,2
5763.03,2026-06-17 14:00:00,16,10,18.835894169327776,25.62753343515312,6.791639265825342,6.791639265825342,SURPLUS_PRESSURE,3
6492.08,2026-06-17 14:00:00,24,21,39.00725498615172,32.30230817904269,-6.704946807109032,6.704946807109032,DEFICIT_PRESSURE,4
6948.10,2026-06-17 14:00:00,17,17,32.31896867646192,26.89018545746355,-5.4287832189983725,5.4287832189983725,DEFICIT_PRESSURE,5
6822.09,2026-06-17 14:00:00,21,16,24.754596788713553,20.670875282270877,-4.083721506442675,4.083721506442675,DEFICIT_PRESSURE,6
6173.08,2026-06-17 14:00:00,18,26,34.06100504592778,30.100197534621184,-3.9608075113065944,3.9608075113065944,DEFICIT_PRESSURE,7
6364.07,2026-06-17 14:00:00,16,30,25.776602220248538,21.88167935876541,-3.8949228614831277,3.8949228614831277,DEFICIT_PRESSURE,8
6912.01,2026-06-17 14:00:00,31,33,33.01616246353916,29.42742093422069,-3.588741529318469,3.588741529318469,DEFICIT_PRESSURE,9
5712.03,2026-06-17 14:00:00,30,19,31.12954766156491,27.593151869453425,-3.5363957921114846,3.5363957921114846,DEFICIT_PRESSURE,10
6459.07,2026-06-17 14:00:00,21,21,25.780529902897182,22.815899304748488,-2.9646305981486947,2.9646305981486947,DEFICIT_PRESSURE,11
5905.12,2026-06-17 14:00:00,24,27,33.56450972171726,30.64001174874647,-2.924497972970787,2.924497972970787,DEFICIT_PRESSURE,12
5905.14,2026-06-17 14:00:00,19,20,26.677561772752235,29.420202064995852,2.7426402922436175,2.7426402922436175,SURPLUS_PRESSURE,13
6432.09,2026-06-17 14:00:00,16,16,23.353375378942374,20.697261746931428,-2.656113632010946,2.656113632010946,DEFICIT_PRESSURE,14
6233.04,2026-06-17 14:00:00,25,23,28.687846748387628,30.817528080915313,2.129681332527685,2.129681332527685,SURPLUS_PRESSURE,15
6726.01,2026-06-17 14:00:00,19,31,23.982242459256234,25.683098698049136,1.7008562387929018,1.7008562387929018,SURPLUS_PRESSURE,16
5492.05,2026-06-17 14:00:00,16,22,32.30664150688005,30.996065715503114,-1.3105757913769338,1.3105757913769338,DEFICIT_PRESSURE,17
5374.01,2026-06-17 14:00:00,22,21,20.693724000757264,21.652748155753002,0.9590241549957383,0.9590241549957383,SURPLUS_PRESSURE,18
6072.06,2026-06-17 14:00:00,4,20,20.34249057383563,21.253408795058977,0.9109182212233478,0.9109182212233478,SURPLUS_PRESSURE,19
6140.05,2026-06-17 14:00:00,38,30,33.560019931301895,34.09017825030869,0.5301583190067944,0.5301583190067944,SURPLUS_PRESSURE,20
6331.01,2026-06-17 15:00:00,28,53,30.390389968073254,57.33577741676445,26.945387448691196,26.945387448691196,SURPLUS_PRESSURE,1
5980.10,2026-06-17 15:00:00,31,7,37.41499433814131,11.109954811646839,-26.305039526494475,26.305039526494475,DEFICIT_PRESSURE,2
6492.08,2026-06-17 15:00:00,38,17,40.17660416278622,26.71818031063693,-13.458423852149288,13.458423852149288,DEFICIT_PRESSURE,3
6072.06,2026-06-17 15:00:00,22,22,10.839140749732884,23.036915025877875,12.19777427614499,12.19777427614499,SURPLUS_PRESSURE,4
6173.08,2026-06-17 15:00:00,24,28,25.28397457837866,33.776355835682246,8.492381257303585,8.492381257303585,SURPLUS_PRESSURE,5
6140.05,2026-06-17 15:00:00,37,27,40.02969855316426,31.705113353233372,-8.324585199930887,8.324585199930887,DEFICIT_PRESSURE,6
5712.03,2026-06-17 15:00:00,34,38,35.07344095763802,26.879977769050402,-8.193463188587618,8.193463188587618,DEFICIT_PRESSURE,7
6948.10,2026-06-17 15:00:00,20,21,22.8671700603116,29.397324594454485,6.530154534142884,6.530154534142884,SURPLUS_PRESSURE,8
6822.09,2026-06-17 15:00:00,28,17,27.046356024295598,21.359755679934086,-5.686600344361512,5.686600344361512,DEFICIT_PRESSURE,9
5763.03,2026-06-17 15:00:00,20,13,23.432795212370902,18.69976314241925,-4.733032069951651,4.733032069951651,DEFICIT_PRESSURE,10
6726.01,2026-06-17 15:00:00,32,28,33.92952768662894,29.94843896570725,-3.9810887209216865,3.9810887209216865,DEFICIT_PRESSURE,11
6364.07,2026-06-17 15:00:00,27,37,21.819610004569657,25.6408713589333,3.8212613543636422,3.8212613543636422,SURPLUS_PRESSURE,12
6912.01,2026-06-17 15:00:00,26,20,37.95658001424107,41.252950646018604,3.2963706317775348,3.2963706317775348,SURPLUS_PRESSURE,13
6459.07,2026-06-17 15:00:00,23,21,23.454049484798958,26.412901063761716,2.958851578962758,2.958851578962758,SURPLUS_PRESSURE,14
5905.14,2026-06-17 15:00:00,29,34,31.145958609047337,29.27054541253754,-1.8754131965097969,1.8754131965097969,DEFICIT_PRESSURE,15
6432.09,2026-06-17 15:00:00,19,18,24.999533219203627,23.766266627478853,-1.2332665917247745,1.2332665917247745,DEFICIT_PRESSURE,16
5374.01,2026-06-17 15:00:00,26,27,25.547876485913108,24.837393044185756,-0.7104834417273516,0.7104834417273516,DEFICIT_PRESSURE,17
6233.04,2026-06-17 15:00:00,36,46,33.65307861615541,34.33172457054457,0.678645954389161,0.678645954389161,SURPLUS_PRESSURE,18
5905.12,2026-06-17 15:00:00,33,29,27.916172313128012,28.50953398256377,0.5933616694357582,0.5933616694357582,SURPLUS_PRESSURE,19
5492.05,2026-06-17 15:00:00,36,24,25.59054311952325,25.764561078445695,0.17401795892244465,0.17401795892244465,SURPLUS_PRESSURE,20
5980.10,2026-06-17 16:00:00,40,4,44.04168062714364,8.71568566782974,-35.3259949593139,35.3259949593139,DEFICIT_PRESSURE,1
6822.09,2026-06-17 16:00:00,55,20,54.70350377027343,24.541383489797337,-30.162120280476092,30.162120280476092,DEFICIT_PRESSURE,2
6492.08,2026-06-17 16:00:00,58,36,45.963190707866886,30.823463214189182,-15.139727493677704,15.139727493677704,DEFICIT_PRESSURE,3
6364.07,2026-06-17 16:00:00,26,43,24.939079270496094,35.781790621649826,10.842711351153731,10.842711351153731,SURPLUS_PRESSURE,4
6331.01,2026-06-17 16:00:00,27,48,32.92316294968122,42.81142469215398,9.888261742472757,9.888261742472757,SURPLUS_PRESSURE,5
6948.10,2026-06-17 16:00:00,30,27,44.43286767791587,35.0104958435402,-9.422371834375674,9.422371834375674,DEFICIT_PRESSURE,6
6912.01,2026-06-17 16:00:00,27,33,47.20707119639,38.038310364873766,-9.16876083151623,9.16876083151623,DEFICIT_PRESSURE,7
5492.05,2026-06-17 16:00:00,45,45,41.55264383992248,33.387601213866965,-8.165042626055516,8.165042626055516,DEFICIT_PRESSURE,8
6140.05,2026-06-17 16:00:00,45,41,46.00845805259211,38.155987045309125,-7.852471007282986,7.852471007282986,DEFICIT_PRESSURE,9
5374.01,2026-06-17 16:00:00,26,32,22.640700969661598,30.409992307392944,7.769291337731346,7.769291337731346,SURPLUS_PRESSURE,10
6459.07,2026-06-17 16:00:00,27,27,36.66398568016275,30.307916037381677,-6.356069642781076,6.356069642781076,DEFICIT_PRESSURE,11
6726.01,2026-06-17 16:00:00,26,31,32.662368388426295,38.25300095652858,5.590632568102286,5.590632568102286,SURPLUS_PRESSURE,12
6432.09,2026-06-17 16:00:00,30,25,36.11657168246017,31.42760268831361,-4.68896899414656,4.68896899414656,DEFICIT_PRESSURE,13
6173.08,2026-06-17 16:00:00,47,36,39.336574384970184,34.703482883352244,-4.63309150161794,4.63309150161794,DEFICIT_PRESSURE,14
5905.14,2026-06-17 16:00:00,31,37,30.560974962094175,34.79598252323718,4.235007561143004,4.235007561143004,SURPLUS_PRESSURE,15
6072.06,2026-06-17 16:00:00,27,37,27.618505950978744,31.433031880848397,3.814525929869653,3.814525929869653,SURPLUS_PRESSURE,16
5905.12,2026-06-17 16:00:00,42,31,39.177010399067605,36.71447788224838,-2.4625325168192234,2.4625325168192234,DEFICIT_PRESSURE,17
5712.03,2026-06-17 16:00:00,43,29,37.17014583044442,34.846481370597715,-2.323664459846704,2.323664459846704,DEFICIT_PRESSURE,18
5763.03,2026-06-17 16:00:00,23,28,22.997679946154708,23.72785459740793,0.7301746512532219,0.7301746512532219,SURPLUS_PRESSURE,19
6233.04,2026-06-17 16:00:00,41,33,39.60281084941334,39.53485936261502,-0.06795148679831442,0.06795148679831442,DEFICIT_PRESSURE,20
5980.10,2026-06-17 17:00:00,62,11,66.904072613482,5.921784082127297,-60.982288531354705,60.982288531354705,DEFICIT_PRESSURE,1
6492.08,2026-06-17 17:00:00,172,47,113.46830357142866,59.59727906633806,-53.8710245050906,53.8710245050906,DEFICIT_PRESSURE,2
6822.09,2026-06-17 17:00:00,70,29,79.29877633167,34.54087074151656,-44.75790559015344,44.75790559015344,DEFICIT_PRESSURE,3
6173.08,2026-06-17 17:00:00,102,40,96.3510119047619,54.04505253734033,-42.30595936742157,42.30595936742157,DEFICIT_PRESSURE,4
6432.09,2026-06-17 17:00:00,88,67,79.38288888888887,57.704565675834594,-21.678323213054277,21.678323213054277,DEFICIT_PRESSURE,5
6459.07,2026-06-17 17:00:00,78,43,59.04879166666667,39.031525318614115,-20.01726634805256,20.01726634805256,DEFICIT_PRESSURE,6
5374.01,2026-06-17 17:00:00,39,50,34.42236958283461,49.48780740308835,15.065437820253734,15.065437820253734,SURPLUS_PRESSURE,7
6140.05,2026-06-17 17:00:00,79,67,73.92642516150607,59.88186085693632,-14.044564304569754,14.044564304569754,DEFICIT_PRESSURE,8
5763.03,2026-06-17 17:00:00,33,50,34.33730285046013,46.24344691900713,11.906144068547,11.906144068547,SURPLUS_PRESSURE,9
6912.01,2026-06-17 17:00:00,56,35,53.23345118770121,41.81386554313349,-11.419585644567725,11.419585644567725,DEFICIT_PRESSURE,10
6726.01,2026-06-17 17:00:00,57,73,49.27399157923475,60.552825957768476,11.278834378533723,11.278834378533723,SURPLUS_PRESSURE,11
5492.05,2026-06-17 17:00:00,53,58,52.20937292658621,44.17880005260064,-8.03057287398557,8.03057287398557,DEFICIT_PRESSURE,12
6331.01,2026-06-17 17:00:00,55,49,35.62721335169505,42.77441549640126,7.147202144706213,7.147202144706213,SURPLUS_PRESSURE,13
5905.12,2026-06-17 17:00:00,54,45,53.283841119749056,46.28492644475685,-6.998914674992207,6.998914674992207,DEFICIT_PRESSURE,14
6948.10,2026-06-17 17:00:00,49,48,40.95537929788546,47.35841871426748,6.403039416382022,6.403039416382022,SURPLUS_PRESSURE,15
6364.07,2026-06-17 17:00:00,70,62,44.30060708430783,48.50283540482419,4.202228320516362,4.202228320516362,SURPLUS_PRESSURE,16
5905.14,2026-06-17 17:00:00,68,60,47.72653269912043,50.87854858757074,3.1520158884503076,3.1520158884503076,SURPLUS_PRESSURE,17
6233.04,2026-06-17 17:00:00,51,57,57.684320746984625,60.3145813083603,2.630260561375678,2.630260561375678,SURPLUS_PRESSURE,18
5712.03,2026-06-17 17:00:00,54,55,63.86339335404101,65.66059554334552,1.7972021893045138,1.7972021893045138,SURPLUS_PRESSURE,19
6072.06,2026-06-17 17:00:00,42,55,48.791064775779596,50.226962223846094,1.4358974480664983,1.4358974480664983,SURPLUS_PRESSURE,20
6492.08,2026-06-17 18:00:00,52,49,143.00783928571428,59.964815934065925,-83.04302335164836,83.04302335164836,DEFICIT_PRESSURE,1
5980.10,2026-06-17 18:00:00,82,6,58.30379770648021,10.092044878404641,-48.21175282807557,48.21175282807557,DEFICIT_PRESSURE,2
6173.08,2026-06-17 18:00:00,70,48,78.0742732101232,43.492054382613496,-34.5822188275097,34.5822188275097,DEFICIT_PRESSURE,3
6364.07,2026-06-17 18:00:00,67,61,68.53123611111113,42.043020018403155,-26.488216092707972,26.488216092707972,DEFICIT_PRESSURE,4
6331.01,2026-06-17 18:00:00,55,56,66.37377380952381,40.04795527159391,-26.325818537929898,26.325818537929898,DEFICIT_PRESSURE,5
6912.01,2026-06-17 18:00:00,58,34,56.40394863550942,35.31217400281177,-21.09177463269765,21.09177463269765,DEFICIT_PRESSURE,6
5712.03,2026-06-17 18:00:00,84,80,84.5812225829726,64.42018939767125,-20.16103318530135,20.16103318530135,DEFICIT_PRESSURE,7
6822.09,2026-06-17 18:00:00,60,31,52.70068678677797,34.28932084119201,-18.411365945585963,18.411365945585963,DEFICIT_PRESSURE,8
5905.12,2026-06-17 18:00:00,50,49,59.64212681510142,42.177337739551696,-17.464789075549724,17.464789075549724,DEFICIT_PRESSURE,9
5763.03,2026-06-17 18:00:00,49,50,40.301979990412384,56.680684158963395,16.37870416855101,16.37870416855101,SURPLUS_PRESSURE,10
5374.01,2026-06-17 18:00:00,37,61,39.68747015527903,55.43070196812522,15.74323181284619,15.74323181284619,SURPLUS_PRESSURE,11
5905.14,2026-06-17 18:00:00,71,48,59.88083440948288,46.59688500250602,-13.283949406976859,13.283949406976859,DEFICIT_PRESSURE,12
6459.07,2026-06-17 18:00:00,64,58,56.24554761758145,45.00802631136648,-11.237521306214973,11.237521306214973,DEFICIT_PRESSURE,13
6140.05,2026-06-17 18:00:00,82,66,73.10990802644875,63.30591825396824,-9.803989772480513,9.803989772480513,DEFICIT_PRESSURE,14
6072.06,2026-06-17 18:00:00,47,46,46.578107019121774,56.227599895556814,9.64949287643504,9.64949287643504,SURPLUS_PRESSURE,15
6233.04,2026-06-17 18:00:00,64,65,78.63940820290823,69.9848167894753,-8.654591413432925,8.654591413432925,DEFICIT_PRESSURE,16
6948.10,2026-06-17 18:00:00,43,42,48.37760906798697,53.31703475649896,4.939425688511996,4.939425688511996,SURPLUS_PRESSURE,17
6432.09,2026-06-17 18:00:00,88,50,57.36622952358998,53.33362888835028,-4.032600635239696,4.032600635239696,DEFICIT_PRESSURE,18
6726.01,2026-06-17 18:00:00,55,68,58.14363953024562,54.94756197900087,-3.1960775512447555,3.1960775512447555,DEFICIT_PRESSURE,19
5492.05,2026-06-17 18:00:00,58,50,53.44589580338189,56.495900624655135,3.050004821273248,3.050004821273248,SURPLUS_PRESSURE,20
5980.10,2026-06-17 19:00:00,62,11,39.05066640910194,3.2090658754888306,-35.84160053361311,35.84160053361311,DEFICIT_PRESSURE,1
6331.01,2026-06-17 19:00:00,53,55,49.89904988406845,32.384125619231575,-17.51492426483687,17.51492426483687,DEFICIT_PRESSURE,2
6072.06,2026-06-17 19:00:00,50,43,42.23489422135696,28.940869915460393,-13.294024305896567,13.294024305896567,DEFICIT_PRESSURE,3
6822.09,2026-06-17 19:00:00,38,28,34.62219552835958,21.897869890212725,-12.724325638146858,12.724325638146858,DEFICIT_PRESSURE,4
6140.05,2026-06-17 19:00:00,62,47,50.28897889610389,39.8645228662707,-10.424456029833195,10.424456029833195,DEFICIT_PRESSURE,5
6912.01,2026-06-17 19:00:00,36,35,32.569534366933325,23.45234049931688,-9.117193867616447,9.117193867616447,DEFICIT_PRESSURE,6
5905.14,2026-06-17 19:00:00,42,43,42.46244780840541,34.668001446940586,-7.794446361464821,7.794446361464821,DEFICIT_PRESSURE,7
6492.08,2026-06-17 19:00:00,36,30,38.48901190961992,46.251183164453394,7.762171254833476,7.762171254833476,SURPLUS_PRESSURE,8
6233.04,2026-06-17 19:00:00,75,62,73.8775933299934,67.13644019836805,-6.741153131625353,6.741153131625353,DEFICIT_PRESSURE,9
6173.08,2026-06-17 19:00:00,33,33,42.283470688704455,36.89641881920865,-5.3870518694958065,5.3870518694958065,DEFICIT_PRESSURE,10
5905.12,2026-06-17 19:00:00,49,40,37.94343356306982,42.65301303763803,4.709579474568216,4.709579474568216,SURPLUS_PRESSURE,11
6432.09,2026-06-17 19:00:00,31,26,34.27345419963054,30.24368801810795,-4.029766181522593,4.029766181522593,DEFICIT_PRESSURE,12
5712.03,2026-06-17 19:00:00,46,34,54.67767927355395,50.69558331417229,-3.9820959593816596,3.9820959593816596,DEFICIT_PRESSURE,13
6726.01,2026-06-17 19:00:00,54,51,37.487294158820475,40.833608649029344,3.3463144902088686,3.3463144902088686,SURPLUS_PRESSURE,14
6948.10,2026-06-17 19:00:00,26,24,30.762346106962283,27.79044039645597,-2.971905710506313,2.971905710506313,DEFICIT_PRESSURE,15
6364.07,2026-06-17 19:00:00,57,50,37.76285539848388,35.10254254070671,-2.6603128577771713,2.6603128577771713,DEFICIT_PRESSURE,16
5374.01,2026-06-17 19:00:00,46,40,34.67036450632863,36.98368136006173,2.313316853733099,2.313316853733099,SURPLUS_PRESSURE,17
5492.05,2026-06-17 19:00:00,31,31,37.1434132851554,35.235748831500494,-1.9076644536549026,1.9076644536549026,DEFICIT_PRESSURE,18
6459.07,2026-06-17 19:00:00,37,37,37.62683440629992,36.503749680548005,-1.1230847257519159,1.1230847257519159,DEFICIT_PRESSURE,19
5763.03,2026-06-17 19:00:00,38,57,40.85915757075652,40.32964190914927,-0.529515661607256,0.529515661607256,DEFICIT_PRESSURE,20
5980.10,2026-06-17 20:00:00,27,5,27.727430122488514,8.70907817836502,-19.018351944123495,19.018351944123495,DEFICIT_PRESSURE,1
6364.07,2026-06-17 20:00:00,50,38,45.05327416807339,31.181181353680262,-13.872092814393131,13.872092814393131,DEFICIT_PRESSURE,2
5712.03,2026-06-17 20:00:00,39,42,42.912873596017704,31.032932255127665,-11.879941340890039,11.879941340890039,DEFICIT_PRESSURE,3
6140.05,2026-06-17 20:00:00,38,38,43.79248489056502,36.13125406810997,-7.661230822455053,7.661230822455053,DEFICIT_PRESSURE,4
6492.08,2026-06-17 20:00:00,13,16,37.21155426136038,30.633011999705268,-6.578542261655109,6.578542261655109,DEFICIT_PRESSURE,5
5905.14,2026-06-17 20:00:00,33,33,38.162876206155445,33.017135351069356,-5.145740855086089,5.145740855086089,DEFICIT_PRESSURE,6
5905.12,2026-06-17 20:00:00,33,23,35.920083930471094,30.92735262458794,-4.992731305883154,4.992731305883154,DEFICIT_PRESSURE,7
5374.01,2026-06-17 20:00:00,41,44,35.130568854856364,31.447463605397648,-3.683105249458716,3.683105249458716,DEFICIT_PRESSURE,8
6233.04,2026-06-17 20:00:00,52,30,51.868960317460306,48.540136002886,-3.3288243145743053,3.3288243145743053,DEFICIT_PRESSURE,9
6173.08,2026-06-17 20:00:00,23,22,18.46927501600797,20.986143336344657,2.5168683203366875,2.5168683203366875,SURPLUS_PRESSURE,10
5492.05,2026-06-17 20:00:00,36,30,36.300672434347874,33.82526548715007,-2.475406947197804,2.475406947197804,DEFICIT_PRESSURE,11
6948.10,2026-06-17 20:00:00,26,26,18.483285643138984,20.84538598392253,2.3621003407835452,2.3621003407835452,SURPLUS_PRESSURE,12
6432.09,2026-06-17 20:00:00,18,17,17.119427012422946,19.05718233878469,1.9377553263617422,1.9377553263617422,SURPLUS_PRESSURE,13
6822.09,2026-06-17 20:00:00,11,13,19.85920366775136,18.05817926994803,-1.801024397803328,1.801024397803328,DEFICIT_PRESSURE,14
6459.07,2026-06-17 20:00:00,18,15,28.375112826629692,26.680224430193135,-1.694888396436557,1.694888396436557,DEFICIT_PRESSURE,15
6072.06,2026-06-17 20:00:00,32,35,35.02936573814203,36.59054160075984,1.5611758626178087,1.5611758626178087,SURPLUS_PRESSURE,16
6912.01,2026-06-17 20:00:00,14,12,21.545133199822384,20.127812630727018,-1.4173205690953665,1.4173205690953665,DEFICIT_PRESSURE,17
6331.01,2026-06-17 20:00:00,32,19,38.03953621114212,36.91593853441753,-1.123597676724593,1.123597676724593,DEFICIT_PRESSURE,18
6726.01,2026-06-17 20:00:00,23,30,37.881831721970386,37.38133257226477,-0.5004991497056182,0.5004991497056182,DEFICIT_PRESSURE,19
5763.03,2026-06-17 20:00:00,35,40,45.64154844170075,45.344196719257305,-0.29735172244344454,0.29735172244344454,DEFICIT_PRESSURE,20
6233.04,2026-06-17 21:00:00,17,15,29.312364922572346,13.393924340974534,-15.918440581597812,15.918440581597812,DEFICIT_PRESSURE,1
5980.10,2026-06-17 21:00:00,9,2,18.378766958932484,4.229527370584177,-14.149239588348308,14.149239588348308,DEFICIT_PRESSURE,2
5374.01,2026-06-17 21:00:00,33,27,30.180376867139724,21.636875002963652,-8.543501864176072,8.543501864176072,DEFICIT_PRESSURE,3
5905.12,2026-06-17 21:00:00,18,16,22.456024686155253,17.373820405801816,-5.082204280353437,5.082204280353437,DEFICIT_PRESSURE,4
5763.03,2026-06-17 21:00:00,32,23,25.005244687431404,20.031900837090554,-4.97334385034085,4.97334385034085,DEFICIT_PRESSURE,5
5492.05,2026-06-17 21:00:00,27,24,22.333158530004933,17.42105244983826,-4.912106080166673,4.912106080166673,DEFICIT_PRESSURE,6
6364.07,2026-06-17 21:00:00,29,20,22.675892631459405,17.80391955195915,-4.871973079500254,4.871973079500254,DEFICIT_PRESSURE,7
5905.14,2026-06-17 21:00:00,31,19,22.39993048373599,17.666704645312805,-4.733225838423184,4.733225838423184,DEFICIT_PRESSURE,8
6331.01,2026-06-17 21:00:00,23,15,17.753779705311636,13.669449273196042,-4.084330432115594,4.084330432115594,DEFICIT_PRESSURE,9
6492.08,2026-06-17 21:00:00,17,14,15.768086672535587,18.6360499763142,2.8679633037786143,2.8679633037786143,SURPLUS_PRESSURE,10
6912.01,2026-06-17 21:00:00,12,16,13.93270561387645,11.280437963779509,-2.6522676500969418,2.6522676500969418,DEFICIT_PRESSURE,11
6072.06,2026-06-17 21:00:00,17,14,23.13647918209688,20.59185441313429,-2.544624768962592,2.544624768962592,DEFICIT_PRESSURE,12
6140.05,2026-06-17 21:00:00,20,22,20.40785387492765,18.212681356199333,-2.1951725187283166,2.1951725187283166,DEFICIT_PRESSURE,13
5712.03,2026-06-17 21:00:00,40,32,25.206623405621045,23.30585076437628,-1.9007726412447639,1.9007726412447639,DEFICIT_PRESSURE,14
6459.07,2026-06-17 21:00:00,9,11,15.950252338003914,17.599775424753737,1.6495230867498236,1.6495230867498236,SURPLUS_PRESSURE,15
6432.09,2026-06-17 21:00:00,15,13,15.186422524596914,14.155119510675304,-1.03130301392161,1.03130301392161,DEFICIT_PRESSURE,16
6948.10,2026-06-17 21:00:00,10,10,16.01110723324819,15.491385704799015,-0.5197215284491747,0.5197215284491747,DEFICIT_PRESSURE,17
6173.08,2026-06-17 21:00:00,10,9,12.834005022523616,12.31997240682021,-0.5140326157034067,0.5140326157034067,DEFICIT_PRESSURE,18
6822.09,2026-06-17 21:00:00,9,11,8.597079227684294,8.896102711734814,0.2990234840505206,0.2990234840505206,SURPLUS_PRESSURE,19
6726.01,2026-06-17 21:00:00,14,13,20.953228730100196,20.945166051839735,-0.008062678260461809,0.008062678260461809,DEFICIT_PRESSURE,20
5763.03,2026-06-17 22:00:00,18,16,24.676271809031036,16.068496856311327,-8.607774952719708,8.607774952719708,DEFICIT_PRESSURE,1
5905.14,2026-06-17 22:00:00,15,7,20.218765422232945,13.007575578630782,-7.211189843602163,7.211189843602163,DEFICIT_PRESSURE,2
5374.01,2026-06-17 22:00:00,15,16,25.512436740107194,18.5275471115065,-6.984889628600694,6.984889628600694,DEFICIT_PRESSURE,3
6364.07,2026-06-17 22:00:00,29,19,20.842622627919027,14.144429225896763,-6.698193402022264,6.698193402022264,DEFICIT_PRESSURE,4
5980.10,2026-06-17 22:00:00,11,2,9.583011849394879,3.3004814482784552,-6.282530401116423,6.282530401116423,DEFICIT_PRESSURE,5
6331.01,2026-06-17 22:00:00,56,17,14.064263899479037,8.748342525762467,-5.31592137371657,5.31592137371657,DEFICIT_PRESSURE,6
5712.03,2026-06-17 22:00:00,23,17,19.504364461337925,24.285594395247898,4.781229933909973,4.781229933909973,SURPLUS_PRESSURE,7
5492.05,2026-06-17 22:00:00,16,17,19.76569942673919,16.215712837781435,-3.549986588957754,3.549986588957754,DEFICIT_PRESSURE,8
6140.05,2026-06-17 22:00:00,4,5,17.320398584872517,13.879478608671564,-3.440919976200954,3.440919976200954,DEFICIT_PRESSURE,9
6726.01,2026-06-17 22:00:00,21,18,13.218383346024945,15.716753760856188,2.4983704148312427,2.4983704148312427,SURPLUS_PRESSURE,10
6492.08,2026-06-17 22:00:00,11,9,16.5875778352016,14.2838668395929,-2.3037109956087,2.3037109956087,DEFICIT_PRESSURE,11
6233.04,2026-06-17 22:00:00,4,5,9.87202860910287,8.29130789687208,-1.5807207122307894,1.5807207122307894,DEFICIT_PRESSURE,12
6432.09,2026-06-17 22:00:00,15,15,12.175212265404546,10.996931687081528,-1.1782805783230188,1.1782805783230188,DEFICIT_PRESSURE,13
6072.06,2026-06-17 22:00:00,22,19,14.412243100930192,13.249094781959641,-1.163148318970551,1.163148318970551,DEFICIT_PRESSURE,14
6459.07,2026-06-17 22:00:00,11,16,10.532758714677891,11.611632396174421,1.07887368149653,1.07887368149653,SURPLUS_PRESSURE,15
6822.09,2026-06-17 22:00:00,8,8,6.622800340301865,7.4911146418739465,0.8683143015720818,0.8683143015720818,SURPLUS_PRESSURE,16
6948.10,2026-06-17 22:00:00,5,7,9.701221341172392,10.41446747657627,0.7132461354038782,0.7132461354038782,SURPLUS_PRESSURE,17
6912.01,2026-06-17 22:00:00,8,5,8.686917896068628,8.238872062458874,-0.44804583360975414,0.44804583360975414,DEFICIT_PRESSURE,18
5905.12,2026-06-17 22:00:00,13,16,13.287737142187858,13.52082514129793,0.23308799911007227,0.23308799911007227,SURPLUS_PRESSURE,19
6173.08,2026-06-17 22:00:00,3,4,5.598644969418535,5.743599656372461,0.144954686953926,0.144954686953926,SURPLUS_PRESSURE,20
6331.01,2026-06-17 23:00:00,21,8,24.616126946891633,8.227221909228561,-16.388905037663072,16.388905037663072,DEFICIT_PRESSURE,1
6364.07,2026-06-17 23:00:00,3,7,26.982509597480785,14.419695805063675,-12.56281379241711,12.56281379241711,DEFICIT_PRESSURE,2
5712.03,2026-06-17 23:00:00,14,9,21.124746141783888,12.69668603571086,-8.428060106073028,8.428060106073028,DEFICIT_PRESSURE,3
5763.03,2026-06-17 23:00:00,13,6,21.44937383026076,13.609992511630555,-7.839381318630206,7.839381318630206,DEFICIT_PRESSURE,4
6072.06,2026-06-17 23:00:00,14,12,18.111314795966713,12.660690772256723,-5.45062402370999,5.45062402370999,DEFICIT_PRESSURE,5
5980.10,2026-06-17 23:00:00,4,1,6.374479881181052,1.6968852633786065,-4.677594617802445,4.677594617802445,DEFICIT_PRESSURE,6
6459.07,2026-06-17 23:00:00,5,3,7.804405751498889,11.308940461037723,3.5045347095388344,3.5045347095388344,SURPLUS_PRESSURE,7
5492.05,2026-06-17 23:00:00,13,10,16.230721253413943,13.294603966437696,-2.9361172869762466,2.9361172869762466,DEFICIT_PRESSURE,8
6822.09,2026-06-17 23:00:00,7,8,7.1525600066335535,9.816722485672852,2.664162479039298,2.664162479039298,SURPLUS_PRESSURE,9
5905.14,2026-06-17 23:00:00,5,8,8.780820755335263,6.268249454476677,-2.5125713008585864,2.5125713008585864,DEFICIT_PRESSURE,10
6432.09,2026-06-17 23:00:00,6,7,12.743107592972478,10.907133534264705,-1.835974058707773,1.835974058707773,DEFICIT_PRESSURE,11
5905.12,2026-06-17 23:00:00,7,5,10.023761512528528,8.615456770537746,-1.4083047419907828,1.4083047419907828,DEFICIT_PRESSURE,12
6140.05,2026-06-17 23:00:00,5,9,6.50485476508795,7.812992261269349,1.3081374961813985,1.3081374961813985,SURPLUS_PRESSURE,13
6726.01,2026-06-17 23:00:00,9,14,11.401372247221094,12.694641439996687,1.2932691927755933,1.2932691927755933,SURPLUS_PRESSURE,14
6173.08,2026-06-17 23:00:00,4,5,4.773942784831898,3.516788407669214,-1.257154377162684,1.257154377162684,DEFICIT_PRESSURE,15
6912.01,2026-06-17 23:00:00,4,3,6.552169591736166,7.4863212444383045,0.9341516527021385,0.9341516527021385,SURPLUS_PRESSURE,16
6233.04,2026-06-17 23:00:00,3,1,3.600410034050331,4.461568156754494,0.8611581227041625,0.8611581227041625,SURPLUS_PRESSURE,17
5374.01,2026-06-17 23:00:00,12,14,11.18566209467427,11.888510497658235,0.7028484029839639,0.7028484029839639,SURPLUS_PRESSURE,18
6948.10,2026-06-17 23:00:00,10,9,4.946424962995754,4.594431194185716,-0.3519937688100381,0.3519937688100381,DEFICIT_PRESSURE,19
6492.08,2026-06-17 23:00:00,1,5,12.29407869437051,12.106353529831274,-0.18772516453923593,0.18772516453923593,DEFICIT_PRESSURE,20
6364.07,2026-06-18 00:00:00,10,3,4.5196617520723015,14.547712645789026,10.028050893716724,10.028050893716724,SURPLUS_PRESSURE,1
6492.08,2026-06-18 00:00:00,4,1,8.946562983464739,18.496355659348282,9.549792675883543,9.549792675883543,SURPLUS_PRESSURE,2
5712.03,2026-06-18 00:00:00,5,4,16.7784203712566,8.613771604993302,-8.1646487662633,8.1646487662633,DEFICIT_PRESSURE,3
6459.07,2026-06-18 00:00:00,2,8,5.7383119795639095,13.774120753039517,8.035808773475608,8.035808773475608,SURPLUS_PRESSURE,4
5980.10,2026-06-18 00:00:00,6,0,7.709373272205363,1.3418551535394059,-6.3675181186659575,6.3675181186659575,DEFICIT_PRESSURE,5
5905.14,2026-06-18 00:00:00,3,4,6.146927538798893,11.535983725411436,5.389056186612542,5.389056186612542,SURPLUS_PRESSURE,6
6140.05,2026-06-18 00:00:00,7,5,8.008879054765416,13.370317012281882,5.361437957516467,5.361437957516467,SURPLUS_PRESSURE,7
6331.01,2026-06-18 00:00:00,4,3,12.137865794625709,6.813507584863491,-5.3243582097622175,5.3243582097622175,DEFICIT_PRESSURE,8
6822.09,2026-06-18 00:00:00,1,5,6.920843816407358,11.836451128499634,4.915607312092276,4.915607312092276,SURPLUS_PRESSURE,9
5763.03,2026-06-18 00:00:00,10,9,17.682178491739368,13.918353099162694,-3.763825392576674,3.763825392576674,DEFICIT_PRESSURE,10
6726.01,2026-06-18 00:00:00,1,3,12.544676418471168,15.235494068223245,2.690817649752077,2.690817649752077,SURPLUS_PRESSURE,11
5374.01,2026-06-18 00:00:00,7,8,14.558962797621746,17.130488837364624,2.571526039742878,2.571526039742878,SURPLUS_PRESSURE,12
6432.09,2026-06-18 00:00:00,3,2,8.544139740704292,6.475641343015548,-2.068498397688744,2.068498397688744,DEFICIT_PRESSURE,13
6072.06,2026-06-18 00:00:00,7,8,16.79867696117814,15.467049168075741,-1.3316277931023972,1.3316277931023972,DEFICIT_PRESSURE,14
5905.12,2026-06-18 00:00:00,3,3,8.367072370366193,7.282726826293268,-1.0843455440729253,1.0843455440729253,DEFICIT_PRESSURE,15
6948.10,2026-06-18 00:00:00,4,5,4.765846469513759,5.4419297484939,0.6760832789801405,0.6760832789801405,SURPLUS_PRESSURE,16
5492.05,2026-06-18 00:00:00,5,6,15.666601266348373,16.096921863308875,0.4303205969605024,0.4303205969605024,SURPLUS_PRESSURE,17
6233.04,2026-06-18 00:00:00,3,2,2.155322244365473,1.864075032879255,-0.2912472114862181,0.2912472114862181,DEFICIT_PRESSURE,18
6173.08,2026-06-18 00:00:00,2,2,3.9937050254192377,3.752424159693425,-0.24128086572581253,0.24128086572581253,DEFICIT_PRESSURE,19
6912.01,2026-06-18 00:00:00,2,2,3.7486283286314874,3.7357919773307797,-0.012836351300707705,0.012836351300707705,DEFICIT_PRESSURE,20
6726.01,2026-06-18 01:00:00,3,7,5.327941484485636,12.015339829277009,6.687398344791373,6.687398344791373,SURPLUS_PRESSURE,1
6364.07,2026-06-18 01:00:00,6,3,12.848276923654602,6.796968994911764,-6.051307928742838,6.051307928742838,DEFICIT_PRESSURE,2
6459.07,2026-06-18 01:00:00,1,1,4.931890459954346,9.449866777974211,4.5179763180198655,4.5179763180198655,SURPLUS_PRESSURE,3
6822.09,2026-06-18 01:00:00,0,3,0.6490019639976891,5.118972382225425,4.469970418227736,4.469970418227736,SURPLUS_PRESSURE,4
6331.01,2026-06-18 01:00:00,11,6,5.675523792751811,3.278924656965695,-2.396599135786116,2.396599135786116,DEFICIT_PRESSURE,5
5374.01,2026-06-18 01:00:00,5,2,5.489081736407038,7.78825321634802,2.2991714799409815,2.2991714799409815,SURPLUS_PRESSURE,6
6072.06,2026-06-18 01:00:00,4,1,6.824367063477678,8.799781429265572,1.975414365787894,1.975414365787894,SURPLUS_PRESSURE,7
6140.05,2026-06-18 01:00:00,0,2,6.09498655355984,4.570308852162759,-1.5246777013970814,1.5246777013970814,DEFICIT_PRESSURE,8
5492.05,2026-06-18 01:00:00,2,4,7.075854744674067,8.465693052779036,1.3898383081049692,1.3898383081049692,SURPLUS_PRESSURE,9
5980.10,2026-06-18 01:00:00,1,0,1.9090572096978058,0.5259570178720137,-1.3831001918257921,1.3831001918257921,DEFICIT_PRESSURE,10
5905.12,2026-06-18 01:00:00,1,2,2.548275437252234,3.9286286557924033,1.3803532185401695,1.3803532185401695,SURPLUS_PRESSURE,11
6492.08,2026-06-18 01:00:00,1,1,3.838874435548529,2.7251416475400254,-1.1137327880085035,1.1137327880085035,DEFICIT_PRESSURE,12
6948.10,2026-06-18 01:00:00,6,4,2.1422220558142913,3.097169413858875,0.9549473580445835,0.9549473580445835,SURPLUS_PRESSURE,13
5763.03,2026-06-18 01:00:00,9,2,9.584468021482325,8.681149631340876,-0.9033183901414485,0.9033183901414485,DEFICIT_PRESSURE,14
6432.09,2026-06-18 01:00:00,2,3,3.462716868350737,2.801988431537371,-0.6607284368133661,0.6607284368133661,DEFICIT_PRESSURE,15
6233.04,2026-06-18 01:00:00,0,4,1.1506452383317936,1.5920690571268223,0.4414238187950288,0.4414238187950288,SURPLUS_PRESSURE,16
5712.03,2026-06-18 01:00:00,2,2,3.687234834370023,3.949684424585517,0.26244959021549397,0.26244959021549397,SURPLUS_PRESSURE,17
5905.14,2026-06-18 01:00:00,5,2,2.9716765036989345,3.2285556905726684,0.2568791868737339,0.2568791868737339,SURPLUS_PRESSURE,18
6912.01,2026-06-18 01:00:00,2,3,1.9391404823296323,1.707164981687531,-0.23197550064210137,0.23197550064210137,DEFICIT_PRESSURE,19
6173.08,2026-06-18 01:00:00,1,0,1.7240783007318965,1.9485800748596898,0.22450177412779326,0.22450177412779326,SURPLUS_PRESSURE,20
5763.03,2026-06-18 02:00:00,0,1,5.742250329997684,2.0937317966219138,-3.64851853337577,3.64851853337577,DEFICIT_PRESSURE,1
6364.07,2026-06-18 02:00:00,3,6,7.16351748958966,3.9038509542464324,-3.2596665353432277,3.2596665353432277,DEFICIT_PRESSURE,2
6331.01,2026-06-18 02:00:00,2,2,6.361684452135987,3.767630340423773,-2.5940541117122136,2.5940541117122136,DEFICIT_PRESSURE,3
6072.06,2026-06-18 02:00:00,1,2,2.8257437250253763,0.9668600004978964,-1.8588837245274799,1.8588837245274799,DEFICIT_PRESSURE,4
6726.01,2026-06-18 02:00:00,0,1,1.8259852149323124,3.3340210237488184,1.508035808816506,1.508035808816506,SURPLUS_PRESSURE,5
6948.10,2026-06-18 02:00:00,0,1,2.079803455926192,0.8309811670278655,-1.2488222888983265,1.2488222888983265,DEFICIT_PRESSURE,6
5492.05,2026-06-18 02:00:00,1,0,0.8346161368056567,2.0672411644155524,1.2326250276098958,1.2326250276098958,SURPLUS_PRESSURE,7
5980.10,2026-06-18 02:00:00,1,0,1.584672203651015,0.3935331976861084,-1.1911390059649065,1.1911390059649065,DEFICIT_PRESSURE,8
6822.09,2026-06-18 02:00:00,3,0,0.6646967790223051,1.8443660445475671,1.179669265525262,1.179669265525262,SURPLUS_PRESSURE,9
6432.09,2026-06-18 02:00:00,2,1,1.1154976484712196,2.0806550254042007,0.9651573769329811,0.9651573769329811,SURPLUS_PRESSURE,10
5374.01,2026-06-18 02:00:00,2,2,2.0627012774253313,2.907676137063368,0.8449748596380369,0.8449748596380369,SURPLUS_PRESSURE,11
6912.01,2026-06-18 02:00:00,1,5,0.5530135351428529,1.3576784475493338,0.8046649124064809,0.8046649124064809,SURPLUS_PRESSURE,12
6233.04,2026-06-18 02:00:00,0,0,0.12488629871575102,0.6141975219237077,0.48931122320795667,0.48931122320795667,SURPLUS_PRESSURE,13
6173.08,2026-06-18 02:00:00,2,3,0.5284634935452682,0.27560329637742464,-0.2528601971678436,0.2528601971678436,DEFICIT_PRESSURE,14
5905.14,2026-06-18 02:00:00,1,0,1.1245134499736587,0.8837387973777423,-0.24077465259591635,0.24077465259591635,DEFICIT_PRESSURE,15
6492.08,2026-06-18 02:00:00,1,1,1.0753345979035123,0.8374214615041905,-0.23791313639932177,0.23791313639932177,DEFICIT_PRESSURE,16
5712.03,2026-06-18 02:00:00,1,0,1.6802925581064918,1.4791196443304953,-0.20117291377599655,0.20117291377599655,DEFICIT_PRESSURE,17
6140.05,2026-06-18 02:00:00,1,0,1.3416927806317145,1.1591003993805968,-0.18259238125111765,0.18259238125111765,DEFICIT_PRESSURE,18
6459.07,2026-06-18 02:00:00,1,1,0.9605213003138279,1.1264238906007658,0.16590259028693788,0.16590259028693788,SURPLUS_PRESSURE,19
5905.12,2026-06-18 02:00:00,2,0,0.8169489024161863,0.9357060443674338,0.11875714195124742,0.11875714195124742,SURPLUS_PRESSURE,20
6364.07,2026-06-18 03:00:00,4,0,3.9575562021836816,2.2574870804616087,-1.700069121722073,1.700069121722073,DEFICIT_PRESSURE,1
6822.09,2026-06-18 03:00:00,1,0,1.7103693020219828,0.6169275658073521,-1.0934417362146307,1.0934417362146307,DEFICIT_PRESSURE,2
6726.01,2026-06-18 03:00:00,1,1,0.44669704783267056,1.3977723658649412,0.9510753180322706,0.9510753180322706,SURPLUS_PRESSURE,3
5905.12,2026-06-18 03:00:00,0,0,1.1636391119440543,0.409886416939303,-0.7537526950047513,0.7537526950047513,DEFICIT_PRESSURE,4
5712.03,2026-06-18 03:00:00,0,3,1.274533299796544,0.542456260002448,-0.732077039794096,0.732077039794096,DEFICIT_PRESSURE,5
6492.08,2026-06-18 03:00:00,0,0,1.0747868124267146,0.37471971593691117,-0.7000670964898035,0.7000670964898035,DEFICIT_PRESSURE,6
5374.01,2026-06-18 03:00:00,0,1,0.8325810838199499,1.5084624298411018,0.6758813460211519,0.6758813460211519,SURPLUS_PRESSURE,7
6432.09,2026-06-18 03:00:00,1,0,1.1128265689225758,0.5059482981100142,-0.6068782708125616,0.6068782708125616,DEFICIT_PRESSURE,8
6459.07,2026-06-18 03:00:00,2,1,0.4448252694048868,0.9553783697839416,0.5105531003790549,0.5105531003790549,SURPLUS_PRESSURE,9
6331.01,2026-06-18 03:00:00,1,0,1.1942498266185384,0.7683309934771776,-0.4259188331413608,0.4259188331413608,DEFICIT_PRESSURE,10
6140.05,2026-06-18 03:00:00,1,0,0.8262261666926696,0.4296548005361451,-0.3965713661565245,0.3965713661565245,DEFICIT_PRESSURE,11
5980.10,2026-06-18 03:00:00,0,0,0.5767218680581457,0.2320703653265872,-0.34465150273155853,0.34465150273155853,DEFICIT_PRESSURE,12
6948.10,2026-06-18 03:00:00,0,0,0.34887614317407784,0.6842920255882123,0.3354158824141345,0.3354158824141345,SURPLUS_PRESSURE,13
6173.08,2026-06-18 03:00:00,1,0,0.6320884190946872,0.8898526750714292,0.257764255976742,0.257764255976742,SURPLUS_PRESSURE,14
5905.14,2026-06-18 03:00:00,0,0,0.5402150603419779,0.29480678740142435,-0.2454082729405535,0.2454082729405535,DEFICIT_PRESSURE,15
6912.01,2026-06-18 03:00:00,0,0,1.2440341762069604,1.4255529526718362,0.1815187764648758,0.1815187764648758,SURPLUS_PRESSURE,16
5492.05,2026-06-18 03:00:00,1,2,0.5705661337730532,0.40662355023016294,-0.16394258354289026,0.16394258354289026,DEFICIT_PRESSURE,17
6072.06,2026-06-18 03:00:00,1,1,0.4862255612628667,0.5946071411387682,0.10838157987590152,0.10838157987590152,SURPLUS_PRESSURE,18
5763.03,2026-06-18 03:00:00,1,0,0.5528103418800498,0.46497817767096644,-0.08783216420908341,0.08783216420908341,DEFICIT_PRESSURE,19
6233.04,2026-06-18 03:00:00,0,0,0.10510611891292174,0.15539522051232876,0.05028910159940703,0.05028910159940703,SURPLUS_PRESSURE,20
5712.03,2026-06-18 04:00:00,1,2,0.6140981670043067,2.213216316183718,1.5991181491794113,1.5991181491794113,SURPLUS_PRESSURE,1
6364.07,2026-06-18 04:00:00,1,0,2.508322435936173,1.1330049404332483,-1.3753174955029248,1.3753174955029248,DEFICIT_PRESSURE,2
5905.14,2026-06-18 04:00:00,2,3,0.4632326418711354,1.837614081630241,1.3743814397591056,1.3743814397591056,SURPLUS_PRESSURE,3
5905.12,2026-06-18 04:00:00,1,3,0.4864743128135576,1.7405123314166884,1.2540380186031308,1.2540380186031308,SURPLUS_PRESSURE,4
6726.01,2026-06-18 04:00:00,4,2,0.619379626091925,1.7760940391732638,1.156714413081339,1.156714413081339,SURPLUS_PRESSURE,5
6331.01,2026-06-18 04:00:00,2,1,1.383836015510659,2.3672475977942313,0.9834115822835723,0.9834115822835723,SURPLUS_PRESSURE,6
6140.05,2026-06-18 04:00:00,0,1,0.8790902496882883,1.8149344671484613,0.935844217460173,0.935844217460173,SURPLUS_PRESSURE,7
6072.06,2026-06-18 04:00:00,0,0,0.6469103935354369,1.4097360927605782,0.7628256992251413,0.7628256992251413,SURPLUS_PRESSURE,8
6912.01,2026-06-18 04:00:00,0,1,0.4039988561042361,1.135539075632532,0.7315402195282961,0.7315402195282961,SURPLUS_PRESSURE,9
5374.01,2026-06-18 04:00:00,0,1,1.0038671876969736,1.664391038500022,0.6605238508030484,0.6605238508030484,SURPLUS_PRESSURE,10
5492.05,2026-06-18 04:00:00,2,1,1.3526964418733725,1.99903187714407,0.6463354352706976,0.6463354352706976,SURPLUS_PRESSURE,11
5763.03,2026-06-18 04:00:00,2,1,1.4639904944782038,1.9050648215684536,0.44107432709024974,0.44107432709024974,SURPLUS_PRESSURE,12
5980.10,2026-06-18 04:00:00,1,0,0.6498347980192721,0.24396613003591303,-0.4058686679833591,0.4058686679833591,DEFICIT_PRESSURE,13
6459.07,2026-06-18 04:00:00,4,4,1.040065534429843,0.7341321180285842,-0.3059334164012588,0.3059334164012588,DEFICIT_PRESSURE,14
6492.08,2026-06-18 04:00:00,0,3,0.6971899623581672,0.9537216685973295,0.2565317062391623,0.2565317062391623,SURPLUS_PRESSURE,15
6822.09,2026-06-18 04:00:00,0,1,1.4346580846396373,1.6622540446971226,0.22759596005748528,0.22759596005748528,SURPLUS_PRESSURE,16
6173.08,2026-06-18 04:00:00,0,1,0.5334751148036487,0.34677642525027735,-0.18669868955337138,0.18669868955337138,DEFICIT_PRESSURE,17
6432.09,2026-06-18 04:00:00,0,0,0.4737361933067335,0.624801898039524,0.15106570473279052,0.15106570473279052,SURPLUS_PRESSURE,18
6948.10,2026-06-18 04:00:00,0,0,0.4435784677808218,0.3416228965247414,-0.10195557125608035,0.10195557125608035,DEFICIT_PRESSURE,19
6233.04,2026-06-18 04:00:00,0,0,0.11952316797846892,0.1903859250875119,0.07086275710904298,0.07086275710904298,SURPLUS_PRESSURE,20
6233.04,2026-06-18 05:00:00,1,12,1.52832725668098,18.87963359810397,17.351306341422987,17.351306341422987,SURPLUS_PRESSURE,1
6822.09,2026-06-18 05:00:00,3,10,2.6155900160559282,7.788295508500087,5.172705492444159,5.172705492444159,SURPLUS_PRESSURE,2
6459.07,2026-06-18 05:00:00,4,2,7.178361285265005,2.097073510065588,-5.081287775199417,5.081287775199417,DEFICIT_PRESSURE,3
5905.14,2026-06-18 05:00:00,2,4,3.986471951517532,7.425922750611591,3.4394507990940584,3.4394507990940584,SURPLUS_PRESSURE,4
6726.01,2026-06-18 05:00:00,6,3,4.83573881073501,2.0140108792653986,-2.8217279314696113,2.8217279314696113,DEFICIT_PRESSURE,5
6331.01,2026-06-18 05:00:00,14,13,8.69563783200744,6.129343339826192,-2.5662944921812487,2.5662944921812487,DEFICIT_PRESSURE,6
6432.09,2026-06-18 05:00:00,3,4,5.090650202452275,6.812038332771631,1.7213881303193563,1.7213881303193563,SURPLUS_PRESSURE,7
6173.08,2026-06-18 05:00:00,0,4,1.1534023795828907,2.599471884306812,1.4460695047239214,1.4460695047239214,SURPLUS_PRESSURE,8
5374.01,2026-06-18 05:00:00,3,2,1.5505130584295232,2.5874024755616123,1.036889417132089,1.036889417132089,SURPLUS_PRESSURE,9
6912.01,2026-06-18 05:00:00,1,8,0.7651915020647312,1.7628613379623388,0.9976698358976076,0.9976698358976076,SURPLUS_PRESSURE,10
6140.05,2026-06-18 05:00:00,2,5,1.923709322402542,2.8952642809394367,0.9715549585368946,0.9715549585368946,SURPLUS_PRESSURE,11
5980.10,2026-06-18 05:00:00,0,1,1.54929410420299,0.7918226907736416,-0.7574714134293483,0.7574714134293483,DEFICIT_PRESSURE,12
5492.05,2026-06-18 05:00:00,3,2,1.9095819473434892,1.1682972167644137,-0.7412847305790755,0.7412847305790755,DEFICIT_PRESSURE,13
6364.07,2026-06-18 05:00:00,1,2,4.551356401147466,3.863368226021326,-0.6879881751261396,0.6879881751261396,DEFICIT_PRESSURE,14
6072.06,2026-06-18 05:00:00,5,2,1.8472976249665363,1.2417961354219011,-0.6055014895446351,0.6055014895446351,DEFICIT_PRESSURE,15
5763.03,2026-06-18 05:00:00,3,2,2.73588301819667,2.171530334210905,-0.5643526839857649,0.5643526839857649,DEFICIT_PRESSURE,16
6492.08,2026-06-18 05:00:00,4,5,3.616850044620998,4.0579572000709225,0.4411071554499246,0.4411071554499246,SURPLUS_PRESSURE,17
5905.12,2026-06-18 05:00:00,6,9,4.309218070274173,4.717879055365972,0.4086609850917995,0.4086609850917995,SURPLUS_PRESSURE,18
5712.03,2026-06-18 05:00:00,2,2,4.209279097729061,3.839231442939428,-0.37004765478963275,0.37004765478963275,DEFICIT_PRESSURE,19
6948.10,2026-06-18 05:00:00,5,4,2.4807292450440945,2.371660351397431,-0.1090688936466635,0.1090688936466635,DEFICIT_PRESSURE,20
6822.09,2026-06-18 06:00:00,12,47,8.782582117685973,47.727947033358845,38.94536491567287,38.94536491567287,SURPLUS_PRESSURE,1
6233.04,2026-06-18 06:00:00,5,29,6.148173273242792,16.091281257893517,9.943107984650725,9.943107984650725,SURPLUS_PRESSURE,2
6331.01,2026-06-18 06:00:00,35,26,26.091638805150453,16.408964181503737,-9.682674623646715,9.682674623646715,DEFICIT_PRESSURE,3
5712.03,2026-06-18 06:00:00,5,17,6.873744623370259,16.217827934734384,9.344083311364125,9.344083311364125,SURPLUS_PRESSURE,4
6726.01,2026-06-18 06:00:00,18,4,16.018016439792845,6.798907183747401,-9.219109256045444,9.219109256045444,DEFICIT_PRESSURE,5
6912.01,2026-06-18 06:00:00,17,18,7.327929645539841,16.344954416290953,9.017024770751112,9.017024770751112,SURPLUS_PRESSURE,6
6140.05,2026-06-18 06:00:00,12,8,9.078113432246866,14.898173872047723,5.820060439800857,5.820060439800857,SURPLUS_PRESSURE,7
6432.09,2026-06-18 06:00:00,30,32,16.227701258079627,21.284829582127145,5.057128324047518,5.057128324047518,SURPLUS_PRESSURE,8
6364.07,2026-06-18 06:00:00,6,5,11.811273994917379,7.011946070976786,-4.799327923940592,4.799327923940592,DEFICIT_PRESSURE,9
5905.12,2026-06-18 06:00:00,12,25,9.685448456953738,14.12243618383028,4.436987726876541,4.436987726876541,SURPLUS_PRESSURE,10
6173.08,2026-06-18 06:00:00,6,10,4.665551650842717,8.799667096563002,4.134115445720285,4.134115445720285,SURPLUS_PRESSURE,11
5980.10,2026-06-18 06:00:00,8,3,5.211457843359977,1.6367314946527247,-3.574726348707252,3.574726348707252,DEFICIT_PRESSURE,12
6948.10,2026-06-18 06:00:00,4,16,9.987168292315555,12.81181291316009,2.824644620844534,2.824644620844534,SURPLUS_PRESSURE,13
5905.14,2026-06-18 06:00:00,12,10,7.429870032659851,9.948870680845133,2.5190006481852816,2.5190006481852816,SURPLUS_PRESSURE,14
5763.03,2026-06-18 06:00:00,14,6,7.195034060407619,4.7032560108365855,-2.4917780495710335,2.4917780495710335,DEFICIT_PRESSURE,15
5492.05,2026-06-18 06:00:00,3,3,6.83053831602583,4.564831671627427,-2.265706644398403,2.265706644398403,DEFICIT_PRESSURE,16
6459.07,2026-06-18 06:00:00,5,7,8.85819440616226,7.07298875817786,-1.7852056479844007,1.7852056479844007,DEFICIT_PRESSURE,17
6492.08,2026-06-18 06:00:00,25,27,10.540812340127777,9.126488706313278,-1.414323633814499,1.414323633814499,DEFICIT_PRESSURE,18
5374.01,2026-06-18 06:00:00,13,11,8.157865643944533,7.068871604443293,-1.0889940395012392,1.0889940395012392,DEFICIT_PRESSURE,19
6072.06,2026-06-18 06:00:00,9,9,6.167711159425961,6.005165069505438,-0.16254608992052333,0.16254608992052333,DEFICIT_PRESSURE,20
6822.09,2026-06-18 07:00:00,26,54,26.301754227507942,49.683281432097495,23.381527204589553,23.381527204589553,SURPLUS_PRESSURE,1
5712.03,2026-06-18 07:00:00,30,39,22.588509453781512,40.92394135956636,18.33543190578485,18.33543190578485,SURPLUS_PRESSURE,2
5980.10,2026-06-18 07:00:00,14,0,20.497045267237564,4.9124850857571,-15.584560181480462,15.584560181480462,DEFICIT_PRESSURE,3
6726.01,2026-06-18 07:00:00,34,14,27.633860948471323,12.375018103450374,-15.258842845020949,15.258842845020949,DEFICIT_PRESSURE,4
6432.09,2026-06-18 07:00:00,33,43,42.38882112128694,56.22760461429892,13.83878349301198,13.83878349301198,SURPLUS_PRESSURE,5
6492.08,2026-06-18 07:00:00,30,35,26.975132197822198,39.973571045719844,12.998438847897646,12.998438847897646,SURPLUS_PRESSURE,6
5763.03,2026-06-18 07:00:00,30,11,17.905158382296825,8.451370033951347,-9.453788348345478,9.453788348345478,DEFICIT_PRESSURE,7
6173.08,2026-06-18 07:00:00,22,20,11.886612124505994,20.853239209826803,8.966627085320809,8.966627085320809,SURPLUS_PRESSURE,8
6948.10,2026-06-18 07:00:00,26,30,19.612083481969997,26.260067827725592,6.647984345755596,6.647984345755596,SURPLUS_PRESSURE,9
5905.12,2026-06-18 07:00:00,41,40,17.533983773238766,23.652081471776597,6.118097698537831,6.118097698537831,SURPLUS_PRESSURE,10
5905.14,2026-06-18 07:00:00,17,15,16.893809822530635,21.311005639341825,4.417195816811191,4.417195816811191,SURPLUS_PRESSURE,11
5374.01,2026-06-18 07:00:00,17,16,16.025346822886892,19.638815405856437,3.6134685829695457,3.6134685829695457,SURPLUS_PRESSURE,12
6233.04,2026-06-18 07:00:00,28,25,25.602939775910365,29.171872036664105,3.5689322607537406,3.5689322607537406,SURPLUS_PRESSURE,13
6912.01,2026-06-18 07:00:00,18,17,18.690724465768383,21.764740001644622,3.0740155358762387,3.0740155358762387,SURPLUS_PRESSURE,14
6364.07,2026-06-18 07:00:00,14,14,18.32239415311142,16.530371510085743,-1.7920226430256783,1.7920226430256783,DEFICIT_PRESSURE,15
6459.07,2026-06-18 07:00:00,21,21,16.58065448218598,18.316589358191464,1.7359348760054836,1.7359348760054836,SURPLUS_PRESSURE,16
6140.05,2026-06-18 07:00:00,19,20,21.473604296310555,23.16276022685775,1.6891559305471944,1.6891559305471944,SURPLUS_PRESSURE,17
6072.06,2026-06-18 07:00:00,25,19,14.012691982922155,12.949970312412296,-1.062721670509859,1.062721670509859,DEFICIT_PRESSURE,18
6331.01,2026-06-18 07:00:00,34,34,34.12804919647971,34.664156381095324,0.5361071846156165,0.5361071846156165,SURPLUS_PRESSURE,19
5492.05,2026-06-18 07:00:00,11,11,11.359166426321728,11.000220542906577,-0.3589458834151511,0.3589458834151511,DEFICIT_PRESSURE,20
6492.08,2026-06-18 08:00:00,61,126,49.92544534580795,98.64315476190481,48.71770941609686,48.71770941609686,SURPLUS_PRESSURE,1
5980.10,2026-06-18 08:00:00,34,16,37.20846230158731,2.3456670025372324,-34.86279529905008,34.86279529905008,DEFICIT_PRESSURE,2
6173.08,2026-06-18 08:00:00,31,47,28.828833916626763,59.55443217054266,30.725598253915898,30.725598253915898,SURPLUS_PRESSURE,3
6459.07,2026-06-18 08:00:00,59,65,41.51286057238107,65.64291883116883,24.130058258787756,24.130058258787756,SURPLUS_PRESSURE,4
5905.12,2026-06-18 08:00:00,50,54,32.95566654410276,55.68905090939192,22.73338436528916,22.73338436528916,SURPLUS_PRESSURE,5
6140.05,2026-06-18 08:00:00,50,63,46.02395922199867,67.71719365079367,21.693234428795,21.693234428795,SURPLUS_PRESSURE,6
5712.03,2026-06-18 08:00:00,57,61,45.31531260216709,65.00963915860099,19.6943265564339,19.6943265564339,SURPLUS_PRESSURE,7
6822.09,2026-06-18 08:00:00,39,57,43.671416319925164,62.93216154459817,19.26074522467301,19.26074522467301,SURPLUS_PRESSURE,8
6726.01,2026-06-18 08:00:00,23,14,35.99154066919153,20.215824561985393,-15.775716107206136,15.775716107206136,DEFICIT_PRESSURE,9
6912.01,2026-06-18 08:00:00,36,49,29.56515445753697,44.80679812748898,15.241643669952012,15.241643669952012,SURPLUS_PRESSURE,10
5374.01,2026-06-18 08:00:00,36,25,36.709400756742866,22.707360105760777,-14.002040650982089,14.002040650982089,DEFICIT_PRESSURE,11
5905.14,2026-06-18 08:00:00,30,38,34.5460239779402,45.28575385154064,10.739729873600439,10.739729873600439,SURPLUS_PRESSURE,12
6432.09,2026-06-18 08:00:00,58,59,56.407942169326496,66.18403752768546,9.776095358358965,9.776095358358965,SURPLUS_PRESSURE,13
5492.05,2026-06-18 08:00:00,26,51,29.130558847925634,35.719677143609225,6.5891182956835905,6.5891182956835905,SURPLUS_PRESSURE,14
6233.04,2026-06-18 08:00:00,65,40,44.58735802248617,38.75459961366267,-5.832758408823501,5.832758408823501,DEFICIT_PRESSURE,15
5763.03,2026-06-18 08:00:00,32,32,35.307168889194884,30.289346656668243,-5.01782223252664,5.01782223252664,DEFICIT_PRESSURE,16
6364.07,2026-06-18 08:00:00,27,29,30.959160609243686,34.75364487931276,3.7944842700690735,3.7944842700690735,SURPLUS_PRESSURE,17
6331.01,2026-06-18 08:00:00,35,33,40.02797503782397,43.323201527398076,3.2952264895741052,3.2952264895741052,SURPLUS_PRESSURE,18
6072.06,2026-06-18 08:00:00,44,36,28.98570704090218,26.18434738997434,-2.8013596509278393,2.8013596509278393,DEFICIT_PRESSURE,19
6948.10,2026-06-18 08:00:00,46,36,39.637982250720604,37.92859736714045,-1.7093848835801566,1.7093848835801566,DEFICIT_PRESSURE,20
6492.08,2026-06-18 09:00:00,36,85,42.048051106028545,95.48794642857142,53.439895322542874,53.439895322542874,SURPLUS_PRESSURE,1
6173.08,2026-06-18 09:00:00,25,58,26.56957644618369,57.35181199181574,30.782235545632048,30.782235545632048,SURPLUS_PRESSURE,2
6432.09,2026-06-18 09:00:00,40,60,38.88674612720396,64.89732355209249,26.010577424888524,26.010577424888524,SURPLUS_PRESSURE,3
6140.05,2026-06-18 09:00:00,44,53,39.41720602586646,65.41930753968252,26.002101513816058,26.002101513816058,SURPLUS_PRESSURE,4
6912.01,2026-06-18 09:00:00,31,62,32.24886398395056,54.04363748899527,21.794773505044716,21.794773505044716,SURPLUS_PRESSURE,5
6822.09,2026-06-18 09:00:00,19,23,25.689494698673954,46.51262178802577,20.823127089351814,20.823127089351814,SURPLUS_PRESSURE,6
5980.10,2026-06-18 09:00:00,48,20,40.16017960402914,19.352809147245825,-20.807370456783314,20.807370456783314,DEFICIT_PRESSURE,7
5492.05,2026-06-18 09:00:00,34,31,26.455866847032976,39.559971475554875,13.104104628521899,13.104104628521899,SURPLUS_PRESSURE,8
5374.01,2026-06-18 09:00:00,35,31,33.70855052006643,24.066503366925843,-9.642047153140588,9.642047153140588,DEFICIT_PRESSURE,9
5712.03,2026-06-18 09:00:00,46,44,42.18547567575232,50.21046798429795,8.024992308545627,8.024992308545627,SURPLUS_PRESSURE,10
6948.10,2026-06-18 09:00:00,35,38,35.7710055000033,43.62572555159354,7.854720051590242,7.854720051590242,SURPLUS_PRESSURE,11
6726.01,2026-06-18 09:00:00,12,11,25.387882652942544,18.25175402604685,-7.136128626895694,7.136128626895694,DEFICIT_PRESSURE,12
6459.07,2026-06-18 09:00:00,42,52,39.286228096657744,44.27161594819725,4.985387851539507,4.985387851539507,SURPLUS_PRESSURE,13
5905.12,2026-06-18 09:00:00,28,45,37.475813617155126,39.822190157526435,2.3463765403713097,2.3463765403713097,SURPLUS_PRESSURE,14
6331.01,2026-06-18 09:00:00,31,34,38.55375893080542,37.12011699245765,-1.433641938347769,1.433641938347769,DEFICIT_PRESSURE,15
6364.07,2026-06-18 09:00:00,27,35,38.24161152415892,39.3694327244437,1.127821200284778,1.127821200284778,SURPLUS_PRESSURE,16
5905.14,2026-06-18 09:00:00,26,31,30.653924011503904,31.75296656118228,1.0990425496783764,1.0990425496783764,SURPLUS_PRESSURE,17
5763.03,2026-06-18 09:00:00,22,31,27.02275939774765,25.957938928340976,-1.0648204694066727,1.0648204694066727,DEFICIT_PRESSURE,18
6072.06,2026-06-18 09:00:00,31,30,32.901595663996815,32.66214096933034,-0.2394546946664775,0.2394546946664775,DEFICIT_PRESSURE,19
6233.04,2026-06-18 09:00:00,35,31,45.03326970737888,44.79550939448468,-0.23776031289419564,0.23776031289419564,DEFICIT_PRESSURE,20
6140.05,2026-06-18 10:00:00,39,44,32.81897865341473,52.90548394675523,20.0865052933405,20.0865052933405,SURPLUS_PRESSURE,1
6492.08,2026-06-18 10:00:00,22,29,25.132805593777572,37.91569740834589,12.78289181456832,12.78289181456832,SURPLUS_PRESSURE,2
6331.01,2026-06-18 10:00:00,26,31,22.38191022819374,33.708115156256824,11.326204928063085,11.326204928063085,SURPLUS_PRESSURE,3
5980.10,2026-06-18 10:00:00,25,4,23.95580629981449,13.959005897510506,-9.996800402303984,9.996800402303984,DEFICIT_PRESSURE,4
6948.10,2026-06-18 10:00:00,22,19,27.80373684099004,34.778646416517574,6.974909575527533,6.974909575527533,SURPLUS_PRESSURE,5
6822.09,2026-06-18 10:00:00,14,13,20.819157900779075,25.105952550881135,4.28679465010206,4.28679465010206,SURPLUS_PRESSURE,6
5763.03,2026-06-18 10:00:00,34,54,15.618840174809655,19.687450642885043,4.068610468075388,4.068610468075388,SURPLUS_PRESSURE,7
6459.07,2026-06-18 10:00:00,17,21,23.32770137580045,19.793227120204552,-3.5344742555958995,3.5344742555958995,DEFICIT_PRESSURE,8
6432.09,2026-06-18 10:00:00,25,43,20.743677347818917,24.26720100097107,3.5235236531521537,3.5235236531521537,SURPLUS_PRESSURE,9
6173.08,2026-06-18 10:00:00,27,28,21.962755627115225,18.73903679535687,-3.2237188317583545,3.2237188317583545,DEFICIT_PRESSURE,10
6912.01,2026-06-18 10:00:00,22,24,33.17332668866851,30.19197023809525,-2.9813564505732586,2.9813564505732586,DEFICIT_PRESSURE,11
5712.03,2026-06-18 10:00:00,20,38,27.14479950764168,24.293381624463276,-2.851417883178403,2.851417883178403,DEFICIT_PRESSURE,12
6233.04,2026-06-18 10:00:00,27,30,25.94866322120363,24.186263398114544,-1.762399823089087,1.762399823089087,DEFICIT_PRESSURE,13
6364.07,2026-06-18 10:00:00,18,25,27.57336623017534,29.26808647417127,1.6947202439959312,1.6947202439959312,SURPLUS_PRESSURE,14
5905.12,2026-06-18 10:00:00,27,22,23.06335209790001,21.64169838284837,-1.4216537150516402,1.4216537150516402,DEFICIT_PRESSURE,15
6072.06,2026-06-18 10:00:00,19,14,18.449102217317765,19.784233609570705,1.33513139225294,1.33513139225294,SURPLUS_PRESSURE,16
5374.01,2026-06-18 10:00:00,24,31,20.262159584475484,21.546655078110277,1.2844954936347932,1.2844954936347932,SURPLUS_PRESSURE,17
6726.01,2026-06-18 10:00:00,11,12,14.852138368302656,13.768063099347433,-1.0840752689552229,1.0840752689552229,DEFICIT_PRESSURE,18
5492.05,2026-06-18 10:00:00,22,21,19.583496947983303,18.82542304749933,-0.7580739004839714,0.7580739004839714,DEFICIT_PRESSURE,19
5905.14,2026-06-18 10:00:00,28,27,23.55505061241394,23.627527944231105,0.07247733181716498,0.07247733181716498,SURPLUS_PRESSURE,20
5980.10,2026-06-18 11:00:00,33,6,30.42391222875142,4.421503314065032,-26.002408914686388,26.002408914686388,DEFICIT_PRESSURE,1
5374.01,2026-06-18 11:00:00,31,51,18.236598631278394,29.2243502282041,10.987751596925705,10.987751596925705,SURPLUS_PRESSURE,2
5763.03,2026-06-18 11:00:00,35,35,19.71511879948664,26.97045696005093,7.255338160564293,7.255338160564293,SURPLUS_PRESSURE,3
6364.07,2026-06-18 11:00:00,23,31,20.032717480199434,25.42318365879919,5.390466178599755,5.390466178599755,SURPLUS_PRESSURE,4
6822.09,2026-06-18 11:00:00,11,12,17.535064165265844,12.689116428365248,-4.845947736900596,4.845947736900596,DEFICIT_PRESSURE,5
5905.12,2026-06-18 11:00:00,26,49,26.225561052733934,21.51967090439934,-4.705890148334593,4.705890148334593,DEFICIT_PRESSURE,6
5712.03,2026-06-18 11:00:00,35,43,24.649547006325076,28.650988817958574,4.001441811633498,4.001441811633498,SURPLUS_PRESSURE,7
5905.14,2026-06-18 11:00:00,23,32,27.380264498912965,30.596076182927572,3.215811684014607,3.215811684014607,SURPLUS_PRESSURE,8
6492.08,2026-06-18 11:00:00,18,20,22.987261569656233,25.80329325064492,2.8160316809886865,2.8160316809886865,SURPLUS_PRESSURE,9
6173.08,2026-06-18 11:00:00,28,27,25.606672831801184,23.598836472775588,-2.007836359025596,2.007836359025596,DEFICIT_PRESSURE,10
6072.06,2026-06-18 11:00:00,19,34,15.590050405948391,17.286088239691278,1.6960378337428867,1.6960378337428867,SURPLUS_PRESSURE,11
6140.05,2026-06-18 11:00:00,25,47,32.93931291137698,31.36529765230039,-1.5740152590765888,1.5740152590765888,DEFICIT_PRESSURE,12
6948.10,2026-06-18 11:00:00,17,24,27.18702151362532,25.631257172786828,-1.5557643408384934,1.5557643408384934,DEFICIT_PRESSURE,13
6331.01,2026-06-18 11:00:00,22,29,26.823618532847544,28.24617109182023,1.4225525589726864,1.4225525589726864,SURPLUS_PRESSURE,14
6459.07,2026-06-18 11:00:00,17,22,19.62593179392525,20.75916780523627,1.1332360113110198,1.1332360113110198,SURPLUS_PRESSURE,15
6432.09,2026-06-18 11:00:00,14,15,24.64697054446164,23.515090143177616,-1.1318804012840253,1.1318804012840253,DEFICIT_PRESSURE,16
6726.01,2026-06-18 11:00:00,28,29,15.738019552519916,16.452816918542897,0.7147973660229816,0.7147973660229816,SURPLUS_PRESSURE,17
6233.04,2026-06-18 11:00:00,31,60,25.112936587185803,24.589216610020763,-0.5237199771650403,0.5237199771650403,DEFICIT_PRESSURE,18
6912.01,2026-06-18 11:00:00,45,34,24.651513884110074,25.0675183185053,0.4160044343952265,0.4160044343952265,SURPLUS_PRESSURE,19
5492.05,2026-06-18 11:00:00,33,34,19.699551775049272,19.548869215725276,-0.15068255932399666,0.15068255932399666,DEFICIT_PRESSURE,20
5980.10,2026-06-18 12:00:00,29,6,32.82019699917106,8.929944374218127,-23.890252624952932,23.890252624952932,DEFICIT_PRESSURE,1
6233.04,2026-06-18 12:00:00,22,22,28.085705156906656,41.78061884939467,13.694913692488015,13.694913692488015,SURPLUS_PRESSURE,2
6912.01,2026-06-18 12:00:00,53,35,44.19523168176961,31.890588863872182,-12.304642817897431,12.304642817897431,DEFICIT_PRESSURE,3
5905.12,2026-06-18 12:00:00,33,39,27.772801087217896,34.495030936605914,6.722229849388018,6.722229849388018,SURPLUS_PRESSURE,4
6072.06,2026-06-18 12:00:00,28,35,18.706116619150816,24.80209114189408,6.095974522743266,6.095974522743266,SURPLUS_PRESSURE,5
6822.09,2026-06-18 12:00:00,15,15,16.56491755052013,21.548093420468305,4.983175869948177,4.983175869948177,SURPLUS_PRESSURE,6
6140.05,2026-06-18 12:00:00,34,43,31.205309385142435,35.9674254942678,4.762116109125365,4.762116109125365,SURPLUS_PRESSURE,7
5712.03,2026-06-18 12:00:00,33,42,26.74952044243405,31.48911216312169,4.739591720687638,4.739591720687638,SURPLUS_PRESSURE,8
6364.07,2026-06-18 12:00:00,23,34,19.68047669379809,24.185296901854127,4.504820208056035,4.504820208056035,SURPLUS_PRESSURE,9
6948.10,2026-06-18 12:00:00,42,32,23.177112643895356,27.387176776194355,4.210064132298999,4.210064132298999,SURPLUS_PRESSURE,10
5905.14,2026-06-18 12:00:00,17,34,25.558794550412784,27.954455584147464,2.3956610337346795,2.3956610337346795,SURPLUS_PRESSURE,11
6459.07,2026-06-18 12:00:00,25,30,18.659636899540263,20.668519859137334,2.00888295959707,2.00888295959707,SURPLUS_PRESSURE,12
6492.08,2026-06-18 12:00:00,32,42,28.829320972645554,26.857992008473254,-1.9713289641723009,1.9713289641723009,DEFICIT_PRESSURE,13
5492.05,2026-06-18 12:00:00,54,50,29.76828517434771,31.6715094213475,1.903224246999791,1.903224246999791,SURPLUS_PRESSURE,14
6331.01,2026-06-18 12:00:00,36,61,27.18410754519485,25.70257337156188,-1.4815341736329692,1.4815341736329692,DEFICIT_PRESSURE,15
6432.09,2026-06-18 12:00:00,18,39,19.229269181998045,20.616956016471395,1.3876868344733495,1.3876868344733495,SURPLUS_PRESSURE,16
6726.01,2026-06-18 12:00:00,28,30,26.54993857635848,25.220993875832356,-1.3289447005261223,1.3289447005261223,DEFICIT_PRESSURE,17
5374.01,2026-06-18 12:00:00,45,36,25.403957272269604,26.61582451074189,1.211867238472287,1.211867238472287,SURPLUS_PRESSURE,18
5763.03,2026-06-18 12:00:00,23,37,24.146358562432606,25.09885212798979,0.9524935655571838,0.9524935655571838,SURPLUS_PRESSURE,19
6173.08,2026-06-18 12:00:00,35,40,29.02267758219196,28.609487857059367,-0.4131897251325931,0.4131897251325931,DEFICIT_PRESSURE,20
5980.10,2026-06-18 13:00:00,43,7,30.9275508018173,6.238157847540773,-24.689392954276528,24.689392954276528,DEFICIT_PRESSURE,1
6331.01,2026-06-18 13:00:00,39,50,29.284855310774105,47.37340334648186,18.088548035707753,18.088548035707753,SURPLUS_PRESSURE,2
5763.03,2026-06-18 13:00:00,24,29,20.434458509961292,32.41662263459179,11.982164124630497,11.982164124630497,SURPLUS_PRESSURE,3
6364.07,2026-06-18 13:00:00,27,31,21.792040032803815,33.318718828627,11.526678795823184,11.526678795823184,SURPLUS_PRESSURE,4
5374.01,2026-06-18 13:00:00,21,27,36.49082659766928,26.345689216370907,-10.145137381298376,10.145137381298376,DEFICIT_PRESSURE,5
6912.01,2026-06-18 13:00:00,56,38,40.40429955379931,31.059059669092445,-9.345239884706867,9.345239884706867,DEFICIT_PRESSURE,6
5905.14,2026-06-18 13:00:00,24,41,25.789432434636865,34.52655175836638,8.737119323729516,8.737119323729516,SURPLUS_PRESSURE,7
6948.10,2026-06-18 13:00:00,29,38,36.33590904763551,28.01468925879435,-8.321219788841162,8.321219788841162,DEFICIT_PRESSURE,8
6432.09,2026-06-18 13:00:00,20,21,17.887593345778097,25.31601234933827,7.4284190035601725,7.4284190035601725,SURPLUS_PRESSURE,9
6173.08,2026-06-18 13:00:00,25,42,32.95460181612958,29.963691925862673,-2.9909098902669093,2.9909098902669093,DEFICIT_PRESSURE,10
5712.03,2026-06-18 13:00:00,38,31,29.69779644780351,32.5215852864562,2.8237888386526926,2.8237888386526926,SURPLUS_PRESSURE,11
6140.05,2026-06-18 13:00:00,38,30,34.348581220750624,36.55196696520888,2.2033857444582523,2.2033857444582523,SURPLUS_PRESSURE,12
6726.01,2026-06-18 13:00:00,23,30,29.831874923290716,27.754259139925185,-2.0776157833655304,2.0776157833655304,DEFICIT_PRESSURE,13
6459.07,2026-06-18 13:00:00,27,24,22.594493788546096,24.61431073908317,2.0198169505370736,2.0198169505370736,SURPLUS_PRESSURE,14
6492.08,2026-06-18 13:00:00,30,30,30.36313896720462,31.333973897078057,0.9708349298734369,0.9708349298734369,SURPLUS_PRESSURE,15
5905.12,2026-06-18 13:00:00,36,35,29.99084465478087,30.79649741630067,0.8056527615198021,0.8056527615198021,SURPLUS_PRESSURE,16
5492.05,2026-06-18 13:00:00,29,29,38.27983715607606,37.56410787816184,-0.715729277914221,0.715729277914221,DEFICIT_PRESSURE,17
6233.04,2026-06-18 13:00:00,25,25,25.18637973683376,24.791288754327656,-0.39509098250610464,0.39509098250610464,DEFICIT_PRESSURE,18
6822.09,2026-06-18 13:00:00,24,21,20.17993040632817,19.872504099884935,-0.30742630644323654,0.30742630644323654,DEFICIT_PRESSURE,19
6072.06,2026-06-18 13:00:00,26,33,27.246699631922993,27.493878007707327,0.24717837578433333,0.24717837578433333,SURPLUS_PRESSURE,20
5980.10,2026-06-18 14:00:00,37,10,30.066969883733144,10.58645762498913,-19.480512258744014,19.480512258744014,DEFICIT_PRESSURE,1
6331.01,2026-06-18 14:00:00,48,59,31.75459373872538,49.67681313359952,17.922219394874137,17.922219394874137,SURPLUS_PRESSURE,2
6912.01,2026-06-18 14:00:00,66,59,43.49503369784399,30.521730473598154,-12.97330322424584,12.97330322424584,DEFICIT_PRESSURE,3
6948.10,2026-06-18 14:00:00,34,31,21.604842602858653,28.431943101051438,6.8271004981927845,6.8271004981927845,SURPLUS_PRESSURE,4
6364.07,2026-06-18 14:00:00,17,36,22.985776121908867,29.543582035179664,6.557805913270798,6.557805913270798,SURPLUS_PRESSURE,5
6726.01,2026-06-18 14:00:00,33,44,24.332106674032694,29.25265493481431,4.920548260781615,4.920548260781615,SURPLUS_PRESSURE,6
6072.06,2026-06-18 14:00:00,28,21,21.260768463975225,26.12289900868973,4.862130544714503,4.862130544714503,SURPLUS_PRESSURE,7
5374.01,2026-06-18 14:00:00,31,30,23.359171209389228,28.00698718603722,4.647815976647994,4.647815976647994,SURPLUS_PRESSURE,8
6492.08,2026-06-18 14:00:00,38,33,35.68768251232444,31.17272065608129,-4.514961856243154,4.514961856243154,DEFICIT_PRESSURE,9
6140.05,2026-06-18 14:00:00,31,31,33.316471399313,29.591926599703893,-3.7245447996091094,3.7245447996091094,DEFICIT_PRESSURE,10
5763.03,2026-06-18 14:00:00,42,29,22.746333640037374,26.130594405072223,3.384260765034849,3.384260765034849,SURPLUS_PRESSURE,11
5712.03,2026-06-18 14:00:00,45,31,28.78585611650645,25.821938048836483,-2.963918067669969,2.963918067669969,DEFICIT_PRESSURE,12
6233.04,2026-06-18 14:00:00,32,23,26.858225749447094,29.385271614026614,2.52704586457952,2.52704586457952,SURPLUS_PRESSURE,13
6173.08,2026-06-18 14:00:00,30,38,28.91483357674945,30.67835451744298,1.7635209406935282,1.7635209406935282,SURPLUS_PRESSURE,14
5905.14,2026-06-18 14:00:00,51,25,28.077140674927488,29.570560852627622,1.4934201777001341,1.4934201777001341,SURPLUS_PRESSURE,15
5905.12,2026-06-18 14:00:00,38,40,29.667283546386106,28.779782213808698,-0.8875013325774077,0.8875013325774077,DEFICIT_PRESSURE,16
6822.09,2026-06-18 14:00:00,19,14,24.547105261431817,25.193579605163873,0.6464743437320557,0.6464743437320557,SURPLUS_PRESSURE,17
6459.07,2026-06-18 14:00:00,21,26,24.844722440328304,24.36778786285467,-0.4769345774736351,0.4769345774736351,DEFICIT_PRESSURE,18
6432.09,2026-06-18 14:00:00,26,23,21.4962274595745,21.09914335328004,-0.39708410629445723,0.39708410629445723,DEFICIT_PRESSURE,19
5492.05,2026-06-18 14:00:00,42,33,26.12950578499811,25.92167061036462,-0.20783517463348744,0.20783517463348744,DEFICIT_PRESSURE,20
5980.10,2026-06-18 15:00:00,42,7,34.03978215262136,9.596018523586633,-24.44376362903473,24.44376362903473,DEFICIT_PRESSURE,1
6331.01,2026-06-18 15:00:00,32,51,39.361341585917124,59.50456803181013,20.143226445893006,20.143226445893006,SURPLUS_PRESSURE,2
6364.07,2026-06-18 15:00:00,48,49,18.4256381281426,31.27598085645155,12.850342728308949,12.850342728308949,SURPLUS_PRESSURE,3
6822.09,2026-06-18 15:00:00,29,24,31.14295802617497,18.772562978753996,-12.370395047420974,12.370395047420974,DEFICIT_PRESSURE,4
5905.14,2026-06-18 15:00:00,49,44,38.895310775816505,28.218666060719205,-10.6766447150973,10.6766447150973,DEFICIT_PRESSURE,5
5763.03,2026-06-18 15:00:00,25,29,34.8372882614775,24.809333077527903,-10.027955183949594,10.027955183949594,DEFICIT_PRESSURE,6
6726.01,2026-06-18 15:00:00,23,32,29.979519348648104,38.14732379625153,8.167804447603423,8.167804447603423,SURPLUS_PRESSURE,7
5492.05,2026-06-18 15:00:00,39,45,36.06666330112635,29.675682529342804,-6.390980771783543,6.390980771783543,DEFICIT_PRESSURE,8
6912.01,2026-06-18 15:00:00,36,77,45.180914718075236,39.15548874019825,-6.025425977876985,6.025425977876985,DEFICIT_PRESSURE,9
6140.05,2026-06-18 15:00:00,48,36,36.124145071666305,30.362576588732345,-5.76156848293396,5.76156848293396,DEFICIT_PRESSURE,10
6072.06,2026-06-18 15:00:00,26,23,28.771961251059665,23.423411387393777,-5.3485498636658875,5.3485498636658875,DEFICIT_PRESSURE,11
5712.03,2026-06-18 15:00:00,36,28,36.43343707614019,32.1014419045115,-4.331995171628684,4.331995171628684,DEFICIT_PRESSURE,12
5905.12,2026-06-18 15:00:00,38,33,35.31223120552874,31.104974163894475,-4.207257041634264,4.207257041634264,DEFICIT_PRESSURE,13
6492.08,2026-06-18 15:00:00,37,32,32.86630998508896,28.926263040074872,-3.940046945014089,3.940046945014089,DEFICIT_PRESSURE,14
6233.04,2026-06-18 15:00:00,29,37,37.99358622460684,34.15627603923746,-3.8373101853693754,3.8373101853693754,DEFICIT_PRESSURE,15
5374.01,2026-06-18 15:00:00,21,22,27.679522251609374,30.08890568741157,2.409383435802198,2.409383435802198,SURPLUS_PRESSURE,16
6432.09,2026-06-18 15:00:00,33,30,25.823561769073,23.98573152219058,-1.8378302468824188,1.8378302468824188,DEFICIT_PRESSURE,17
6459.07,2026-06-18 15:00:00,23,29,27.98886158076475,29.193161489615026,1.2042999088502775,1.2042999088502775,SURPLUS_PRESSURE,18
6173.08,2026-06-18 15:00:00,44,31,31.523987643486375,32.23214574809366,0.708158104607282,0.708158104607282,SURPLUS_PRESSURE,19
6948.10,2026-06-18 15:00:00,33,35,29.548042575234277,29.56946793029471,0.021425355060433304,0.021425355060433304,SURPLUS_PRESSURE,20
5980.10,2026-06-18 16:00:00,53,5,41.79453224814227,8.799775503229782,-32.994756744912486,32.994756744912486,DEFICIT_PRESSURE,1
6822.09,2026-06-18 16:00:00,37,18,49.971588303733526,21.494598653101136,-28.47698965063239,28.47698965063239,DEFICIT_PRESSURE,2
6492.08,2026-06-18 16:00:00,58,51,65.13217228298122,37.26490471596436,-27.867267567016853,27.867267567016853,DEFICIT_PRESSURE,3
6331.01,2026-06-18 16:00:00,39,39,35.17301537273599,47.822877670830685,12.649862298094696,12.649862298094696,SURPLUS_PRESSURE,4
6173.08,2026-06-18 16:00:00,50,40,46.39627505658584,34.023777292544,-12.372497764041846,12.372497764041846,DEFICIT_PRESSURE,5
6912.01,2026-06-18 16:00:00,60,34,37.43655409801481,46.17527776835914,8.738723670344328,8.738723670344328,SURPLUS_PRESSURE,6
6140.05,2026-06-18 16:00:00,46,31,46.89563164779387,39.832928606788,-7.062703041005868,7.062703041005868,DEFICIT_PRESSURE,7
5763.03,2026-06-18 16:00:00,29,21,25.838828288373662,32.83099443396747,6.9921661455938064,6.9921661455938064,SURPLUS_PRESSURE,8
6726.01,2026-06-18 16:00:00,23,39,28.828476264140978,34.92603759646188,6.097561332320904,6.097561332320904,SURPLUS_PRESSURE,9
6432.09,2026-06-18 16:00:00,47,41,36.19639910183866,31.14150565699605,-5.054893444842609,5.054893444842609,DEFICIT_PRESSURE,10
6072.06,2026-06-18 16:00:00,36,40,28.18057363906437,33.02340500942032,4.8428313703559525,4.8428313703559525,SURPLUS_PRESSURE,11
5905.14,2026-06-18 16:00:00,37,34,41.77382048001228,37.09698049171764,-4.676839988294645,4.676839988294645,DEFICIT_PRESSURE,12
5905.12,2026-06-18 16:00:00,41,33,39.118844862245254,34.659057294374996,-4.459787567870258,4.459787567870258,DEFICIT_PRESSURE,13
6364.07,2026-06-18 16:00:00,25,31,37.91331543378244,40.7745380451352,2.8612226113527655,2.8612226113527655,SURPLUS_PRESSURE,14
5492.05,2026-06-18 16:00:00,50,36,42.69949547643857,45.008642713081166,2.3091472366425947,2.3091472366425947,SURPLUS_PRESSURE,15
6459.07,2026-06-18 16:00:00,33,23,34.106191444829626,32.35300383145733,-1.7531876133722974,1.7531876133722974,DEFICIT_PRESSURE,16
6233.04,2026-06-18 16:00:00,42,42,35.58035983732746,36.69164281881153,1.1112829814840737,1.1112829814840737,SURPLUS_PRESSURE,17
6948.10,2026-06-18 16:00:00,44,44,32.26838887960517,33.37699792400394,1.1086090443987686,1.1086090443987686,SURPLUS_PRESSURE,18
5374.01,2026-06-18 16:00:00,29,30,26.0224637912554,27.121899274937924,1.099435483682523,1.099435483682523,SURPLUS_PRESSURE,19
5712.03,2026-06-18 16:00:00,40,33,36.71872892926833,37.470728773336845,0.7519998440685143,0.7519998440685143,SURPLUS_PRESSURE,20
6492.08,2026-06-18 17:00:00,109,46,146.74250793650802,56.63407212868897,-90.10843580781905,90.10843580781905,DEFICIT_PRESSURE,1
5980.10,2026-06-18 17:00:00,51,6,62.5713832501063,7.087525805570407,-55.48385744453589,55.48385744453589,DEFICIT_PRESSURE,2
6173.08,2026-06-18 17:00:00,91,43,92.2758869047619,51.04472859110645,-41.231158313655456,41.231158313655456,DEFICIT_PRESSURE,3
6822.09,2026-06-18 17:00:00,68,29,62.12667980982954,24.187044269189563,-37.939635540639976,37.939635540639976,DEFICIT_PRESSURE,4
6432.09,2026-06-18 17:00:00,80,70,80.4661629106188,57.356227885187245,-23.10993502543156,23.10993502543156,DEFICIT_PRESSURE,5
6912.01,2026-06-18 17:00:00,79,65,63.11018243977677,44.24960458176249,-18.86057785801428,18.86057785801428,DEFICIT_PRESSURE,6
6459.07,2026-06-18 17:00:00,63,46,56.481757557512154,39.16476418409427,-17.316993373417887,17.316993373417887,DEFICIT_PRESSURE,7
6140.05,2026-06-18 17:00:00,57,48,73.48305440621995,58.3815330475361,-15.101521358683847,15.101521358683847,DEFICIT_PRESSURE,8
6331.01,2026-06-18 17:00:00,62,62,69.581007086261,57.86027695169575,-11.720730134565244,11.720730134565244,DEFICIT_PRESSURE,9
6726.01,2026-06-18 17:00:00,42,41,52.73028996522267,64.10877016380057,11.378480198577904,11.378480198577904,SURPLUS_PRESSURE,10
5905.12,2026-06-18 17:00:00,61,51,56.1690767724198,46.157023356950646,-10.012053415469154,10.012053415469154,DEFICIT_PRESSURE,11
5374.01,2026-06-18 17:00:00,44,44,36.503126998702726,46.103058310524204,9.599931311821479,9.599931311821479,SURPLUS_PRESSURE,12
6072.06,2026-06-18 17:00:00,41,47,48.2958066185039,56.393995583067415,8.098188964563512,8.098188964563512,SURPLUS_PRESSURE,13
5905.14,2026-06-18 17:00:00,41,33,61.929013516252546,54.454461383828054,-7.474552132424492,7.474552132424492,DEFICIT_PRESSURE,14
5763.03,2026-06-18 17:00:00,34,52,36.91222327429826,43.194637987012996,6.282414712714733,6.282414712714733,SURPLUS_PRESSURE,15
6233.04,2026-06-18 17:00:00,61,59,45.18237749703056,51.05476084220856,5.872383345178001,5.872383345178001,SURPLUS_PRESSURE,16
5492.05,2026-06-18 17:00:00,37,44,51.56324774494617,56.661650787435356,5.098403042489188,5.098403042489188,SURPLUS_PRESSURE,17
5712.03,2026-06-18 17:00:00,54,58,61.5685401685555,63.467821207528125,1.8992810389726245,1.8992810389726245,SURPLUS_PRESSURE,18
6948.10,2026-06-18 17:00:00,47,37,47.136533313067275,45.46016923278651,-1.676364080280763,1.676364080280763,DEFICIT_PRESSURE,19
6364.07,2026-06-18 17:00:00,47,49,56.93180991087674,57.89279932666116,0.9609894157844252,0.9609894157844252,SURPLUS_PRESSURE,20
5980.10,2026-06-18 18:00:00,50,9,68.74281789317175,7.370064883092473,-61.37275301007927,61.37275301007927,DEFICIT_PRESSURE,1
6173.08,2026-06-18 18:00:00,51,36,73.95842546576229,41.08028487452523,-32.878140591237056,32.878140591237056,DEFICIT_PRESSURE,2
6432.09,2026-06-18 18:00:00,95,51,81.27552490254355,49.297234720572916,-31.978290181970635,31.978290181970635,DEFICIT_PRESSURE,3
6822.09,2026-06-18 18:00:00,45,41,60.730271472504874,32.60014874457591,-28.130122727928963,28.130122727928963,DEFICIT_PRESSURE,4
5712.03,2026-06-18 18:00:00,64,54,79.30645887445888,59.37938161021982,-19.92707726423906,19.92707726423906,DEFICIT_PRESSURE,5
6492.08,2026-06-18 18:00:00,92,42,65.86779381035635,46.42092555316264,-19.446868257193707,19.446868257193707,DEFICIT_PRESSURE,6
5905.14,2026-06-18 18:00:00,57,59,56.57707094180137,42.11655063911492,-14.460520302686447,14.460520302686447,DEFICIT_PRESSURE,7
6072.06,2026-06-18 18:00:00,37,45,44.01502660841482,57.65608758416796,13.641060975753142,13.641060975753142,SURPLUS_PRESSURE,8
6726.01,2026-06-18 18:00:00,47,44,44.11266124568896,56.27521224322314,12.162550997534176,12.162550997534176,SURPLUS_PRESSURE,9
5763.03,2026-06-18 18:00:00,43,36,40.42774115853207,52.4335730633969,12.005831904864827,12.005831904864827,SURPLUS_PRESSURE,10
6331.01,2026-06-18 18:00:00,36,36,63.15879117546199,51.155290596921105,-12.003500578540887,12.003500578540887,DEFICIT_PRESSURE,11
5905.12,2026-06-18 18:00:00,54,46,60.557906677416575,49.68650223903604,-10.871404438380537,10.871404438380537,DEFICIT_PRESSURE,12
6140.05,2026-06-18 18:00:00,73,54,65.27274517867752,55.039597238137674,-10.233147940539851,10.233147940539851,DEFICIT_PRESSURE,13
5492.05,2026-06-18 18:00:00,58,54,50.86010286454617,40.996404234720906,-9.863698629825265,9.863698629825265,DEFICIT_PRESSURE,14
6459.07,2026-06-18 18:00:00,52,38,59.2319568357996,49.94540409932447,-9.28655273647513,9.28655273647513,DEFICIT_PRESSURE,15
6912.01,2026-06-18 18:00:00,47,46,55.565590823045184,46.4502943991122,-9.115296423932982,9.115296423932982,DEFICIT_PRESSURE,16
5374.01,2026-06-18 18:00:00,42,54,44.95727321318973,52.50477776581312,7.547504552623387,7.547504552623387,SURPLUS_PRESSURE,17
6364.07,2026-06-18 18:00:00,48,41,56.13535313954121,50.032465537971376,-6.102887601569833,6.102887601569833,DEFICIT_PRESSURE,18
6948.10,2026-06-18 18:00:00,37,37,42.939617176066264,39.33324197831271,-3.6063751977535574,3.6063751977535574,DEFICIT_PRESSURE,19
6233.04,2026-06-18 18:00:00,64,63,62.99788660536222,60.80532357795493,-2.1925630274072887,2.1925630274072887,DEFICIT_PRESSURE,20
5980.10,2026-06-18 19:00:00,52,12,49.16085737768106,11.907220599062736,-37.25363677861833,37.25363677861833,DEFICIT_PRESSURE,1
6492.08,2026-06-18 19:00:00,35,29,40.94860486505573,28.267561826783513,-12.681043038272215,12.681043038272215,DEFICIT_PRESSURE,2
6233.04,2026-06-18 19:00:00,51,55,68.25582519458028,55.99660272366525,-12.259222470915034,12.259222470915034,DEFICIT_PRESSURE,3
5763.03,2026-06-18 19:00:00,32,45,39.784698610512145,50.53260554220512,10.747906931692974,10.747906931692974,SURPLUS_PRESSURE,4
6072.06,2026-06-18 19:00:00,41,49,42.070187653163536,33.07920588728115,-8.990981765882388,8.990981765882388,DEFICIT_PRESSURE,5
5905.12,2026-06-18 19:00:00,54,40,42.668430375962814,33.76695661114629,-8.901473764816522,8.901473764816522,DEFICIT_PRESSURE,6
6173.08,2026-06-18 19:00:00,33,33,36.743583660710286,28.631856218375386,-8.1117274423349,8.1117274423349,DEFICIT_PRESSURE,7
6459.07,2026-06-18 19:00:00,40,37,33.902436858827045,27.520016826439686,-6.382420032387358,6.382420032387358,DEFICIT_PRESSURE,8
6364.07,2026-06-18 19:00:00,48,45,39.76066729168656,33.512554203811035,-6.248113087875524,6.248113087875524,DEFICIT_PRESSURE,9
6948.10,2026-06-18 19:00:00,24,22,32.49994878895106,26.407123019612158,-6.092825769338901,6.092825769338901,DEFICIT_PRESSURE,10
5712.03,2026-06-18 19:00:00,50,38,43.52101587301588,48.69734655792064,5.176330684904762,5.176330684904762,SURPLUS_PRESSURE,11
6822.09,2026-06-18 19:00:00,47,26,34.32024937559046,29.806052966643374,-4.5141964089470825,4.5141964089470825,DEFICIT_PRESSURE,12
5905.14,2026-06-18 19:00:00,35,39,40.629689005706076,36.522168928220566,-4.1075200774855105,4.1075200774855105,DEFICIT_PRESSURE,13
5374.01,2026-06-18 19:00:00,35,23,33.06051654398164,36.116245455166,3.05572891118436,3.05572891118436,SURPLUS_PRESSURE,14
6726.01,2026-06-18 19:00:00,43,43,39.64907095108906,36.76417210288989,-2.884898848199171,2.884898848199171,DEFICIT_PRESSURE,15
6331.01,2026-06-18 19:00:00,41,35,41.45134387932749,39.67818339961185,-1.7731604797156422,1.7731604797156422,DEFICIT_PRESSURE,16
5492.05,2026-06-18 19:00:00,38,35,37.09057484351236,36.09588221838969,-0.9946926251226671,0.9946926251226671,DEFICIT_PRESSURE,17
6912.01,2026-06-18 19:00:00,51,52,30.11145359433147,29.353551942957647,-0.757901651373821,0.757901651373821,DEFICIT_PRESSURE,18
6140.05,2026-06-18 19:00:00,35,36,44.29311111111112,44.95067918142373,0.6575680703126068,0.6575680703126068,SURPLUS_PRESSURE,19
6432.09,2026-06-18 19:00:00,39,43,35.32163073644029,35.00870494374046,-0.31292579269982923,0.31292579269982923,DEFICIT_PRESSURE,20
5980.10,2026-06-18 20:00:00,52,7,33.66566732862976,9.929181648020295,-23.736485680609462,23.736485680609462,DEFICIT_PRESSURE,1
6233.04,2026-06-18 20:00:00,48,34,45.228481166281014,35.51679615601911,-9.711685010261903,9.711685010261903,DEFICIT_PRESSURE,2
5374.01,2026-06-18 20:00:00,38,26,36.034665158627924,26.66343221357931,-9.371232945048614,9.371232945048614,DEFICIT_PRESSURE,3
5763.03,2026-06-18 20:00:00,28,29,27.442884838324254,36.152084681287604,8.70919984296335,8.70919984296335,SURPLUS_PRESSURE,4
6726.01,2026-06-18 20:00:00,39,36,31.648782311934404,38.030118785481875,6.381336473547471,6.381336473547471,SURPLUS_PRESSURE,5
6331.01,2026-06-18 20:00:00,35,36,32.234829308812216,26.224802142503542,-6.010027166308674,6.010027166308674,DEFICIT_PRESSURE,6
6432.09,2026-06-18 20:00:00,24,21,21.000467989556945,26.07117998551952,5.070711995962576,5.070711995962576,SURPLUS_PRESSURE,7
6912.01,2026-06-18 20:00:00,35,40,26.78693540262917,31.741959510193333,4.955024107564164,4.955024107564164,SURPLUS_PRESSURE,8
6364.07,2026-06-18 20:00:00,36,45,41.170118006326305,36.2631515850713,-4.906966421255007,4.906966421255007,DEFICIT_PRESSURE,9
5905.12,2026-06-18 20:00:00,37,32,37.0402951122898,32.37218699576719,-4.66810811652261,4.66810811652261,DEFICIT_PRESSURE,10
5492.05,2026-06-18 20:00:00,41,36,37.70920488992204,33.20383695185741,-4.50536793806463,4.50536793806463,DEFICIT_PRESSURE,11
5712.03,2026-06-18 20:00:00,34,27,38.93145658100737,34.86616856760401,-4.065288013403361,4.065288013403361,DEFICIT_PRESSURE,12
6822.09,2026-06-18 20:00:00,11,14,20.259064312127865,17.08662777458989,-3.172436537537976,3.172436537537976,DEFICIT_PRESSURE,13
6173.08,2026-06-18 20:00:00,20,19,21.71153138369918,24.547956450204257,2.8364250665050754,2.8364250665050754,SURPLUS_PRESSURE,14
6948.10,2026-06-18 20:00:00,26,31,17.672423313164426,20.056093726944297,2.383670413779871,2.383670413779871,SURPLUS_PRESSURE,15
5905.14,2026-06-18 20:00:00,32,26,27.15359282643146,29.311995133474056,2.1584023070425964,2.1584023070425964,SURPLUS_PRESSURE,16
6492.08,2026-06-18 20:00:00,19,23,20.97531427572242,21.612566454364384,0.6372521786419654,0.6372521786419654,SURPLUS_PRESSURE,17
6140.05,2026-06-18 20:00:00,25,23,30.424757486722992,29.809239250051455,-0.6155182366715373,0.6155182366715373,DEFICIT_PRESSURE,18
6459.07,2026-06-18 20:00:00,31,33,26.023289810323607,25.705559310304857,-0.3177305000187509,0.3177305000187509,DEFICIT_PRESSURE,19
6072.06,2026-06-18 20:00:00,45,30,31.32221107610339,31.548512041997437,0.22630096589404758,0.22630096589404758,SURPLUS_PRESSURE,20
5980.10,2026-06-18 21:00:00,25,3,25.640981462628357,6.444110883518029,-19.19687057911033,19.19687057911033,DEFICIT_PRESSURE,1
6072.06,2026-06-18 21:00:00,22,19,25.652934538804672,17.821447059666912,-7.83148747913776,7.83148747913776,DEFICIT_PRESSURE,2
6140.05,2026-06-18 21:00:00,9,19,19.06810243424778,11.619312576312584,-7.448789857935196,7.448789857935196,DEFICIT_PRESSURE,3
5374.01,2026-06-18 21:00:00,24,24,33.05939130152461,26.228030565267787,-6.831360736256826,6.831360736256826,DEFICIT_PRESSURE,4
6331.01,2026-06-18 21:00:00,11,14,25.444197739789765,19.054571770702402,-6.389625969087362,6.389625969087362,DEFICIT_PRESSURE,5
5905.12,2026-06-18 21:00:00,35,28,25.595985364214265,19.399008071183317,-6.1969772930309475,6.1969772930309475,DEFICIT_PRESSURE,6
6233.04,2026-06-18 21:00:00,26,8,24.301012465862346,18.340489152124377,-5.960523313737969,5.960523313737969,DEFICIT_PRESSURE,7
6432.09,2026-06-18 21:00:00,14,11,17.26654938667284,22.665918040086584,5.399368653413745,5.399368653413745,SURPLUS_PRESSURE,8
5492.05,2026-06-18 21:00:00,22,23,25.45147351743762,21.109970857994632,-4.3415026594429875,4.3415026594429875,DEFICIT_PRESSURE,9
5763.03,2026-06-18 21:00:00,21,19,25.10598181776963,21.19897861318999,-3.9070032045796417,3.9070032045796417,DEFICIT_PRESSURE,10
6822.09,2026-06-18 21:00:00,9,7,8.313372925939138,11.72648509481717,3.4131121688780315,3.4131121688780315,SURPLUS_PRESSURE,11
5712.03,2026-06-18 21:00:00,34,21,28.10053440731865,25.596973107702052,-2.5035612996165995,2.5035612996165995,DEFICIT_PRESSURE,12
6173.08,2026-06-18 21:00:00,11,10,13.118372286852239,10.99451322059093,-2.123859066261309,2.123859066261309,DEFICIT_PRESSURE,13
5905.14,2026-06-18 21:00:00,19,21,22.37361760978697,24.338195766948193,1.964578157161224,1.964578157161224,SURPLUS_PRESSURE,14
6364.07,2026-06-18 21:00:00,14,13,25.024773872994956,23.22172913265097,-1.803044740343985,1.803044740343985,DEFICIT_PRESSURE,15
6912.01,2026-06-18 21:00:00,22,19,21.28971981832751,19.75843294213719,-1.5312868761903182,1.5312868761903182,DEFICIT_PRESSURE,16
6726.01,2026-06-18 21:00:00,22,22,22.44698823046936,21.61308134577921,-0.8339068846901476,0.8339068846901476,DEFICIT_PRESSURE,17
6948.10,2026-06-18 21:00:00,13,11,14.84959572231427,14.402842951842878,-0.4467527704713916,0.4467527704713916,DEFICIT_PRESSURE,18
6459.07,2026-06-18 21:00:00,21,18,17.38298514325728,17.60967002711713,0.22668488385984986,0.22668488385984986,SURPLUS_PRESSURE,19
6492.08,2026-06-18 21:00:00,9,11,14.39561451557969,14.283956376779654,-0.11165813880003483,0.11165813880003483,DEFICIT_PRESSURE,20
5980.10,2026-06-18 22:00:00,13,3,13.726719420914266,2.631018234123991,-11.095701186790276,11.095701186790276,DEFICIT_PRESSURE,1
5712.03,2026-06-18 22:00:00,27,24,25.866284522245746,15.614988480245074,-10.251296042000671,10.251296042000671,DEFICIT_PRESSURE,2
6233.04,2026-06-18 22:00:00,11,15,19.170416105103815,10.185042286616413,-8.985373818487401,8.985373818487401,DEFICIT_PRESSURE,3
5905.14,2026-06-18 22:00:00,27,21,20.5316258443916,12.427662371776643,-8.103963472614955,8.103963472614955,DEFICIT_PRESSURE,4
6072.06,2026-06-18 22:00:00,13,16,22.528901432663762,14.657305518637118,-7.871595914026644,7.871595914026644,DEFICIT_PRESSURE,5
5905.12,2026-06-18 22:00:00,22,12,24.792000607104622,20.336098671274932,-4.45590193582969,4.45590193582969,DEFICIT_PRESSURE,6
5763.03,2026-06-18 22:00:00,28,16,19.114042021064662,14.876747833233894,-4.237294187830768,4.237294187830768,DEFICIT_PRESSURE,7
6331.01,2026-06-18 22:00:00,15,15,17.698681233487733,14.657006830457108,-3.0416744030306244,3.0416744030306244,DEFICIT_PRESSURE,8
6140.05,2026-06-18 22:00:00,18,14,10.869665235628458,13.310039889630671,2.4403746540022127,2.4403746540022127,SURPLUS_PRESSURE,9
5374.01,2026-06-18 22:00:00,22,21,18.74868043479005,21.14555216557146,2.3968717307814096,2.3968717307814096,SURPLUS_PRESSURE,10
6459.07,2026-06-18 22:00:00,8,9,14.271045199767707,16.38426059697873,2.1132153972110235,2.1132153972110235,SURPLUS_PRESSURE,11
6492.08,2026-06-18 22:00:00,13,18,9.660124581687008,11.259923044489598,1.5997984628025907,1.5997984628025907,SURPLUS_PRESSURE,12
5492.05,2026-06-18 22:00:00,20,17,17.632997533801714,16.098192873865706,-1.5348046599360075,1.5348046599360075,DEFICIT_PRESSURE,13
6912.01,2026-06-18 22:00:00,4,3,12.960540129707917,12.000008231288168,-0.9605318984197488,0.9605318984197488,DEFICIT_PRESSURE,14
6948.10,2026-06-18 22:00:00,13,10,9.04584981309785,9.973843527574946,0.9279937144770951,0.9279937144770951,SURPLUS_PRESSURE,15
6822.09,2026-06-18 22:00:00,6,12,7.887345950884208,8.748232229816928,0.8608862789327203,0.8608862789327203,SURPLUS_PRESSURE,16
6432.09,2026-06-18 22:00:00,12,13,17.421583304853726,16.96493488380174,-0.45664842105198744,0.45664842105198744,DEFICIT_PRESSURE,17
6364.07,2026-06-18 22:00:00,24,16,19.299663737640333,18.90077139894081,-0.3988923386995218,0.3988923386995218,DEFICIT_PRESSURE,18
6726.01,2026-06-18 22:00:00,11,16,18.265632999846307,18.009564092037646,-0.2560689078086611,0.2560689078086611,DEFICIT_PRESSURE,19
6173.08,2026-06-18 22:00:00,8,6,7.336850814715011,7.29160695449512,-0.04524386021989102,0.04524386021989102,DEFICIT_PRESSURE,20
5763.03,2026-06-18 23:00:00,25,22,17.924106426663954,8.343444064618689,-9.580662362045265,9.580662362045265,DEFICIT_PRESSURE,1
6364.07,2026-06-18 23:00:00,32,17,16.30374407549809,8.026601482031014,-8.277142593467078,8.277142593467078,DEFICIT_PRESSURE,2
5980.10,2026-06-18 23:00:00,8,0,10.111691648504673,2.3720125471941724,-7.7396791013105,7.7396791013105,DEFICIT_PRESSURE,3
6072.06,2026-06-18 23:00:00,18,11,8.87640329622003,14.427111672364251,5.550708376144222,5.550708376144222,SURPLUS_PRESSURE,4
6492.08,2026-06-18 23:00:00,15,11,10.025634775612652,14.227197084784736,4.201562309172084,4.201562309172084,SURPLUS_PRESSURE,5
6726.01,2026-06-18 23:00:00,11,11,7.578153323943383,11.38496865179643,3.806815327853048,3.806815327853048,SURPLUS_PRESSURE,6
6331.01,2026-06-18 23:00:00,33,20,12.858843280929364,9.202630584759099,-3.6562126961702646,3.6562126961702646,DEFICIT_PRESSURE,7
6233.04,2026-06-18 23:00:00,3,1,8.876472010652124,5.440801067543913,-3.435670943108211,3.435670943108211,DEFICIT_PRESSURE,8
6822.09,2026-06-18 23:00:00,12,8,5.999290765589105,9.297926465312134,3.298635699723029,3.298635699723029,SURPLUS_PRESSURE,9
6140.05,2026-06-18 23:00:00,15,14,14.61960295114023,11.431550747164714,-3.1880522039755164,3.1880522039755164,DEFICIT_PRESSURE,10
6459.07,2026-06-18 23:00:00,8,8,5.659236445940141,8.451835050826173,2.792598604886032,2.792598604886032,SURPLUS_PRESSURE,11
5905.12,2026-06-18 23:00:00,15,14,13.173618712749224,10.443793162129158,-2.729825550620067,2.729825550620067,DEFICIT_PRESSURE,12
5905.14,2026-06-18 23:00:00,10,8,13.652677390589432,11.851843843877791,-1.8008335467116403,1.8008335467116403,DEFICIT_PRESSURE,13
6912.01,2026-06-18 23:00:00,12,13,4.798147028427104,3.002388738108824,-1.7957582903182803,1.7957582903182803,DEFICIT_PRESSURE,14
5712.03,2026-06-18 23:00:00,16,18,16.90145228247893,18.66975603362909,1.7683037511501567,1.7683037511501567,SURPLUS_PRESSURE,15
5374.01,2026-06-18 23:00:00,21,17,17.389087119445467,15.623337525680457,-1.76574959376501,1.76574959376501,DEFICIT_PRESSURE,16
6948.10,2026-06-18 23:00:00,6,6,8.813622476225833,7.397548231531918,-1.416074244693915,1.416074244693915,DEFICIT_PRESSURE,17
5492.05,2026-06-18 23:00:00,14,18,14.590829510902708,13.226173452473565,-1.3646560584291425,1.3646560584291425,DEFICIT_PRESSURE,18
6173.08,2026-06-18 23:00:00,5,5,5.327922565333851,5.8748211375410095,0.5468985722071587,0.5468985722071587,SURPLUS_PRESSURE,19
6432.09,2026-06-18 23:00:00,10,10,10.486487893877355,10.955719017433182,0.4692311235558275,0.4692311235558275,SURPLUS_PRESSURE,20
6364.07,2026-06-19 00:00:00,11,3,17.968950873825534,7.4859512068092355,-10.482999667016298,10.482999667016298,DEFICIT_PRESSURE,1
6331.01,2026-06-19 00:00:00,21,13,18.301631442433724,10.730432638950505,-7.5711988034832185,7.5711988034832185,DEFICIT_PRESSURE,2
5763.03,2026-06-19 00:00:00,17,9,13.043445947723349,19.39396487059263,6.350518922869281,6.350518922869281,SURPLUS_PRESSURE,3
6072.06,2026-06-19 00:00:00,12,9,11.182520561580777,5.986493872589108,-5.196026688991669,5.196026688991669,DEFICIT_PRESSURE,4
5980.10,2026-06-19 00:00:00,5,1,5.419970539831561,0.6273918236111313,-4.792578716220429,4.792578716220429,DEFICIT_PRESSURE,5
5492.05,2026-06-19 00:00:00,8,8,8.930379034506664,13.42834389487307,4.497964860366405,4.497964860366405,SURPLUS_PRESSURE,6
6912.01,2026-06-19 00:00:00,3,3,3.7681945905726026,7.328391879500764,3.560197288928161,3.560197288928161,SURPLUS_PRESSURE,7
5712.03,2026-06-19 00:00:00,10,11,10.715213377888114,13.040443616480939,2.325230238592825,2.325230238592825,SURPLUS_PRESSURE,8
6492.08,2026-06-19 00:00:00,3,3,7.291295211992553,5.126484969361626,-2.164810242630927,2.164810242630927,DEFICIT_PRESSURE,9
6822.09,2026-06-19 00:00:00,4,8,6.600282172801271,4.6742483439509845,-1.9260338288502865,1.9260338288502865,DEFICIT_PRESSURE,10
6140.05,2026-06-19 00:00:00,8,5,10.106324468310032,8.48596781587702,-1.6203566524330117,1.6203566524330117,DEFICIT_PRESSURE,11
5905.12,2026-06-19 00:00:00,6,8,9.567920912532879,8.223495141536072,-1.344425770996807,1.344425770996807,DEFICIT_PRESSURE,12
6726.01,2026-06-19 00:00:00,4,4,4.200234874949214,5.038535990655696,0.8383011157064812,0.8383011157064812,SURPLUS_PRESSURE,13
6432.09,2026-06-19 00:00:00,5,5,5.731166601591341,5.173526476868272,-0.5576401247230693,0.5576401247230693,DEFICIT_PRESSURE,14
6173.08,2026-06-19 00:00:00,3,4,1.8925746893931787,2.3081540034088577,0.41557931401567894,0.41557931401567894,SURPLUS_PRESSURE,15
6948.10,2026-06-19 00:00:00,8,9,4.260033711498943,3.9758481430731543,-0.284185568425789,0.284185568425789,DEFICIT_PRESSURE,16
6233.04,2026-06-19 00:00:00,0,1,1.8033174536125811,1.993742592279598,0.19042513866701682,0.19042513866701682,SURPLUS_PRESSURE,17
5905.14,2026-06-19 00:00:00,5,4,4.497044369198847,4.36354555423781,-0.13349881496103766,0.13349881496103766,DEFICIT_PRESSURE,18
5374.01,2026-06-19 00:00:00,8,5,10.643510543712848,10.53080104811823,-0.1127094955946184,0.1127094955946184,DEFICIT_PRESSURE,19
6459.07,2026-06-19 00:00:00,10,15,4.666159872343121,4.689769729020539,0.02360985667741833,0.02360985667741833,SURPLUS_PRESSURE,20
6331.01,2026-06-19 01:00:00,6,3,14.985041570061828,7.438963032972277,-7.546078537089551,7.546078537089551,DEFICIT_PRESSURE,1
5763.03,2026-06-19 01:00:00,10,10,9.454392674622904,4.044800535772863,-5.409592138850041,5.409592138850041,DEFICIT_PRESSURE,2
6822.09,2026-06-19 01:00:00,1,8,1.164740826118606,4.197068306934934,3.032327480816328,3.032327480816328,SURPLUS_PRESSURE,3
6233.04,2026-06-19 01:00:00,0,0,0.20911377836339676,3.1296758404238436,2.920562062060447,2.920562062060447,SURPLUS_PRESSURE,4
5374.01,2026-06-19 01:00:00,17,14,4.799831134374127,1.9412753050089464,-2.858555829365181,2.858555829365181,DEFICIT_PRESSURE,5
6912.01,2026-06-19 01:00:00,5,3,1.0385900904524241,3.262684936081294,2.22409484562887,2.22409484562887,SURPLUS_PRESSURE,6
5905.12,2026-06-19 01:00:00,6,5,2.590644177615684,4.256709273097943,1.6660650954822591,1.6660650954822591,SURPLUS_PRESSURE,7
5712.03,2026-06-19 01:00:00,9,5,3.224848327042521,4.835272061798222,1.6104237347557016,1.6104237347557016,SURPLUS_PRESSURE,8
6459.07,2026-06-19 01:00:00,2,7,3.866147209903386,5.355106638495409,1.4889594285920227,1.4889594285920227,SURPLUS_PRESSURE,9
5980.10,2026-06-19 01:00:00,5,2,1.7457632134263645,0.29870077551174645,-1.4470624379146182,1.4470624379146182,DEFICIT_PRESSURE,10
6364.07,2026-06-19 01:00:00,12,7,4.881234041068878,3.541283957062742,-1.3399500840061362,1.3399500840061362,DEFICIT_PRESSURE,11
6072.06,2026-06-19 01:00:00,12,14,4.53694178299901,3.425543173268214,-1.1113986097307964,1.1113986097307964,DEFICIT_PRESSURE,12
6492.08,2026-06-19 01:00:00,2,3,0.9398711772758286,2.0439700632961078,1.1040988860202792,1.1040988860202792,SURPLUS_PRESSURE,13
6726.01,2026-06-19 01:00:00,4,4,2.7824915035185778,3.640868846528066,0.8583773430094883,0.8583773430094883,SURPLUS_PRESSURE,14
6140.05,2026-06-19 01:00:00,2,3,3.4159610449256452,2.6778291622968156,-0.7381318826288297,0.7381318826288297,DEFICIT_PRESSURE,15
5905.14,2026-06-19 01:00:00,3,0,2.4989296966608068,1.7921203301483866,-0.7068093665124202,0.7068093665124202,DEFICIT_PRESSURE,16
5492.05,2026-06-19 01:00:00,9,8,4.532470570836742,5.198800951374421,0.666330380537679,0.666330380537679,SURPLUS_PRESSURE,17
6432.09,2026-06-19 01:00:00,2,2,2.5739070790607235,3.0279034033919383,0.45399632433121484,0.45399632433121484,SURPLUS_PRESSURE,18
6173.08,2026-06-19 01:00:00,1,1,0.8263236209135628,1.1022545066251173,0.27593088571155444,0.27593088571155444,SURPLUS_PRESSURE,19
6948.10,2026-06-19 01:00:00,1,1,3.9075461792864887,4.155502869990452,0.24795669070396364,0.24795669070396364,SURPLUS_PRESSURE,20
6072.06,2026-06-19 02:00:00,10,4,3.696025525409317,5.993828550604512,2.297803025195195,2.297803025195195,SURPLUS_PRESSURE,1
6912.01,2026-06-19 02:00:00,4,3,1.6645922012298378,3.844781503462597,2.180189302232759,2.180189302232759,SURPLUS_PRESSURE,2
6364.07,2026-06-19 02:00:00,6,2,6.195551134256269,4.76944841219512,-1.4261027220611489,1.4261027220611489,DEFICIT_PRESSURE,3
5905.14,2026-06-19 02:00:00,4,7,2.4616803227482156,1.152647222241058,-1.3090331005071576,1.3090331005071576,DEFICIT_PRESSURE,4
5763.03,2026-06-19 02:00:00,5,7,2.6185740542726257,3.6867049899786473,1.0681309357060216,1.0681309357060216,SURPLUS_PRESSURE,5
6459.07,2026-06-19 02:00:00,1,7,1.006714104086699,2.0111867427429657,1.0044726386562668,1.0044726386562668,SURPLUS_PRESSURE,6
5905.12,2026-06-19 02:00:00,1,1,1.6771845358627393,0.8267350368123914,-0.850449499050348,0.850449499050348,DEFICIT_PRESSURE,7
5712.03,2026-06-19 02:00:00,4,4,2.9708235218355146,2.1686875284150307,-0.8021359934204839,0.8021359934204839,DEFICIT_PRESSURE,8
6822.09,2026-06-19 02:00:00,0,2,1.619230499082542,2.2754484814250664,0.6562179823425245,0.6562179823425245,SURPLUS_PRESSURE,9
5980.10,2026-06-19 02:00:00,4,1,1.465581904862902,0.9064807908739455,-0.5591011139889565,0.5591011139889565,DEFICIT_PRESSURE,10
6140.05,2026-06-19 02:00:00,3,2,1.7798859329630496,1.2343846679133303,-0.5455012650497193,0.5455012650497193,DEFICIT_PRESSURE,11
6726.01,2026-06-19 02:00:00,0,0,1.9298683251350235,1.4268269118100747,-0.5030414133249488,0.5030414133249488,DEFICIT_PRESSURE,12
5492.05,2026-06-19 02:00:00,5,5,2.7675990582252776,2.2733137864208937,-0.494285271804384,0.494285271804384,DEFICIT_PRESSURE,13
6948.10,2026-06-19 02:00:00,2,1,0.7221345858285345,1.1162517862657293,0.3941172004371948,0.3941172004371948,SURPLUS_PRESSURE,14
6492.08,2026-06-19 02:00:00,1,1,1.5269499848039647,1.2199452625651308,-0.3070047222388339,0.3070047222388339,DEFICIT_PRESSURE,15
6233.04,2026-06-19 02:00:00,1,0,0.38300847857817877,0.23852729685138183,-0.14448118172679694,0.14448118172679694,DEFICIT_PRESSURE,16
6173.08,2026-06-19 02:00:00,1,3,0.8200641801946921,0.9467257217937859,0.12666154159909382,0.12666154159909382,SURPLUS_PRESSURE,17
6331.01,2026-06-19 02:00:00,5,4,1.6709326684909473,1.792454284759187,0.12152161626823976,0.12152161626823976,SURPLUS_PRESSURE,18
5374.01,2026-06-19 02:00:00,9,5,6.170616240420968,6.09748182516677,-0.07313441525419861,0.07313441525419861,DEFICIT_PRESSURE,19
6432.09,2026-06-19 02:00:00,0,0,0.9794247612400885,1.0332571446041863,0.05383238336409779,0.05383238336409779,SURPLUS_PRESSURE,20
6364.07,2026-06-19 03:00:00,6,5,5.504964646593746,1.121410365963177,-4.383554280630569,4.383554280630569,DEFICIT_PRESSURE,1
6072.06,2026-06-19 03:00:00,6,1,3.5440915261856554,1.2845980382464746,-2.2594934879391806,2.2594934879391806,DEFICIT_PRESSURE,2
6459.07,2026-06-19 03:00:00,0,2,0.9941857009018222,2.464494542002529,1.4703088411007066,1.4703088411007066,SURPLUS_PRESSURE,3
6912.01,2026-06-19 03:00:00,2,0,2.5900191585440173,1.2436791397923797,-1.3463400187516377,1.3463400187516377,DEFICIT_PRESSURE,4
5905.14,2026-06-19 03:00:00,3,3,1.1927399954762279,2.3226981737065397,1.1299581782303119,1.1299581782303119,SURPLUS_PRESSURE,5
6331.01,2026-06-19 03:00:00,2,2,3.5575852056703683,2.5502346939595033,-1.007350511710865,1.007350511710865,DEFICIT_PRESSURE,6
5374.01,2026-06-19 03:00:00,2,3,3.2746060085779938,2.357740819551928,-0.916865189026066,0.916865189026066,DEFICIT_PRESSURE,7
5492.05,2026-06-19 03:00:00,2,1,2.8005825004072507,1.9905185332777073,-0.8100639671295433,0.8100639671295433,DEFICIT_PRESSURE,8
5712.03,2026-06-19 03:00:00,2,0,3.150098261821628,3.8730357626972456,0.7229375008756174,0.7229375008756174,SURPLUS_PRESSURE,9
5980.10,2026-06-19 03:00:00,0,0,0.9955014063670251,0.3297498740770229,-0.6657515322900023,0.6657515322900023,DEFICIT_PRESSURE,10
6432.09,2026-06-19 03:00:00,0,1,0.7114456657801886,0.28677778166706325,-0.4246678841131254,0.4246678841131254,DEFICIT_PRESSURE,11
6726.01,2026-06-19 03:00:00,0,0,0.47458417276343384,0.7568559284964852,0.28227175573305135,0.28227175573305135,SURPLUS_PRESSURE,12
6822.09,2026-06-19 03:00:00,1,1,0.5339389005283259,0.812665397235411,0.27872649670708505,0.27872649670708505,SURPLUS_PRESSURE,13
6173.08,2026-06-19 03:00:00,0,0,0.6932697175010591,0.9483591025930722,0.25508938509201307,0.25508938509201307,SURPLUS_PRESSURE,14
5763.03,2026-06-19 03:00:00,2,3,2.1918466539514414,2.4242983475366953,0.23245169358525386,0.23245169358525386,SURPLUS_PRESSURE,15
5905.12,2026-06-19 03:00:00,3,3,0.7318655319987755,0.5117554558066766,-0.22011007619209888,0.22011007619209888,DEFICIT_PRESSURE,16
6492.08,2026-06-19 03:00:00,2,1,0.6934470865523807,0.5129558639913018,-0.18049122256107897,0.18049122256107897,DEFICIT_PRESSURE,17
6140.05,2026-06-19 03:00:00,1,0,1.1324352132920679,1.0343940213151814,-0.09804119197688643,0.09804119197688643,DEFICIT_PRESSURE,18
6233.04,2026-06-19 03:00:00,0,0,0.16290073985342524,0.1839227389954627,0.02102199914203745,0.02102199914203745,SURPLUS_PRESSURE,19
6948.10,2026-06-19 03:00:00,1,3,0.6219052495394021,0.6315544961708539,0.009649246631451835,0.009649246631451835,SURPLUS_PRESSURE,20
5763.03,2026-06-19 04:00:00,1,2,7.248867477126515,1.3296998855764373,-5.919167591550078,5.919167591550078,DEFICIT_PRESSURE,1
6072.06,2026-06-19 04:00:00,1,1,3.123979332155051,0.5213789104178718,-2.602600421737179,2.602600421737179,DEFICIT_PRESSURE,2
6492.08,2026-06-19 04:00:00,2,0,0.6568584321912393,2.9857609677374692,2.32890253554623,2.32890253554623,SURPLUS_PRESSURE,3
5905.14,2026-06-19 04:00:00,2,3,0.8584968243589711,2.4527206750691515,1.5942238507101805,1.5942238507101805,SURPLUS_PRESSURE,4
6331.01,2026-06-19 04:00:00,3,2,2.7139647132634432,4.0089980700754575,1.2950333568120143,1.2950333568120143,SURPLUS_PRESSURE,5
5374.01,2026-06-19 04:00:00,3,2,0.7639161853185715,1.8682415027549786,1.1043253174364072,1.1043253174364072,SURPLUS_PRESSURE,6
6364.07,2026-06-19 04:00:00,4,2,3.1441433105718812,2.0565209820404173,-1.087622328531464,1.087622328531464,DEFICIT_PRESSURE,7
5905.12,2026-06-19 04:00:00,1,1,0.7077445454068347,1.7202331049580764,1.0124885595512416,1.0124885595512416,SURPLUS_PRESSURE,8
6173.08,2026-06-19 04:00:00,0,0,0.5494090114311235,1.5004416626647057,0.9510326512335822,0.9510326512335822,SURPLUS_PRESSURE,9
6912.01,2026-06-19 04:00:00,0,0,0.656044268723076,1.4606889244792418,0.8046446557561658,0.8046446557561658,SURPLUS_PRESSURE,10
6822.09,2026-06-19 04:00:00,0,2,0.7376383300577294,1.5099374130151408,0.7722990829574115,0.7722990829574115,SURPLUS_PRESSURE,11
6459.07,2026-06-19 04:00:00,1,1,2.1671539221811504,1.4491035348608343,-0.7180503873203161,0.7180503873203161,DEFICIT_PRESSURE,12
6140.05,2026-06-19 04:00:00,1,1,1.3027782342484848,1.9754027298681438,0.672624495619659,0.672624495619659,SURPLUS_PRESSURE,13
6726.01,2026-06-19 04:00:00,0,0,2.4340203957390827,1.9643036405621601,-0.4697167551769226,0.4697167551769226,DEFICIT_PRESSURE,14
5980.10,2026-06-19 04:00:00,0,0,0.706464469689317,0.242004055786557,-0.46446041390275994,0.46446041390275994,DEFICIT_PRESSURE,15
6948.10,2026-06-19 04:00:00,0,0,0.6111605844132825,1.0003249051323952,0.3891643207191128,0.3891643207191128,SURPLUS_PRESSURE,16
6432.09,2026-06-19 04:00:00,0,0,0.6131142433916431,0.9429347106611965,0.3298204672695534,0.3298204672695534,SURPLUS_PRESSURE,17
5712.03,2026-06-19 04:00:00,0,0,1.297154937975318,1.6160875725239159,0.3189326345485979,0.3189326345485979,SURPLUS_PRESSURE,18
5492.05,2026-06-19 04:00:00,0,0,1.2468434581928833,0.9665532428306081,-0.2802902153622753,0.2802902153622753,DEFICIT_PRESSURE,19
6233.04,2026-06-19 04:00:00,0,0,0.1034621849411421,0.32410330209066435,0.22064111714952225,0.22064111714952225,SURPLUS_PRESSURE,20
6233.04,2026-06-19 05:00:00,1,2,0.6422234766294284,10.598043611070995,9.955820134441566,9.955820134441566,SURPLUS_PRESSURE,1
6822.09,2026-06-19 05:00:00,8,8,2.2031612753790393,6.2811441391471305,4.077982863768091,4.077982863768091,SURPLUS_PRESSURE,2
6912.01,2026-06-19 05:00:00,0,2,1.3708252718021572,5.227537162367147,3.85671189056499,3.85671189056499,SURPLUS_PRESSURE,3
6140.05,2026-06-19 05:00:00,2,4,1.1186488548453501,4.618877894936907,3.5002290400915568,3.5002290400915568,SURPLUS_PRESSURE,4
6726.01,2026-06-19 05:00:00,3,0,4.0124414657356295,1.0447535710367055,-2.967687894698924,2.967687894698924,DEFICIT_PRESSURE,5
5905.14,2026-06-19 05:00:00,4,2,2.0840310575787613,4.742224679245367,2.6581936216666056,2.6581936216666056,SURPLUS_PRESSURE,6
6072.06,2026-06-19 05:00:00,0,0,4.05000195263737,2.0126666527927766,-2.0373352998445933,2.0373352998445933,DEFICIT_PRESSURE,7
5905.12,2026-06-19 05:00:00,4,2,3.96629294697903,2.0856434293025257,-1.8806495176765043,1.8806495176765043,DEFICIT_PRESSURE,8
6331.01,2026-06-19 05:00:00,13,11,12.42106412652995,10.73726648468287,-1.6837976418470806,1.6837976418470806,DEFICIT_PRESSURE,9
6459.07,2026-06-19 05:00:00,4,3,3.908580602596895,2.381499545946236,-1.5270810566506592,1.5270810566506592,DEFICIT_PRESSURE,10
5763.03,2026-06-19 05:00:00,6,1,3.6231101270100345,2.1128837414084027,-1.5102263856016318,1.5102263856016318,DEFICIT_PRESSURE,11
6948.10,2026-06-19 05:00:00,3,2,3.0476951942924906,1.7137773132553678,-1.3339178810371228,1.3339178810371228,DEFICIT_PRESSURE,12
6364.07,2026-06-19 05:00:00,3,1,2.6777434214420883,1.3463729770743849,-1.3313704443677035,1.3313704443677035,DEFICIT_PRESSURE,13
6173.08,2026-06-19 05:00:00,0,3,1.127269421521158,2.1606123738568246,1.0333429523356665,1.0333429523356665,SURPLUS_PRESSURE,14
5374.01,2026-06-19 05:00:00,1,4,2.058433083220069,2.717162701899877,0.658729618679808,0.658729618679808,SURPLUS_PRESSURE,15
5712.03,2026-06-19 05:00:00,2,3,2.830685016634392,3.3539406366263806,0.5232556199919887,0.5232556199919887,SURPLUS_PRESSURE,16
5980.10,2026-06-19 05:00:00,0,0,0.983411551385104,0.6216085048236062,-0.36180304656149787,0.36180304656149787,DEFICIT_PRESSURE,17
6432.09,2026-06-19 05:00:00,3,4,4.321311924634506,4.555781510830996,0.2344695861964894,0.2344695861964894,SURPLUS_PRESSURE,18
5492.05,2026-06-19 05:00:00,0,0,1.6630428687173582,1.8300900829757034,0.16704721425834523,0.16704721425834523,SURPLUS_PRESSURE,19
6492.08,2026-06-19 05:00:00,3,4,3.816815562282725,3.8449619757665108,0.02814641348378588,0.02814641348378588,SURPLUS_PRESSURE,20
6822.09,2026-06-19 06:00:00,8,34,15.375880791723441,49.30868722943721,33.93280643771377,33.93280643771377,SURPLUS_PRESSURE,1
6726.01,2026-06-19 06:00:00,8,6,15.177042954157141,4.394229984516282,-10.782812969640858,10.782812969640858,DEFICIT_PRESSURE,2
6331.01,2026-06-19 06:00:00,17,23,25.09786255780943,14.391301726616291,-10.70656083119314,10.70656083119314,DEFICIT_PRESSURE,3
6364.07,2026-06-19 06:00:00,5,7,13.786219169391075,4.3245624213148055,-9.461656748076269,9.461656748076269,DEFICIT_PRESSURE,4
5763.03,2026-06-19 06:00:00,4,4,11.366649012983128,2.97576574430136,-8.390883268681769,8.390883268681769,DEFICIT_PRESSURE,5
6912.01,2026-06-19 06:00:00,2,5,7.297201270083053,13.825571202827103,6.52836993274405,6.52836993274405,SURPLUS_PRESSURE,6
6948.10,2026-06-19 06:00:00,4,5,7.187257542309336,13.649763514217689,6.462505971908353,6.462505971908353,SURPLUS_PRESSURE,7
6233.04,2026-06-19 06:00:00,1,8,10.005796209909285,16.242893734818377,6.2370975249090925,6.2370975249090925,SURPLUS_PRESSURE,8
5905.12,2026-06-19 06:00:00,4,4,10.292196002676274,15.748344592155922,5.456148589479648,5.456148589479648,SURPLUS_PRESSURE,9
5980.10,2026-06-19 06:00:00,1,2,6.164453808514468,1.2129798139461025,-4.9514739945683655,4.9514739945683655,DEFICIT_PRESSURE,10
6072.06,2026-06-19 06:00:00,1,3,8.251034619498176,4.5940206324259965,-3.6570139870721796,3.6570139870721796,DEFICIT_PRESSURE,11
6459.07,2026-06-19 06:00:00,9,3,8.63847071864248,5.217055550431798,-3.4214151682106824,3.4214151682106824,DEFICIT_PRESSURE,12
5374.01,2026-06-19 06:00:00,5,12,9.206936233436664,5.900162723571652,-3.306773509865012,3.306773509865012,DEFICIT_PRESSURE,13
6492.08,2026-06-19 06:00:00,8,13,15.687037384779524,12.452352874084148,-3.2346845106953754,3.2346845106953754,DEFICIT_PRESSURE,14
5492.05,2026-06-19 06:00:00,1,4,4.633643318826659,2.5487581260937078,-2.084885192732951,2.084885192732951,DEFICIT_PRESSURE,15
5905.14,2026-06-19 06:00:00,3,4,10.39725845956949,12.37621008738498,1.9789516278154888,1.9789516278154888,SURPLUS_PRESSURE,16
5712.03,2026-06-19 06:00:00,5,7,8.246409104263877,9.356348716367295,1.1099396121034175,1.1099396121034175,SURPLUS_PRESSURE,17
6432.09,2026-06-19 06:00:00,9,14,16.857911184666545,17.882243489622734,1.0243323049561894,1.0243323049561894,SURPLUS_PRESSURE,18
6140.05,2026-06-19 06:00:00,4,6,11.047414740590213,10.225338560998173,-0.8220761795920399,0.8220761795920399,DEFICIT_PRESSURE,19
6173.08,2026-06-19 06:00:00,1,9,6.84317019829108,7.631722965240042,0.7885527669489614,0.7885527669489614,SURPLUS_PRESSURE,20
6822.09,2026-06-19 07:00:00,20,29,23.275677246364747,42.78674180934459,19.511064562979843,19.511064562979843,SURPLUS_PRESSURE,1
5712.03,2026-06-19 07:00:00,12,18,18.352658026113662,31.639947751322744,13.287289725209082,13.287289725209082,SURPLUS_PRESSURE,2
5980.10,2026-06-19 07:00:00,10,3,16.33395386200982,4.292712650193886,-12.041241211815935,12.041241211815935,DEFICIT_PRESSURE,3
6432.09,2026-06-19 07:00:00,15,18,25.022624989300247,36.34493337762452,11.322308388324274,11.322308388324274,SURPLUS_PRESSURE,4
6173.08,2026-06-19 07:00:00,2,5,6.389195579507658,17.26793111691653,10.878735537408872,10.878735537408872,SURPLUS_PRESSURE,5
6492.08,2026-06-19 07:00:00,9,14,16.885334081198454,25.534507855065204,8.64917377386675,8.64917377386675,SURPLUS_PRESSURE,6
6726.01,2026-06-19 07:00:00,8,11,21.54876711752034,14.054255878336665,-7.494511239183677,7.494511239183677,DEFICIT_PRESSURE,7
5763.03,2026-06-19 07:00:00,6,7,17.700317131398023,11.502875043868286,-6.197442087529737,6.197442087529737,DEFICIT_PRESSURE,8
5905.12,2026-06-19 07:00:00,9,11,18.04706369365929,23.605600541182504,5.558536847523214,5.558536847523214,SURPLUS_PRESSURE,9
6364.07,2026-06-19 07:00:00,12,6,15.937629353464771,11.756464309404137,-4.181165044060634,4.181165044060634,DEFICIT_PRESSURE,10
6331.01,2026-06-19 07:00:00,20,20,26.888016452812764,23.050896476935705,-3.8371199758770587,3.8371199758770587,DEFICIT_PRESSURE,11
6072.06,2026-06-19 07:00:00,6,9,12.469961507772547,15.291714773603081,2.8217532658305338,2.8217532658305338,SURPLUS_PRESSURE,12
6140.05,2026-06-19 07:00:00,7,11,20.812406268558572,18.254524386326292,-2.55788188223228,2.55788188223228,DEFICIT_PRESSURE,13
6233.04,2026-06-19 07:00:00,2,25,18.414285609857977,20.687102774520483,2.2728171646625057,2.2728171646625057,SURPLUS_PRESSURE,14
5905.14,2026-06-19 07:00:00,15,17,16.89082400868148,14.98664039675004,-1.9041836119314404,1.9041836119314404,DEFICIT_PRESSURE,15
5374.01,2026-06-19 07:00:00,8,9,14.835404742490159,16.39464367334664,1.5592389308564805,1.5592389308564805,SURPLUS_PRESSURE,16
6948.10,2026-06-19 07:00:00,13,11,18.42477191016761,16.878162876531125,-1.5466090336364857,1.5466090336364857,DEFICIT_PRESSURE,17
6912.01,2026-06-19 07:00:00,12,19,15.468445229653458,14.289092742816477,-1.1793524868369811,1.1793524868369811,DEFICIT_PRESSURE,18
6459.07,2026-06-19 07:00:00,15,5,15.64093994930877,16.160441648623586,0.5195016993148158,0.5195016993148158,SURPLUS_PRESSURE,19
5492.05,2026-06-19 07:00:00,5,7,7.32199360765945,7.825572879516537,0.5035792718570873,0.5035792718570873,SURPLUS_PRESSURE,20
5980.10,2026-06-19 08:00:00,14,5,31.760500180375193,4.242011571236121,-27.51848860913907,27.51848860913907,DEFICIT_PRESSURE,1
6140.05,2026-06-19 08:00:00,21,35,24.52464682539682,46.19841269841271,21.67376587301589,21.67376587301589,SURPLUS_PRESSURE,2
6492.08,2026-06-19 08:00:00,6,22,33.62132142857142,54.8053095238095,21.183988095238078,21.183988095238078,SURPLUS_PRESSURE,3
6233.04,2026-06-19 08:00:00,23,21,17.445188387635753,35.96229779520548,18.517109407569727,18.517109407569727,SURPLUS_PRESSURE,4
6173.08,2026-06-19 08:00:00,5,22,13.727648124935863,29.947081349206346,16.21943322427048,16.21943322427048,SURPLUS_PRESSURE,5
5712.03,2026-06-19 08:00:00,11,30,36.32349404761905,48.61765097402595,12.294156926406899,12.294156926406899,SURPLUS_PRESSURE,6
5492.05,2026-06-19 08:00:00,8,16,14.69578944016914,26.539499086411055,11.843709646241916,11.843709646241916,SURPLUS_PRESSURE,7
5374.01,2026-06-19 08:00:00,11,12,32.66798223834989,21.046732001737166,-11.621250236612727,11.621250236612727,DEFICIT_PRESSURE,8
6822.09,2026-06-19 08:00:00,21,27,30.413944174326346,40.45856043608252,10.044616261756175,10.044616261756175,SURPLUS_PRESSURE,9
6364.07,2026-06-19 08:00:00,15,14,28.596481647002243,18.70452245280771,-9.891959194194534,9.891959194194534,DEFICIT_PRESSURE,10
6432.09,2026-06-19 08:00:00,13,28,35.42738492063494,44.72891600845547,9.301531087820528,9.301531087820528,SURPLUS_PRESSURE,11
5905.14,2026-06-19 08:00:00,12,21,24.724308788433788,33.98493855691324,9.260629768479454,9.260629768479454,SURPLUS_PRESSURE,12
6726.01,2026-06-19 08:00:00,22,21,24.7456579262635,18.28784350339447,-6.457814422869031,6.457814422869031,DEFICIT_PRESSURE,13
5905.12,2026-06-19 08:00:00,6,14,34.66771428571429,40.7419007936508,6.07418650793651,6.07418650793651,SURPLUS_PRESSURE,14
5763.03,2026-06-19 08:00:00,14,10,19.138506993006995,13.141506753342355,-5.99700023966464,5.99700023966464,DEFICIT_PRESSURE,15
6459.07,2026-06-19 08:00:00,14,14,34.65711111111112,29.25280357142857,-5.404307539682552,5.404307539682552,DEFICIT_PRESSURE,16
6948.10,2026-06-19 08:00:00,11,19,32.30440164835166,27.922781268929512,-4.381620379422145,4.381620379422145,DEFICIT_PRESSURE,17
6331.01,2026-06-19 08:00:00,16,28,31.81989495244125,30.54761580343167,-1.2722791490095808,1.2722791490095808,DEFICIT_PRESSURE,18
6912.01,2026-06-19 08:00:00,19,20,33.95677597402596,35.15785596567175,1.2010799916457913,1.2010799916457913,SURPLUS_PRESSURE,19
6072.06,2026-06-19 08:00:00,10,17,19.6390992063492,20.626668869758678,0.9875696634094773,0.9875696634094773,SURPLUS_PRESSURE,20
6492.08,2026-06-19 09:00:00,6,33,13.134488914293255,52.631322871572884,39.49683395727963,39.49683395727963,SURPLUS_PRESSURE,1
6173.08,2026-06-19 09:00:00,14,27,12.523155694799835,38.26591137358391,25.74275567878408,25.74275567878408,SURPLUS_PRESSURE,2
6432.09,2026-06-19 09:00:00,9,28,21.926877490257663,43.85549111149325,21.928613621235588,21.928613621235588,SURPLUS_PRESSURE,3
6459.07,2026-06-19 09:00:00,10,7,20.854416853122533,41.327470829111796,20.473053975989263,20.473053975989263,SURPLUS_PRESSURE,4
5980.10,2026-06-19 09:00:00,26,5,23.655392572520928,7.103946862847238,-16.55144570967369,16.55144570967369,DEFICIT_PRESSURE,5
5712.03,2026-06-19 09:00:00,22,25,19.81017152629931,35.05133414802603,15.241162621726719,15.241162621726719,SURPLUS_PRESSURE,6
6140.05,2026-06-19 09:00:00,22,49,33.61758035860095,47.58156097295377,13.96398061435282,13.96398061435282,SURPLUS_PRESSURE,7
5905.12,2026-06-19 09:00:00,16,18,13.235881464396437,26.093311063176543,12.857429598780106,12.857429598780106,SURPLUS_PRESSURE,8
6822.09,2026-06-19 09:00:00,16,19,20.711137579552418,32.48548436985236,11.77434679029994,11.77434679029994,SURPLUS_PRESSURE,9
5492.05,2026-06-19 09:00:00,20,32,14.710123395862352,25.39170642156957,10.681583025707218,10.681583025707218,SURPLUS_PRESSURE,10
5905.14,2026-06-19 09:00:00,17,33,19.118540027967065,29.03232862585999,9.913788597892925,9.913788597892925,SURPLUS_PRESSURE,11
6948.10,2026-06-19 09:00:00,17,17,16.818837854714417,23.644112064814685,6.825274210100268,6.825274210100268,SURPLUS_PRESSURE,12
6072.06,2026-06-19 09:00:00,17,13,18.0481392201778,24.683355605934572,6.635216385756774,6.635216385756774,SURPLUS_PRESSURE,13
6233.04,2026-06-19 09:00:00,37,34,32.63236548443529,27.130319033681317,-5.502046450753973,5.502046450753973,DEFICIT_PRESSURE,14
6364.07,2026-06-19 09:00:00,11,21,20.822301612078753,25.283945994609454,4.4616443825307,4.4616443825307,SURPLUS_PRESSURE,15
6726.01,2026-06-19 09:00:00,21,19,24.945127057272558,20.690793785106788,-4.25433327216577,4.25433327216577,DEFICIT_PRESSURE,16
6912.01,2026-06-19 09:00:00,15,17,26.49746796753297,30.172138142951482,3.6746701754185125,3.6746701754185125,SURPLUS_PRESSURE,17
6331.01,2026-06-19 09:00:00,14,26,24.959647406152172,27.753434871290338,2.7937874651381662,2.7937874651381662,SURPLUS_PRESSURE,18
5763.03,2026-06-19 09:00:00,14,13,15.381664089775077,12.678789298380082,-2.7028747913949953,2.7028747913949953,DEFICIT_PRESSURE,19
5374.01,2026-06-19 09:00:00,19,15,18.306193049083117,18.817878213963976,0.5116851648808591,0.5116851648808591,SURPLUS_PRESSURE,20
5980.10,2026-06-19 10:00:00,24,7,24.447105364070875,6.5311741250572855,-17.915931239013588,17.915931239013588,DEFICIT_PRESSURE,1
6492.08,2026-06-19 10:00:00,15,26,12.622561660541383,29.08466235546839,16.462100694927006,16.462100694927006,SURPLUS_PRESSURE,2
6432.09,2026-06-19 10:00:00,14,22,15.251116737282564,28.194564039771514,12.94344730248895,12.94344730248895,SURPLUS_PRESSURE,3
6140.05,2026-06-19 10:00:00,36,42,27.790878955270074,38.358520690728405,10.56764173545833,10.56764173545833,SURPLUS_PRESSURE,4
5712.03,2026-06-19 10:00:00,25,30,23.89994833021989,32.28134798842761,8.381399658207723,8.381399658207723,SURPLUS_PRESSURE,5
6173.08,2026-06-19 10:00:00,19,21,21.953844180407692,28.74070453567598,6.7868603552682885,6.7868603552682885,SURPLUS_PRESSURE,6
6459.07,2026-06-19 10:00:00,13,21,19.50171031606185,14.087670257027753,-5.414040059034097,5.414040059034097,DEFICIT_PRESSURE,7
6364.07,2026-06-19 10:00:00,18,20,17.19152469401451,22.40919042121855,5.217665727204039,5.217665727204039,SURPLUS_PRESSURE,8
6331.01,2026-06-19 10:00:00,18,15,21.218832785590063,26.383483264202454,5.164650478612391,5.164650478612391,SURPLUS_PRESSURE,9
6822.09,2026-06-19 10:00:00,14,10,14.381454935632844,18.956113332455804,4.57465839682296,4.57465839682296,SURPLUS_PRESSURE,10
6948.10,2026-06-19 10:00:00,25,27,19.54697062126106,23.418587707672003,3.871617086410943,3.871617086410943,SURPLUS_PRESSURE,11
5492.05,2026-06-19 10:00:00,27,26,21.98764838069607,25.344857242657355,3.3572088619612863,3.3572088619612863,SURPLUS_PRESSURE,12
6726.01,2026-06-19 10:00:00,36,30,15.931415010300261,19.029017796382977,3.0976027860827156,3.0976027860827156,SURPLUS_PRESSURE,13
5763.03,2026-06-19 10:00:00,23,16,20.562367474089978,17.96036416976455,-2.6020033043254287,2.6020033043254287,DEFICIT_PRESSURE,14
6072.06,2026-06-19 10:00:00,24,14,20.276950089907974,17.76107145246847,-2.515878637439503,2.515878637439503,DEFICIT_PRESSURE,15
5905.12,2026-06-19 10:00:00,23,32,24.543794061008875,22.259003427868628,-2.284790633140247,2.284790633140247,DEFICIT_PRESSURE,16
6233.04,2026-06-19 10:00:00,38,35,25.70021012180348,24.76072705961267,-0.9394830621908099,0.9394830621908099,DEFICIT_PRESSURE,17
5374.01,2026-06-19 10:00:00,14,27,21.599315545737042,20.790712639531076,-0.8086029062059659,0.8086029062059659,DEFICIT_PRESSURE,18
6912.01,2026-06-19 10:00:00,25,18,23.99180878255975,23.687903136527055,-0.3039056460326961,0.3039056460326961,DEFICIT_PRESSURE,19
5905.14,2026-06-19 10:00:00,30,18,24.94556365438731,25.181620463483505,0.2360568090961941,0.2360568090961941,SURPLUS_PRESSURE,20
5980.10,2026-06-19 11:00:00,43,11,28.103776983241644,8.760096671080033,-19.34368031216161,19.34368031216161,DEFICIT_PRESSURE,1
5374.01,2026-06-19 11:00:00,19,17,18.19206157642825,28.778901971117083,10.586840394688831,10.586840394688831,SURPLUS_PRESSURE,2
6233.04,2026-06-19 11:00:00,39,47,31.06842414914464,40.45561671236067,9.387192563216033,9.387192563216033,SURPLUS_PRESSURE,3
6432.09,2026-06-19 11:00:00,7,28,14.904082460239543,20.098866217881977,5.194783757642433,5.194783757642433,SURPLUS_PRESSURE,4
5763.03,2026-06-19 11:00:00,23,23,24.57166198877799,19.422506353990784,-5.149155634787206,5.149155634787206,DEFICIT_PRESSURE,5
6140.05,2026-06-19 11:00:00,37,28,32.33524101710692,37.36509863289802,5.0298576157911015,5.0298576157911015,SURPLUS_PRESSURE,6
6492.08,2026-06-19 11:00:00,22,33,20.57439190861414,25.185438858104163,4.611046949490024,4.611046949490024,SURPLUS_PRESSURE,7
6364.07,2026-06-19 11:00:00,17,21,21.236664989223026,25.344545849445993,4.107880860222966,4.107880860222966,SURPLUS_PRESSURE,8
5905.12,2026-06-19 11:00:00,28,34,28.273542817701195,31.58678841872084,3.313245601019645,3.313245601019645,SURPLUS_PRESSURE,9
6912.01,2026-06-19 11:00:00,53,52,27.871605599737407,25.412868059920225,-2.4587375398171822,2.4587375398171822,DEFICIT_PRESSURE,10
6459.07,2026-06-19 11:00:00,23,34,19.429473134479505,21.18176211402922,1.7522889795497143,1.7522889795497143,SURPLUS_PRESSURE,11
6948.10,2026-06-19 11:00:00,36,24,23.66587793507418,25.369270907350124,1.7033929722759424,1.7033929722759424,SURPLUS_PRESSURE,12
5712.03,2026-06-19 11:00:00,35,28,30.57208902823329,31.81717792316985,1.2450888949365613,1.2450888949365613,SURPLUS_PRESSURE,13
6726.01,2026-06-19 11:00:00,39,29,28.90791205170366,27.754277525479292,-1.1536345262243692,1.1536345262243692,DEFICIT_PRESSURE,14
5905.14,2026-06-19 11:00:00,23,27,25.959683578292992,27.091160753891216,1.1314771755982242,1.1314771755982242,SURPLUS_PRESSURE,15
6173.08,2026-06-19 11:00:00,34,24,24.980532562001578,24.384363340412776,-0.5961692215888021,0.5961692215888021,DEFICIT_PRESSURE,16
5492.05,2026-06-19 11:00:00,27,26,28.462590655563503,27.97441186245299,-0.4881787931105137,0.4881787931105137,DEFICIT_PRESSURE,17
6331.01,2026-06-19 11:00:00,24,24,20.461961742269082,20.70610974211938,0.24414799985029845,0.24414799985029845,SURPLUS_PRESSURE,18
6822.09,2026-06-19 11:00:00,16,16,16.647228565124802,16.56932710786971,-0.07790145725509134,0.07790145725509134,DEFICIT_PRESSURE,19
6072.06,2026-06-19 11:00:00,21,21,20.659387387550836,20.714615253422785,0.05522786587194872,0.05522786587194872,SURPLUS_PRESSURE,20
5980.10,2026-06-19 12:00:00,34,9,38.55839079162807,12.493502553453661,-26.06488823817441,26.06488823817441,DEFICIT_PRESSURE,1
6432.09,2026-06-19 12:00:00,29,24,11.666611563757504,28.07723298553291,16.410621421775403,16.410621421775403,SURPLUS_PRESSURE,2
6948.10,2026-06-19 12:00:00,38,34,34.86280875681948,25.601200390029458,-9.261608366790025,9.261608366790025,DEFICIT_PRESSURE,3
6459.07,2026-06-19 12:00:00,36,37,24.226478260591,31.24327069091519,7.0167924303241875,7.0167924303241875,SURPLUS_PRESSURE,4
6912.01,2026-06-19 12:00:00,44,47,46.03317997538504,39.61658496722944,-6.416595008155596,6.416595008155596,DEFICIT_PRESSURE,5
6331.01,2026-06-19 12:00:00,18,16,32.420469007888656,38.66345510708672,6.242986099198063,6.242986099198063,SURPLUS_PRESSURE,6
6364.07,2026-06-19 12:00:00,18,30,19.208720481069413,24.256524242030373,5.04780376096096,5.04780376096096,SURPLUS_PRESSURE,7
5905.12,2026-06-19 12:00:00,35,32,28.34345972757267,32.20520811973821,3.861748392165538,3.861748392165538,SURPLUS_PRESSURE,8
6726.01,2026-06-19 12:00:00,49,30,32.43974049548978,29.232844921261975,-3.2068955742278042,3.2068955742278042,DEFICIT_PRESSURE,9
6233.04,2026-06-19 12:00:00,44,47,34.27868654433859,36.997664565472775,2.718978021134184,2.718978021134184,SURPLUS_PRESSURE,10
6492.08,2026-06-19 12:00:00,25,32,29.09481492011866,31.786944322828205,2.6921294027095435,2.6921294027095435,SURPLUS_PRESSURE,11
5374.01,2026-06-19 12:00:00,28,28,25.849192949518052,23.45964140021527,-2.3895515493027837,2.3895515493027837,DEFICIT_PRESSURE,12
6072.06,2026-06-19 12:00:00,30,43,26.0715490720469,23.966094131507358,-2.1054549405395413,2.1054549405395413,DEFICIT_PRESSURE,13
6822.09,2026-06-19 12:00:00,17,12,20.033334073820026,18.65413877646673,-1.379195297353295,1.379195297353295,DEFICIT_PRESSURE,14
6140.05,2026-06-19 12:00:00,44,41,34.351997822595216,32.97985900898776,-1.3721388136074566,1.3721388136074566,DEFICIT_PRESSURE,15
5712.03,2026-06-19 12:00:00,35,43,33.45061434663831,32.11819023214166,-1.3324241144966535,1.3324241144966535,DEFICIT_PRESSURE,16
6173.08,2026-06-19 12:00:00,29,27,31.489484429414887,30.484227998071095,-1.005256431343792,1.005256431343792,DEFICIT_PRESSURE,17
5905.14,2026-06-19 12:00:00,22,30,27.131681538572675,28.09053377262976,0.9588522340570869,0.9588522340570869,SURPLUS_PRESSURE,18
5492.05,2026-06-19 12:00:00,50,51,35.659123245635996,34.8251506458073,-0.833972599828698,0.833972599828698,DEFICIT_PRESSURE,19
5763.03,2026-06-19 12:00:00,24,34,23.190115218246877,22.866819241870154,-0.32329597637672336,0.32329597637672336,DEFICIT_PRESSURE,20
5980.10,2026-06-19 13:00:00,35,15,41.69955979108309,12.66176251938382,-29.03779727169927,29.03779727169927,DEFICIT_PRESSURE,1
6331.01,2026-06-19 13:00:00,19,23,26.066143873284094,40.78548370927317,14.719339835989079,14.719339835989079,SURPLUS_PRESSURE,2
5763.03,2026-06-19 13:00:00,28,33,22.919982070315783,30.63864413492174,7.718662064605958,7.718662064605958,SURPLUS_PRESSURE,3
6726.01,2026-06-19 13:00:00,28,26,37.4830126628839,30.46907792244562,-7.01393474043828,7.01393474043828,DEFICIT_PRESSURE,4
5905.14,2026-06-19 13:00:00,37,46,28.347514671235114,34.48631652552499,6.138801854289877,6.138801854289877,SURPLUS_PRESSURE,5
6912.01,2026-06-19 13:00:00,69,104,45.5661819791214,39.69074640936437,-5.87543556975703,5.87543556975703,DEFICIT_PRESSURE,6
6233.04,2026-06-19 13:00:00,60,43,28.95969143508535,34.64998060867641,5.690289173591058,5.690289173591058,SURPLUS_PRESSURE,7
6072.06,2026-06-19 13:00:00,26,32,27.35841583238128,32.69596662059896,5.33755078821768,5.33755078821768,SURPLUS_PRESSURE,8
6432.09,2026-06-19 13:00:00,28,28,24.243529993649542,19.635922496662655,-4.607607496986887,4.607607496986887,DEFICIT_PRESSURE,9
6822.09,2026-06-19 13:00:00,22,15,20.06309711464075,16.36002585444063,-3.7030712602001223,3.7030712602001223,DEFICIT_PRESSURE,10
5374.01,2026-06-19 13:00:00,39,35,21.884627007762354,25.318988061096203,3.4343610533338484,3.4343610533338484,SURPLUS_PRESSURE,11
6140.05,2026-06-19 13:00:00,42,43,37.70121161917024,34.46693896700178,-3.234272652168457,3.234272652168457,DEFICIT_PRESSURE,12
6364.07,2026-06-19 13:00:00,27,18,24.293818686360233,26.73083511371076,2.437016427350528,2.437016427350528,SURPLUS_PRESSURE,13
6173.08,2026-06-19 13:00:00,34,22,31.09001655688647,28.674488203422946,-2.4155283534635252,2.4155283534635252,DEFICIT_PRESSURE,14
6459.07,2026-06-19 13:00:00,31,26,32.52587395033674,30.234238561938593,-2.291635388398145,2.291635388398145,DEFICIT_PRESSURE,15
6948.10,2026-06-19 13:00:00,42,39,35.44328914734905,37.27404978026025,1.8307606329112005,1.8307606329112005,SURPLUS_PRESSURE,16
5712.03,2026-06-19 13:00:00,35,40,33.62769477363782,32.686982013082364,-0.9407127605554564,0.9407127605554564,DEFICIT_PRESSURE,17
5905.12,2026-06-19 13:00:00,43,28,30.835546377232014,30.06460714645017,-0.7709392307818419,0.7709392307818419,DEFICIT_PRESSURE,18
5492.05,2026-06-19 13:00:00,41,38,38.227212398814586,37.46826793664345,-0.7589444621711365,0.7589444621711365,DEFICIT_PRESSURE,19
6492.08,2026-06-19 13:00:00,37,39,32.22631724429544,32.29836975036779,0.07205250607235314,0.07205250607235314,SURPLUS_PRESSURE,20
5980.10,2026-06-19 14:00:00,50,7,30.856874673699725,12.300922954270003,-18.55595171942972,18.55595171942972,DEFICIT_PRESSURE,1
5905.12,2026-06-19 14:00:00,42,41,38.74734685622047,30.84261018073671,-7.904736675483758,7.904736675483758,DEFICIT_PRESSURE,2
6331.01,2026-06-19 14:00:00,35,32,33.70819650403087,40.955729861269354,7.247533357238481,7.247533357238481,SURPLUS_PRESSURE,3
6364.07,2026-06-19 14:00:00,24,30,21.610024654251806,28.276753666680566,6.66672901242876,6.66672901242876,SURPLUS_PRESSURE,4
5905.14,2026-06-19 14:00:00,38,35,38.10066436239229,31.93101936574279,-6.169644996649495,6.169644996649495,DEFICIT_PRESSURE,5
6140.05,2026-06-19 14:00:00,59,44,34.451404949788326,40.58860974011064,6.137204790322315,6.137204790322315,SURPLUS_PRESSURE,6
6173.08,2026-06-19 14:00:00,38,28,33.77163811093115,29.060466379682676,-4.7111717312484735,4.7111717312484735,DEFICIT_PRESSURE,7
6822.09,2026-06-19 14:00:00,31,18,23.56185577999218,19.1172457271341,-4.444610052858078,4.444610052858078,DEFICIT_PRESSURE,8
5763.03,2026-06-19 14:00:00,40,51,32.308189822749085,28.55536235465382,-3.7528274680952656,3.7528274680952656,DEFICIT_PRESSURE,9
6432.09,2026-06-19 14:00:00,30,17,28.136084220911222,24.623470051154808,-3.5126141697564144,3.5126141697564144,DEFICIT_PRESSURE,10
5712.03,2026-06-19 14:00:00,38,40,35.18734849711868,31.87962411178941,-3.3077243853292657,3.3077243853292657,DEFICIT_PRESSURE,11
6948.10,2026-06-19 14:00:00,45,61,33.989839028244766,30.994161454153545,-2.9956775740912214,2.9956775740912214,DEFICIT_PRESSURE,12
6459.07,2026-06-19 14:00:00,21,45,26.997965781600975,24.03269604277405,-2.965269738826926,2.965269738826926,DEFICIT_PRESSURE,13
6492.08,2026-06-19 14:00:00,26,31,32.800951630139245,30.07120023031791,-2.7297513998213354,2.7297513998213354,DEFICIT_PRESSURE,14
5374.01,2026-06-19 14:00:00,29,30,33.247802782106525,30.639961835836797,-2.6078409462697287,2.6078409462697287,DEFICIT_PRESSURE,15
6233.04,2026-06-19 14:00:00,54,44,38.81022077891392,36.2595840304751,-2.5506367484388264,2.5506367484388264,DEFICIT_PRESSURE,16
6072.06,2026-06-19 14:00:00,41,23,27.2661582425347,29.432763255317198,2.1666050127824974,2.1666050127824974,SURPLUS_PRESSURE,17
5492.05,2026-06-19 14:00:00,66,52,34.40018623561154,33.10637102310999,-1.2938152125015492,1.2938152125015492,DEFICIT_PRESSURE,18
6912.01,2026-06-19 14:00:00,89,80,52.71213621794874,51.62174470899468,-1.0903915089540561,1.0903915089540561,DEFICIT_PRESSURE,19
6726.01,2026-06-19 14:00:00,35,33,31.5503924503055,31.47333078176377,-0.07706166854173091,0.07706166854173091,DEFICIT_PRESSURE,20
5980.10,2026-06-19 15:00:00,40,12,44.82256465085616,8.89471936880702,-35.927845282049134,35.927845282049134,DEFICIT_PRESSURE,1
6331.01,2026-06-19 15:00:00,33,32,36.468871109308544,48.37932365556825,11.910452546259705,11.910452546259705,SURPLUS_PRESSURE,2
6822.09,2026-06-19 15:00:00,20,24,31.698968715377404,22.73397392593687,-8.964994789440535,8.964994789440535,DEFICIT_PRESSURE,3
6140.05,2026-06-19 15:00:00,38,36,50.52923971415992,41.965711828652275,-8.563527885507646,8.563527885507646,DEFICIT_PRESSURE,4
6459.07,2026-06-19 15:00:00,27,30,25.63509142337235,33.931315272555004,8.296223849182653,8.296223849182653,SURPLUS_PRESSURE,5
6072.06,2026-06-19 15:00:00,19,19,34.90490570126414,27.251970251291738,-7.652935449972404,7.652935449972404,DEFICIT_PRESSURE,6
6912.01,2026-06-19 15:00:00,97,79,47.490866367859965,54.97655357142854,7.485687203568574,7.485687203568574,SURPLUS_PRESSURE,7
5905.14,2026-06-19 15:00:00,28,28,39.58309719063005,32.97805802460081,-6.605039166029236,6.605039166029236,DEFICIT_PRESSURE,8
6948.10,2026-06-19 15:00:00,41,31,40.3742169572753,45.98763990880418,5.613422951528875,5.613422951528875,SURPLUS_PRESSURE,9
6173.08,2026-06-19 15:00:00,32,26,35.77588026498839,30.932289129094926,-4.843591135893462,4.843591135893462,DEFICIT_PRESSURE,10
6492.08,2026-06-19 15:00:00,28,22,31.338327966369757,26.495621943684768,-4.84270602268499,4.84270602268499,DEFICIT_PRESSURE,11
6432.09,2026-06-19 15:00:00,29,22,30.7342866310135,26.111103276562826,-4.623183354450674,4.623183354450674,DEFICIT_PRESSURE,12
5763.03,2026-06-19 15:00:00,28,28,34.25821662503445,38.381912071838386,4.123695446803936,4.123695446803936,SURPLUS_PRESSURE,13
5905.12,2026-06-19 15:00:00,37,38,36.239887420932476,32.42518972282157,-3.814697698110905,3.814697698110905,DEFICIT_PRESSURE,14
6233.04,2026-06-19 15:00:00,54,73,39.20829899009595,35.42471032229856,-3.783588667797389,3.783588667797389,DEFICIT_PRESSURE,15
5374.01,2026-06-19 15:00:00,29,38,30.95650265335104,27.945573661035738,-3.0109289923153035,3.0109289923153035,DEFICIT_PRESSURE,16
5712.03,2026-06-19 15:00:00,34,39,36.32747794937147,34.35984287507585,-1.9676350742956217,1.9676350742956217,DEFICIT_PRESSURE,17
5492.05,2026-06-19 15:00:00,38,54,46.06417561637384,44.89434407307108,-1.169831543302756,1.169831543302756,DEFICIT_PRESSURE,18
6726.01,2026-06-19 15:00:00,27,35,33.70753957303866,32.592311684274016,-1.1152278887646432,1.1152278887646432,DEFICIT_PRESSURE,19
6364.07,2026-06-19 15:00:00,35,33,31.15155636990802,30.483318097123952,-0.6682382727840661,0.6682382727840661,DEFICIT_PRESSURE,20
5980.10,2026-06-19 16:00:00,45,7,43.69432343369588,11.183335106165277,-32.5109883275306,32.5109883275306,DEFICIT_PRESSURE,1
6492.08,2026-06-19 16:00:00,43,23,51.679052872914205,34.09225991029951,-17.586792962614695,17.586792962614695,DEFICIT_PRESSURE,2
6822.09,2026-06-19 16:00:00,27,23,38.16953465634045,21.259714536312153,-16.9098201200283,16.9098201200283,DEFICIT_PRESSURE,3
6726.01,2026-06-19 16:00:00,30,30,31.636820574946807,46.12475666871817,14.487936093771363,14.487936093771363,SURPLUS_PRESSURE,4
6364.07,2026-06-19 16:00:00,16,40,27.71253363356755,37.96350383244198,10.25097019887443,10.25097019887443,SURPLUS_PRESSURE,5
6912.01,2026-06-19 16:00:00,87,86,55.50584523809525,48.11187209908564,-7.39397313900961,7.39397313900961,DEFICIT_PRESSURE,6
6331.01,2026-06-19 16:00:00,12,15,33.223808647496156,40.55920670938011,7.335398061883957,7.335398061883957,SURPLUS_PRESSURE,7
6233.04,2026-06-19 16:00:00,37,45,44.750309484955714,50.266730812948616,5.5164213279929015,5.5164213279929015,SURPLUS_PRESSURE,8
6072.06,2026-06-19 16:00:00,31,29,29.571738769550898,34.310609514750126,4.738870745199229,4.738870745199229,SURPLUS_PRESSURE,9
6432.09,2026-06-19 16:00:00,21,27,37.702057689956625,33.04290253234998,-4.659155157606648,4.659155157606648,DEFICIT_PRESSURE,10
6140.05,2026-06-19 16:00:00,42,31,44.86247337699693,40.30006274799691,-4.56241062900002,4.56241062900002,DEFICIT_PRESSURE,11
6459.07,2026-06-19 16:00:00,27,14,31.78626527138248,27.596781745642748,-4.189483525739732,4.189483525739732,DEFICIT_PRESSURE,12
6173.08,2026-06-19 16:00:00,22,23,36.88430806548351,33.41100451957615,-3.4733035459073562,3.4733035459073562,DEFICIT_PRESSURE,13
5492.05,2026-06-19 16:00:00,49,34,37.57168066189515,40.90958560015362,3.3379049382584682,3.3379049382584682,SURPLUS_PRESSURE,14
5905.12,2026-06-19 16:00:00,33,23,35.72673506005472,38.51149369733617,2.784758637281449,2.784758637281449,SURPLUS_PRESSURE,15
5712.03,2026-06-19 16:00:00,31,33,40.301143500118705,42.64357944203398,2.3424359419152765,2.3424359419152765,SURPLUS_PRESSURE,16
5905.14,2026-06-19 16:00:00,35,34,31.70734650165883,33.886883936046566,2.1795374343877363,2.1795374343877363,SURPLUS_PRESSURE,17
5374.01,2026-06-19 16:00:00,31,28,31.17397150706715,32.36471458287809,1.1907430758109427,1.1907430758109427,SURPLUS_PRESSURE,18
5763.03,2026-06-19 16:00:00,30,29,29.751064784344557,28.679453344532522,-1.0716114398120347,1.0716114398120347,DEFICIT_PRESSURE,19
6948.10,2026-06-19 16:00:00,31,32,40.07205427876705,40.92371940590749,0.8516651271404427,0.8516651271404427,SURPLUS_PRESSURE,20
5980.10,2026-06-19 17:00:00,40,6,57.02369630390529,9.35183829347581,-47.67185801042948,47.67185801042948,DEFICIT_PRESSURE,1
6492.08,2026-06-19 17:00:00,34,31,69.64483658008658,37.59776892123637,-32.0470676588502,32.0470676588502,DEFICIT_PRESSURE,2
6822.09,2026-06-19 17:00:00,47,18,50.31244992945651,28.96733510514251,-21.345114824314003,21.345114824314003,DEFICIT_PRESSURE,3
6173.08,2026-06-19 17:00:00,35,34,53.18619913419916,36.030259607351724,-17.155939526847433,17.155939526847433,DEFICIT_PRESSURE,4
6331.01,2026-06-19 17:00:00,46,40,30.664786850877853,47.62032215007217,16.955535299194317,16.955535299194317,SURPLUS_PRESSURE,5
6432.09,2026-06-19 17:00:00,25,24,56.40116666666665,40.47762985347985,-15.9235368131868,15.9235368131868,DEFICIT_PRESSURE,6
5763.03,2026-06-19 17:00:00,34,38,34.868871384941286,45.19763404723326,10.328762662291972,10.328762662291972,SURPLUS_PRESSURE,7
5492.05,2026-06-19 17:00:00,45,47,57.23129972659521,47.71784957553803,-9.513450151057178,9.513450151057178,DEFICIT_PRESSURE,8
5374.01,2026-06-19 17:00:00,47,45,35.1274823046949,44.54673112868607,9.419248823991168,9.419248823991168,SURPLUS_PRESSURE,9
6948.10,2026-06-19 17:00:00,36,30,47.020526241861916,37.871586993150515,-9.1489392487114,9.1489392487114,DEFICIT_PRESSURE,10
6726.01,2026-06-19 17:00:00,37,31,53.584228607102226,45.21728658448158,-8.366942022620648,8.366942022620648,DEFICIT_PRESSURE,11
6912.01,2026-06-19 17:00:00,68,60,64.6510773809524,56.4978524114774,-8.153224969474998,8.153224969474998,DEFICIT_PRESSURE,12
6072.06,2026-06-19 17:00:00,39,36,45.11719689437759,39.42188484847358,-5.695312045904011,5.695312045904011,DEFICIT_PRESSURE,13
6140.05,2026-06-19 17:00:00,44,39,55.7345048578872,50.15444669352388,-5.580058164363322,5.580058164363322,DEFICIT_PRESSURE,14
5712.03,2026-06-19 17:00:00,33,33,59.424420683483184,55.27360695482812,-4.150813728655066,4.150813728655066,DEFICIT_PRESSURE,15
5905.12,2026-06-19 17:00:00,39,32,42.96984047115685,46.36342466039495,3.393584189238098,3.393584189238098,SURPLUS_PRESSURE,16
6459.07,2026-06-19 17:00:00,37,33,39.805913988924466,36.738301455410486,-3.06761253351398,3.06761253351398,DEFICIT_PRESSURE,17
5905.14,2026-06-19 17:00:00,40,43,45.04968553760012,42.61044853946678,-2.439236998133339,2.439236998133339,DEFICIT_PRESSURE,18
6364.07,2026-06-19 17:00:00,32,32,39.38033283304312,41.57737998000471,2.1970471469615873,2.1970471469615873,SURPLUS_PRESSURE,19
6233.04,2026-06-19 17:00:00,39,38,61.181991156578164,59.33185784313726,-1.8501333134409066,1.8501333134409066,DEFICIT_PRESSURE,20
5980.10,2026-06-19 18:00:00,36,5,41.67493436182181,7.114857838705936,-34.560076523115875,34.560076523115875,DEFICIT_PRESSURE,1
6822.09,2026-06-19 18:00:00,14,20,43.700704318983625,20.979803913769032,-22.720900405214593,22.720900405214593,DEFICIT_PRESSURE,2
6140.05,2026-06-19 18:00:00,35,38,57.47217336513534,39.04677690652284,-18.425396458612504,18.425396458612504,DEFICIT_PRESSURE,3
6492.08,2026-06-19 18:00:00,27,28,44.2214483859733,29.01438853736672,-15.207059848606576,15.207059848606576,DEFICIT_PRESSURE,4
6432.09,2026-06-19 18:00:00,35,25,44.08745924908426,31.638271784288783,-12.449187464795479,12.449187464795479,DEFICIT_PRESSURE,5
5763.03,2026-06-19 18:00:00,43,49,34.25112531493509,44.98938384725693,10.738258532321844,10.738258532321844,SURPLUS_PRESSURE,6
6072.06,2026-06-19 18:00:00,26,51,37.031875515186414,47.54489470697428,10.513019191787869,10.513019191787869,SURPLUS_PRESSURE,7
6173.08,2026-06-19 18:00:00,27,25,45.82787591159955,35.91889605113404,-9.908979860465507,9.908979860465507,DEFICIT_PRESSURE,8
5905.12,2026-06-19 18:00:00,42,35,47.47304183493628,38.128706501882164,-9.344335333054119,9.344335333054119,DEFICIT_PRESSURE,9
5374.01,2026-06-19 18:00:00,51,53,42.92207433869007,52.18972799454336,9.267653655853294,9.267653655853294,SURPLUS_PRESSURE,10
6364.07,2026-06-19 18:00:00,34,28,30.989212577712,37.52539608980083,6.536183512088829,6.536183512088829,SURPLUS_PRESSURE,11
6726.01,2026-06-19 18:00:00,37,40,41.34636747297012,46.61473317506969,5.268365702099565,5.268365702099565,SURPLUS_PRESSURE,12
6459.07,2026-06-19 18:00:00,36,42,38.88618017959231,34.10185592766768,-4.78432425192463,4.78432425192463,DEFICIT_PRESSURE,13
6233.04,2026-06-19 18:00:00,40,34,54.56012499490186,58.6924303221288,4.132305327226938,4.132305327226938,SURPLUS_PRESSURE,14
6912.01,2026-06-19 18:00:00,62,56,51.09210251322751,47.58643238705739,-3.5056701261701164,3.5056701261701164,DEFICIT_PRESSURE,15
5905.14,2026-06-19 18:00:00,35,30,46.8318911472028,50.11215320628159,3.2802620590787868,3.2802620590787868,SURPLUS_PRESSURE,16
5712.03,2026-06-19 18:00:00,32,31,46.201811880121866,43.12221596842855,-3.0795959116933176,3.0795959116933176,DEFICIT_PRESSURE,17
6948.10,2026-06-19 18:00:00,30,33,35.70071216759899,33.26911137379973,-2.431600793799255,2.431600793799255,DEFICIT_PRESSURE,18
5492.05,2026-06-19 18:00:00,45,36,52.6157978714901,50.687653388224305,-1.9281444832657968,1.9281444832657968,DEFICIT_PRESSURE,19
6331.01,2026-06-19 18:00:00,38,45,40.38964372531964,38.59011649265172,-1.79952723266792,1.79952723266792,DEFICIT_PRESSURE,20
5980.10,2026-06-19 19:00:00,31,4,29.61469648500524,7.817760622305916,-21.796935862699325,21.796935862699325,DEFICIT_PRESSURE,1
6072.06,2026-06-19 19:00:00,27,28,27.116348456115894,42.999234074156796,15.882885618040902,15.882885618040902,SURPLUS_PRESSURE,2
5763.03,2026-06-19 19:00:00,51,42,30.265538551311955,41.54762959358649,11.282091042274537,11.282091042274537,SURPLUS_PRESSURE,3
5374.01,2026-06-19 19:00:00,40,40,37.10625086603413,29.576391247060357,-7.529859618973774,7.529859618973774,DEFICIT_PRESSURE,4
6364.07,2026-06-19 19:00:00,19,25,30.11865003134826,25.551774178683345,-4.566875852664914,4.566875852664914,DEFICIT_PRESSURE,5
5492.05,2026-06-19 19:00:00,39,40,31.817080409669305,27.765450801185622,-4.051629608483683,4.051629608483683,DEFICIT_PRESSURE,6
6331.01,2026-06-19 19:00:00,33,21,29.469207205300407,25.937380199750468,-3.531827005549939,3.531827005549939,DEFICIT_PRESSURE,7
5905.12,2026-06-19 19:00:00,22,24,30.047921711439926,26.994233432787322,-3.0536882786526043,3.0536882786526043,DEFICIT_PRESSURE,8
6948.10,2026-06-19 19:00:00,33,34,24.060216388286317,26.792696130590603,2.7324797423042853,2.7324797423042853,SURPLUS_PRESSURE,9
6233.04,2026-06-19 19:00:00,47,33,28.40565167629521,31.102047939069717,2.696396262774506,2.696396262774506,SURPLUS_PRESSURE,10
6140.05,2026-06-19 19:00:00,31,21,28.84428381458992,26.65674472736558,-2.1875390872243408,2.1875390872243408,DEFICIT_PRESSURE,11
6822.09,2026-06-19 19:00:00,18,13,19.934037642397357,18.10624045999584,-1.8277971824015182,1.8277971824015182,DEFICIT_PRESSURE,12
6459.07,2026-06-19 19:00:00,22,28,29.256603990335524,30.91887396642997,1.6622699760944464,1.6622699760944464,SURPLUS_PRESSURE,13
6726.01,2026-06-19 19:00:00,32,36,30.488765082228166,28.91089693330324,-1.577868148924928,1.577868148924928,DEFICIT_PRESSURE,14
5905.14,2026-06-19 19:00:00,32,25,28.210291860028534,27.056553162665928,-1.1537386973626056,1.1537386973626056,DEFICIT_PRESSURE,15
6432.09,2026-06-19 19:00:00,39,17,27.94376059490561,26.95452951563295,-0.9892310792726597,0.9892310792726597,DEFICIT_PRESSURE,16
6173.08,2026-06-19 19:00:00,22,25,25.65297644460467,24.774159052232232,-0.8788173923724365,0.8788173923724365,DEFICIT_PRESSURE,17
5712.03,2026-06-19 19:00:00,28,27,28.598828079276423,29.33785729442476,0.7390292151483386,0.7390292151483386,SURPLUS_PRESSURE,18
6912.01,2026-06-19 19:00:00,59,78,47.35281698810738,46.62817057479557,-0.7246464133118096,0.7246464133118096,DEFICIT_PRESSURE,19
6492.08,2026-06-19 19:00:00,10,12,23.43259025079031,23.81535189439939,0.3827616436090828,0.3827616436090828,SURPLUS_PRESSURE,20
5980.10,2026-06-19 20:00:00,18,7,24.87681359878936,4.739104822102739,-20.137708776686623,20.137708776686623,DEFICIT_PRESSURE,1
6233.04,2026-06-19 20:00:00,33,38,41.55847609869168,21.904401566458937,-19.65407453223274,19.65407453223274,DEFICIT_PRESSURE,2
6072.06,2026-06-19 20:00:00,31,24,30.20345069913515,20.419082552420125,-9.784368146715025,9.784368146715025,DEFICIT_PRESSURE,3
5905.12,2026-06-19 20:00:00,24,18,20.45579282009355,27.780012736665075,7.324219916571526,7.324219916571526,SURPLUS_PRESSURE,4
5712.03,2026-06-19 20:00:00,19,16,29.162592286002823,22.39738561725065,-6.765206668752175,6.765206668752175,DEFICIT_PRESSURE,5
6140.05,2026-06-19 20:00:00,27,31,24.517303266124504,18.278610515831915,-6.238692750292589,6.238692750292589,DEFICIT_PRESSURE,6
6432.09,2026-06-19 20:00:00,15,19,23.983187791624328,17.988372760269716,-5.994815031354612,5.994815031354612,DEFICIT_PRESSURE,7
5492.05,2026-06-19 20:00:00,26,26,29.693338439449963,35.50192625527598,5.808587815826019,5.808587815826019,SURPLUS_PRESSURE,8
6912.01,2026-06-19 20:00:00,48,32,35.3714654703536,40.83308928571428,5.4616238153606815,5.4616238153606815,SURPLUS_PRESSURE,9
5905.14,2026-06-19 20:00:00,24,24,25.459266246304857,20.326439644345907,-5.13282660195895,5.13282660195895,DEFICIT_PRESSURE,10
6948.10,2026-06-19 20:00:00,28,20,21.51256500996582,26.125220063362605,4.612655053396786,4.612655053396786,SURPLUS_PRESSURE,11
6364.07,2026-06-19 20:00:00,14,10,17.223848086779164,20.408675101845596,3.184827015066432,3.184827015066432,SURPLUS_PRESSURE,12
6822.09,2026-06-19 20:00:00,10,14,12.341954664325709,9.182842133704515,-3.1591125306211936,3.1591125306211936,DEFICIT_PRESSURE,13
6726.01,2026-06-19 20:00:00,23,25,28.683470572220426,31.528235312149135,2.84476473992871,2.84476473992871,SURPLUS_PRESSURE,14
6492.08,2026-06-19 20:00:00,16,18,15.205654192499331,12.587376325516429,-2.6182778669829023,2.6182778669829023,DEFICIT_PRESSURE,15
5374.01,2026-06-19 20:00:00,25,30,30.210599806673486,32.820757252485194,2.6101574458117085,2.6101574458117085,SURPLUS_PRESSURE,16
5763.03,2026-06-19 20:00:00,30,43,35.06743213442624,37.43564273308212,2.368210598655878,2.368210598655878,SURPLUS_PRESSURE,17
6331.01,2026-06-19 20:00:00,35,20,22.22798997211359,20.559734078665002,-1.6682558934485883,1.6682558934485883,DEFICIT_PRESSURE,18
6173.08,2026-06-19 20:00:00,22,24,18.46205112962557,18.994255288350296,0.5322041587247242,0.5322041587247242,SURPLUS_PRESSURE,19
6459.07,2026-06-19 20:00:00,21,20,19.40333831181048,18.960276530011157,-0.4430617817993223,0.4430617817993223,DEFICIT_PRESSURE,20
5980.10,2026-06-19 21:00:00,21,3,16.97360238672592,4.641055914363811,-12.332546472362107,12.332546472362107,DEFICIT_PRESSURE,1
5905.12,2026-06-19 21:00:00,19,18,24.387176133199723,17.41214962807635,-6.975026505123374,6.975026505123374,DEFICIT_PRESSURE,2
6233.04,2026-06-19 21:00:00,24,12,20.259863649646526,13.324416107974221,-6.935447541672305,6.935447541672305,DEFICIT_PRESSURE,3
6072.06,2026-06-19 21:00:00,26,20,22.068742653761987,15.917584761081711,-6.151157892680276,6.151157892680276,DEFICIT_PRESSURE,4
6912.01,2026-06-19 21:00:00,26,29,23.005132988796433,17.03645439181302,-5.968678596983413,5.968678596983413,DEFICIT_PRESSURE,5
6140.05,2026-06-19 21:00:00,10,14,17.974310947969133,12.093413598477085,-5.880897349492049,5.880897349492049,DEFICIT_PRESSURE,6
6364.07,2026-06-19 21:00:00,33,18,15.293315711012555,10.522708948853353,-4.770606762159202,4.770606762159202,DEFICIT_PRESSURE,7
5763.03,2026-06-19 21:00:00,25,21,22.783835500921843,18.495790434060133,-4.288045066861709,4.288045066861709,DEFICIT_PRESSURE,8
5905.14,2026-06-19 21:00:00,22,15,20.19698361895303,16.765168720922702,-3.4318148980303285,3.4318148980303285,DEFICIT_PRESSURE,9
6331.01,2026-06-19 21:00:00,20,10,17.838534599247797,14.859200906118872,-2.9793336931289254,2.9793336931289254,DEFICIT_PRESSURE,10
5492.05,2026-06-19 21:00:00,19,18,20.726854132653862,17.818093807094705,-2.9087603255591574,2.9087603255591574,DEFICIT_PRESSURE,11
6726.01,2026-06-19 21:00:00,19,35,19.998110361179354,17.1572546485914,-2.8408557125879526,2.8408557125879526,DEFICIT_PRESSURE,12
6948.10,2026-06-19 21:00:00,8,9,14.830881340174376,12.560724203554447,-2.270157136619929,2.270157136619929,DEFICIT_PRESSURE,13
6459.07,2026-06-19 21:00:00,22,23,18.59261892692725,16.402103004644626,-2.190515922282625,2.190515922282625,DEFICIT_PRESSURE,14
6432.09,2026-06-19 21:00:00,14,7,15.491391232472447,13.401859497129887,-2.0895317353425593,2.0895317353425593,DEFICIT_PRESSURE,15
5374.01,2026-06-19 21:00:00,33,40,21.731986961801645,19.795799083696743,-1.936187878104903,1.936187878104903,DEFICIT_PRESSURE,16
5712.03,2026-06-19 21:00:00,28,28,19.85375178100613,21.341752938148712,1.4880011571425804,1.4880011571425804,SURPLUS_PRESSURE,17
6822.09,2026-06-19 21:00:00,7,10,8.04505327643507,8.944154989398188,0.8991017129631178,0.8991017129631178,SURPLUS_PRESSURE,18
6492.08,2026-06-19 21:00:00,9,11,13.695951040152817,12.876387723840315,-0.819563316312502,0.819563316312502,DEFICIT_PRESSURE,19
6173.08,2026-06-19 21:00:00,16,9,15.045307777178943,15.632789252432882,0.5874814752539397,0.5874814752539397,SURPLUS_PRESSURE,20
6331.01,2026-06-19 22:00:00,28,16,23.305435779354312,11.557325149939334,-11.748110629414978,11.748110629414978,DEFICIT_PRESSURE,1
6726.01,2026-06-19 22:00:00,27,18,19.298517079088125,30.942249109540946,11.64373203045282,11.64373203045282,SURPLUS_PRESSURE,2
5763.03,2026-06-19 22:00:00,30,24,26.497924532189145,16.044663750485867,-10.453260781703278,10.453260781703278,DEFICIT_PRESSURE,3
5980.10,2026-06-19 22:00:00,15,2,13.203378266175102,3.34713655007269,-9.856241716102412,9.856241716102412,DEFICIT_PRESSURE,4
6364.07,2026-06-19 22:00:00,17,21,22.927461561466593,14.788032349785738,-8.139429211680856,8.139429211680856,DEFICIT_PRESSURE,5
5374.01,2026-06-19 22:00:00,27,19,25.04220928616959,30.478694168316952,5.4364848821473615,5.4364848821473615,SURPLUS_PRESSURE,6
6912.01,2026-06-19 22:00:00,18,24,18.038343024656946,22.656753073265556,4.6184100486086095,4.6184100486086095,SURPLUS_PRESSURE,7
5905.14,2026-06-19 22:00:00,15,21,22.03178454274264,17.464822653598514,-4.566961889144125,4.566961889144125,DEFICIT_PRESSURE,8
5492.05,2026-06-19 22:00:00,20,18,18.079253983940358,14.167981127551547,-3.911272856388811,3.911272856388811,DEFICIT_PRESSURE,9
6072.06,2026-06-19 22:00:00,15,15,17.391450177760692,14.436244922531241,-2.955205255229451,2.955205255229451,DEFICIT_PRESSURE,10
6173.08,2026-06-19 22:00:00,8,7,12.538573436262354,9.941602264995035,-2.5969711712673185,2.5969711712673185,DEFICIT_PRESSURE,11
6432.09,2026-06-19 22:00:00,9,8,13.143484723150214,10.551480446079054,-2.59200427707116,2.59200427707116,DEFICIT_PRESSURE,12
6948.10,2026-06-19 22:00:00,10,9,9.806392827655701,7.663503288992129,-2.142889538663572,2.142889538663572,DEFICIT_PRESSURE,13
6822.09,2026-06-19 22:00:00,5,3,5.964625249334595,7.95332855286153,1.9887033035269353,1.9887033035269353,SURPLUS_PRESSURE,14
5712.03,2026-06-19 22:00:00,18,19,23.490851441127266,22.10168026894741,-1.3891711721798572,1.3891711721798572,DEFICIT_PRESSURE,15
6233.04,2026-06-19 22:00:00,6,2,11.332204017818485,12.502197890014834,1.1699938721963488,1.1699938721963488,SURPLUS_PRESSURE,16
6140.05,2026-06-19 22:00:00,12,15,13.885352168490678,14.731693811300755,0.8463416428100761,0.8463416428100761,SURPLUS_PRESSURE,17
6459.07,2026-06-19 22:00:00,26,17,14.282405884196645,14.992774182860458,0.7103682986638127,0.7103682986638127,SURPLUS_PRESSURE,18
6492.08,2026-06-19 22:00:00,11,11,10.791842029038696,11.34547533059208,0.5536333015533845,0.5536333015533845,SURPLUS_PRESSURE,19
5905.12,2026-06-19 22:00:00,15,14,19.780989337251178,20.31782974556786,0.5368404083166816,0.5368404083166816,SURPLUS_PRESSURE,20
5763.03,2026-06-19 23:00:00,23,23,34.19775132498297,19.849650801353963,-14.348100523629004,14.348100523629004,DEFICIT_PRESSURE,1
6331.01,2026-06-19 23:00:00,24,3,25.342140302342344,14.831700222854188,-10.510440079488156,10.510440079488156,DEFICIT_PRESSURE,2
5374.01,2026-06-19 23:00:00,23,22,29.148783537428216,19.495637141706972,-9.653146395721244,9.653146395721244,DEFICIT_PRESSURE,3
5980.10,2026-06-19 23:00:00,9,1,11.085547351657727,1.8571715681583658,-9.228375783499361,9.228375783499361,DEFICIT_PRESSURE,4
6726.01,2026-06-19 23:00:00,12,18,16.995500113602155,22.90981010576012,5.914309992157964,5.914309992157964,SURPLUS_PRESSURE,5
6364.07,2026-06-19 23:00:00,9,7,19.047349873134866,13.911918213894793,-5.135431659240073,5.135431659240073,DEFICIT_PRESSURE,6
6173.08,2026-06-19 23:00:00,1,1,12.807664478848519,8.408340140514294,-4.399324338334225,4.399324338334225,DEFICIT_PRESSURE,7
6140.05,2026-06-19 23:00:00,14,9,8.464366194557769,12.71317563425906,4.24880943970129,4.24880943970129,SURPLUS_PRESSURE,8
5492.05,2026-06-19 23:00:00,11,13,19.814694714191287,15.618682041588924,-4.196012672602363,4.196012672602363,DEFICIT_PRESSURE,9
6912.01,2026-06-19 23:00:00,17,11,15.209731705198049,18.943210384523738,3.733478679325689,3.733478679325689,SURPLUS_PRESSURE,10
5905.12,2026-06-19 23:00:00,9,15,15.481770129035104,12.071496240608068,-3.410273888427035,3.410273888427035,DEFICIT_PRESSURE,11
6459.07,2026-06-19 23:00:00,12,7,12.042324348386398,15.299705948629697,3.257381600243299,3.257381600243299,SURPLUS_PRESSURE,12
6072.06,2026-06-19 23:00:00,16,14,18.4931849474589,16.299977154706756,-2.193207792752144,2.193207792752144,DEFICIT_PRESSURE,13
6822.09,2026-06-19 23:00:00,4,5,9.420679697479994,7.984809329517035,-1.4358703679629583,1.4358703679629583,DEFICIT_PRESSURE,14
5905.14,2026-06-19 23:00:00,22,19,11.294582999624888,12.133261485530184,0.8386784859052963,0.8386784859052963,SURPLUS_PRESSURE,15
6948.10,2026-06-19 23:00:00,12,10,8.216439562887468,8.626199580327201,0.40976001743973356,0.40976001743973356,SURPLUS_PRESSURE,16
6233.04,2026-06-19 23:00:00,8,6,3.372822320191424,3.0796840159323398,-0.29313830425908405,0.29313830425908405,DEFICIT_PRESSURE,17
5712.03,2026-06-19 23:00:00,27,18,18.856267677919167,18.747236593573753,-0.10903108434541409,0.10903108434541409,DEFICIT_PRESSURE,18
6432.09,2026-06-19 23:00:00,20,12,12.961213194529996,12.871327696075184,-0.08988549845481231,0.08988549845481231,DEFICIT_PRESSURE,19
6492.08,2026-06-19 23:00:00,8,9,9.378288352993112,9.354510386711228,-0.023777966281883778,0.023777966281883778,DEFICIT_PRESSURE,20
6331.01,2026-06-20 00:00:00,5,6,27.790464408077682,5.23102688934962,-22.55943751872806,22.55943751872806,DEFICIT_PRESSURE,1
6140.05,2026-06-20 00:00:00,9,10,19.49189805655331,6.030862358248367,-13.461035698304944,13.461035698304944,DEFICIT_PRESSURE,2
6726.01,2026-06-20 00:00:00,7,11,8.94296574626738,18.2345692536163,9.29160350734892,9.29160350734892,SURPLUS_PRESSURE,3
6432.09,2026-06-20 00:00:00,8,10,17.198164005277246,9.552305277535533,-7.645858727741713,7.645858727741713,DEFICIT_PRESSURE,4
5980.10,2026-06-20 00:00:00,6,1,9.308833585973947,2.214188496320198,-7.094645089653749,7.094645089653749,DEFICIT_PRESSURE,5
5905.12,2026-06-20 00:00:00,9,8,11.781880143363175,17.71924448171948,5.9373643383563035,5.9373643383563035,SURPLUS_PRESSURE,6
5492.05,2026-06-20 00:00:00,17,12,7.039187901005585,11.814712559902462,4.775524658896877,4.775524658896877,SURPLUS_PRESSURE,7
6364.07,2026-06-20 00:00:00,9,17,9.394487209362563,5.452509794495427,-3.941977414867136,3.941977414867136,DEFICIT_PRESSURE,8
6459.07,2026-06-20 00:00:00,5,11,9.760942602076579,13.53087881288789,3.769936210811311,3.769936210811311,SURPLUS_PRESSURE,9
5374.01,2026-06-20 00:00:00,17,12,19.670607331245975,16.287289178203647,-3.383318153042328,3.383318153042328,DEFICIT_PRESSURE,10
6072.06,2026-06-20 00:00:00,11,9,12.004855748917969,9.233898359519301,-2.770957389398667,2.770957389398667,DEFICIT_PRESSURE,11
5905.14,2026-06-20 00:00:00,7,10,11.306617672997875,13.99149593185912,2.6848782588612448,2.6848782588612448,SURPLUS_PRESSURE,12
6492.08,2026-06-20 00:00:00,9,5,8.12725716293783,5.8377555330219755,-2.289501629915855,2.289501629915855,DEFICIT_PRESSURE,13
6912.01,2026-06-20 00:00:00,5,8,9.831552240779411,7.8388952400411025,-1.9926570007383084,1.9926570007383084,DEFICIT_PRESSURE,14
5763.03,2026-06-20 00:00:00,28,19,20.14341411264851,18.700254302137058,-1.4431598105114531,1.4431598105114531,DEFICIT_PRESSURE,15
6233.04,2026-06-20 00:00:00,5,0,2.760987683390787,3.7052169208008854,0.9442292374100982,0.9442292374100982,SURPLUS_PRESSURE,16
6822.09,2026-06-20 00:00:00,2,9,3.6431118955953945,4.538403163303084,0.8952912677076892,0.8952912677076892,SURPLUS_PRESSURE,17
5712.03,2026-06-20 00:00:00,11,20,23.544592165327188,22.991734413641193,-0.5528577516859947,0.5528577516859947,DEFICIT_PRESSURE,18
6948.10,2026-06-20 00:00:00,4,3,9.611129638540772,9.423422473768738,-0.18770716477203386,0.18770716477203386,DEFICIT_PRESSURE,19
6173.08,2026-06-20 00:00:00,0,0,2.7566563493045004,2.7895473893077245,0.03289104000322407,0.03289104000322407,SURPLUS_PRESSURE,20
5763.03,2026-06-20 01:00:00,16,5,21.922157095671796,15.528343098559587,-6.393813997112209,6.393813997112209,DEFICIT_PRESSURE,1
5492.05,2026-06-20 01:00:00,6,5,14.128213144763722,9.019284615298734,-5.108928529464988,5.108928529464988,DEFICIT_PRESSURE,2
6459.07,2026-06-20 01:00:00,8,8,2.391237223324298,7.22349717778807,4.832259954463772,4.832259954463772,SURPLUS_PRESSURE,3
5374.01,2026-06-20 01:00:00,7,5,17.085884483257527,12.308350972492244,-4.7775335107652825,4.7775335107652825,DEFICIT_PRESSURE,4
6822.09,2026-06-20 01:00:00,3,6,2.2313711467873434,6.388918017334768,4.157546870547424,4.157546870547424,SURPLUS_PRESSURE,5
6140.05,2026-06-20 01:00:00,7,9,3.0890427026202034,6.953700460600564,3.864657757980361,3.864657757980361,SURPLUS_PRESSURE,6
5980.10,2026-06-20 01:00:00,5,2,5.247086617074161,1.8060785375119748,-3.4410080795621862,3.4410080795621862,DEFICIT_PRESSURE,7
6726.01,2026-06-20 01:00:00,7,9,4.368912964916263,7.795448868654148,3.426535903737885,3.426535903737885,SURPLUS_PRESSURE,8
6912.01,2026-06-20 01:00:00,5,5,3.7083586093921754,6.415604295792598,2.707245686400422,2.707245686400422,SURPLUS_PRESSURE,9
6432.09,2026-06-20 01:00:00,8,10,6.301955589246174,8.898160823745833,2.596205234499659,2.596205234499659,SURPLUS_PRESSURE,10
6233.04,2026-06-20 01:00:00,2,2,2.558985067393824,0.2194910652332326,-2.3394940021605914,2.3394940021605914,DEFICIT_PRESSURE,11
6364.07,2026-06-20 01:00:00,11,0,9.293989596810322,11.229521117223067,1.935531520412745,1.935531520412745,SURPLUS_PRESSURE,12
6072.06,2026-06-20 01:00:00,11,7,9.552540049618823,8.041074382940035,-1.511465666678788,1.511465666678788,DEFICIT_PRESSURE,13
5905.12,2026-06-20 01:00:00,6,8,4.724124173269546,6.121829422452374,1.3977052491828283,1.3977052491828283,SURPLUS_PRESSURE,14
5712.03,2026-06-20 01:00:00,12,11,11.307368340367859,12.621254147381013,1.313885807013154,1.313885807013154,SURPLUS_PRESSURE,15
6492.08,2026-06-20 01:00:00,4,1,3.269044171875654,2.139725143878237,-1.129319027997417,1.129319027997417,DEFICIT_PRESSURE,16
5905.14,2026-06-20 01:00:00,7,4,8.77346877803012,7.698687787197209,-1.0747809908329105,1.0747809908329105,DEFICIT_PRESSURE,17
6173.08,2026-06-20 01:00:00,1,2,2.4922553672178367,1.5606897032026175,-0.9315656640152192,0.9315656640152192,DEFICIT_PRESSURE,18
6331.01,2026-06-20 01:00:00,6,10,4.983972310191897,5.75047673434537,0.7665044241534735,0.7665044241534735,SURPLUS_PRESSURE,19
6948.10,2026-06-20 01:00:00,3,5,2.3990022587332382,2.220988819181392,-0.17801343955184645,0.17801343955184645,DEFICIT_PRESSURE,20
6364.07,2026-06-20 02:00:00,1,7,10.571478174528465,2.729862524901419,-7.841615649627046,7.841615649627046,DEFICIT_PRESSURE,1
6072.06,2026-06-20 02:00:00,5,5,12.381057181761735,5.670679768053517,-6.710377413708218,6.710377413708218,DEFICIT_PRESSURE,2
5763.03,2026-06-20 02:00:00,8,4,11.645225414900128,5.996496334132109,-5.648729080768019,5.648729080768019,DEFICIT_PRESSURE,3
6822.09,2026-06-20 02:00:00,0,3,1.201964405974254,4.770243561607964,3.5682791556337103,3.5682791556337103,SURPLUS_PRESSURE,4
6459.07,2026-06-20 02:00:00,7,2,3.0621068453438802,6.490295111854696,3.4281882665108157,3.4281882665108157,SURPLUS_PRESSURE,5
5980.10,2026-06-20 02:00:00,5,0,4.480312791466774,1.127724280011997,-3.352588511454777,3.352588511454777,DEFICIT_PRESSURE,6
5374.01,2026-06-20 02:00:00,6,8,9.151874431398294,6.01937047884687,-3.132503952551424,3.132503952551424,DEFICIT_PRESSURE,7
5905.14,2026-06-20 02:00:00,5,4,4.530337751098384,7.575806571045623,3.0454688199472395,3.0454688199472395,SURPLUS_PRESSURE,8
6726.01,2026-06-20 02:00:00,2,5,5.098035510321768,2.5274031028532407,-2.5706324074685276,2.5706324074685276,DEFICIT_PRESSURE,9
5712.03,2026-06-20 02:00:00,10,6,10.359612093090014,8.2334507233635,-2.126161369726514,2.126161369726514,DEFICIT_PRESSURE,10
5492.05,2026-06-20 02:00:00,5,10,4.204557422043447,2.862634871837906,-1.3419225502055405,1.3419225502055405,DEFICIT_PRESSURE,11
6492.08,2026-06-20 02:00:00,2,2,1.3435175925064469,2.357595368374322,1.0140777758678752,1.0140777758678752,SURPLUS_PRESSURE,12
6331.01,2026-06-20 02:00:00,6,8,7.09002247962664,8.032042491527074,0.9420200119004338,0.9420200119004338,SURPLUS_PRESSURE,13
6173.08,2026-06-20 02:00:00,1,0,1.0967540046017692,2.0029619918988124,0.9062079872970432,0.9062079872970432,SURPLUS_PRESSURE,14
6140.05,2026-06-20 02:00:00,10,4,4.763482587089772,5.421763058474571,0.6582804713847992,0.6582804713847992,SURPLUS_PRESSURE,15
6948.10,2026-06-20 02:00:00,3,1,1.5080720887532042,2.0810830773950615,0.5730109886418573,0.5730109886418573,SURPLUS_PRESSURE,16
6233.04,2026-06-20 02:00:00,2,1,1.0968545286038733,0.778025879853908,-0.3188286487499653,0.3188286487499653,DEFICIT_PRESSURE,17
6432.09,2026-06-20 02:00:00,3,0,2.3345558338154477,2.113777540224075,-0.2207782935913727,0.2207782935913727,DEFICIT_PRESSURE,18
6912.01,2026-06-20 02:00:00,3,0,3.5143110829626165,3.311030417451275,-0.2032806655113415,0.2032806655113415,DEFICIT_PRESSURE,19
5905.12,2026-06-20 02:00:00,7,3,3.050803305004269,2.8963280727448346,-0.1544752322594345,0.1544752322594345,DEFICIT_PRESSURE,20
5763.03,2026-06-20 03:00:00,11,8,7.993771264800942,3.7561486515006686,-4.237622613300273,4.237622613300273,DEFICIT_PRESSURE,1
6459.07,2026-06-20 03:00:00,7,4,5.898583174606378,2.1268782320293522,-3.7717049425770255,3.7717049425770255,DEFICIT_PRESSURE,2
6072.06,2026-06-20 03:00:00,3,4,4.967149131296062,2.0594203212367965,-2.9077288100592655,2.9077288100592655,DEFICIT_PRESSURE,3
6140.05,2026-06-20 03:00:00,1,4,5.320644949722724,2.530651380953777,-2.789993568768947,2.789993568768947,DEFICIT_PRESSURE,4
6364.07,2026-06-20 03:00:00,5,2,2.5261444326742177,5.1070379210939665,2.5808934884197487,2.5808934884197487,SURPLUS_PRESSURE,5
6912.01,2026-06-20 03:00:00,2,3,2.8766396515718053,0.6362087119667187,-2.2404309396050865,2.2404309396050865,DEFICIT_PRESSURE,6
5374.01,2026-06-20 03:00:00,2,2,3.4192871899893453,5.583025377352912,2.1637381873635664,2.1637381873635664,SURPLUS_PRESSURE,7
5905.12,2026-06-20 03:00:00,4,2,3.6677137421941506,1.512140452758273,-2.1555732894358774,2.1555732894358774,DEFICIT_PRESSURE,8
6331.01,2026-06-20 03:00:00,3,2,2.133338745303236,4.1274155158532935,1.9940767705500573,1.9940767705500573,SURPLUS_PRESSURE,9
5980.10,2026-06-20 03:00:00,0,0,2.5035131770282533,0.5324764166012166,-1.9710367604270367,1.9710367604270367,DEFICIT_PRESSURE,10
6822.09,2026-06-20 03:00:00,4,7,0.9037370934045978,2.4877851018798993,1.5840480084753015,1.5840480084753015,SURPLUS_PRESSURE,11
6432.09,2026-06-20 03:00:00,2,1,1.2768122858301314,2.400829937710093,1.1240176518799616,1.1240176518799616,SURPLUS_PRESSURE,12
5905.14,2026-06-20 03:00:00,3,2,2.7718283371002252,1.805213657947397,-0.9666146791528283,0.9666146791528283,DEFICIT_PRESSURE,13
6726.01,2026-06-20 03:00:00,2,4,0.9413035503030704,1.6739812266405016,0.7326776763374312,0.7326776763374312,SURPLUS_PRESSURE,14
6173.08,2026-06-20 03:00:00,1,2,0.730160624304176,1.3191762973530834,0.5890156730489073,0.5890156730489073,SURPLUS_PRESSURE,15
5712.03,2026-06-20 03:00:00,3,1,2.998314014595638,3.381678890493778,0.3833648758981396,0.3833648758981396,SURPLUS_PRESSURE,16
6948.10,2026-06-20 03:00:00,4,1,1.2355209910952083,0.8559451490483415,-0.3795758420468668,0.3795758420468668,DEFICIT_PRESSURE,17
5492.05,2026-06-20 03:00:00,3,3,4.422014797529178,4.050687159759433,-0.37132763776974453,0.37132763776974453,DEFICIT_PRESSURE,18
6492.08,2026-06-20 03:00:00,3,0,2.1794269575258993,1.8570334945460558,-0.3223934629798435,0.3223934629798435,DEFICIT_PRESSURE,19
6233.04,2026-06-20 03:00:00,0,1,0.6597444977701256,0.34325647774165624,-0.3164880200284693,0.3164880200284693,DEFICIT_PRESSURE,20
6822.09,2026-06-20 04:00:00,0,1,2.5561187178586193,5.769497882720852,3.213379164862233,3.213379164862233,SURPLUS_PRESSURE,1
6140.05,2026-06-20 04:00:00,5,1,1.4935393499932053,4.048003978832744,2.554464628839539,2.554464628839539,SURPLUS_PRESSURE,2
6459.07,2026-06-20 04:00:00,0,2,2.7433484083904722,1.282012282491964,-1.4613361258985083,1.4613361258985083,DEFICIT_PRESSURE,3
6364.07,2026-06-20 04:00:00,1,3,3.0406574992063597,1.6260411989806753,-1.4146163002256844,1.4146163002256844,DEFICIT_PRESSURE,4
6726.01,2026-06-20 04:00:00,2,5,0.8903851550883549,1.8552880033289356,0.9649028482405807,0.9649028482405807,SURPLUS_PRESSURE,5
5905.12,2026-06-20 04:00:00,1,1,2.360862905519794,1.4693654631718542,-0.8914974423479396,0.8914974423479396,DEFICIT_PRESSURE,6
6432.09,2026-06-20 04:00:00,0,0,0.9999945052290967,1.6620671767935014,0.6620726715644046,0.6620726715644046,SURPLUS_PRESSURE,7
5763.03,2026-06-20 04:00:00,2,0,3.606455249759156,4.121169438520756,0.5147141887615998,0.5147141887615998,SURPLUS_PRESSURE,8
6492.08,2026-06-20 04:00:00,1,1,1.0898937391008658,0.5999977226586736,-0.4898960164421923,0.4898960164421923,DEFICIT_PRESSURE,9
6173.08,2026-06-20 04:00:00,1,0,1.0001889676409466,1.4062352230558408,0.40604625541489425,0.40604625541489425,SURPLUS_PRESSURE,10
5980.10,2026-06-20 04:00:00,0,0,0.882178168070793,0.48228956943982965,-0.3998885986309633,0.3998885986309633,DEFICIT_PRESSURE,11
6912.01,2026-06-20 04:00:00,3,4,1.2154213401747018,1.5378528766504502,0.3224315364757484,0.3224315364757484,SURPLUS_PRESSURE,12
6948.10,2026-06-20 04:00:00,1,0,1.130437502811338,0.9114212509616677,-0.21901625184967033,0.21901625184967033,DEFICIT_PRESSURE,13
6233.04,2026-06-20 04:00:00,0,0,0.1806169419400655,0.39217885954265486,0.21156191760258936,0.21156191760258936,SURPLUS_PRESSURE,14
6072.06,2026-06-20 04:00:00,1,6,1.221527073771657,1.362931538200985,0.14140446442932797,0.14140446442932797,SURPLUS_PRESSURE,15
5712.03,2026-06-20 04:00:00,3,1,1.5632502707589822,1.4304062878285793,-0.1328439829304029,0.1328439829304029,DEFICIT_PRESSURE,16
5374.01,2026-06-20 04:00:00,1,3,1.6215515367539635,1.7250187980990899,0.1034672613451264,0.1034672613451264,SURPLUS_PRESSURE,17
5492.05,2026-06-20 04:00:00,1,1,1.4508831284147814,1.3671617284447046,-0.08372139997007677,0.08372139997007677,DEFICIT_PRESSURE,18
6331.01,2026-06-20 04:00:00,3,2,1.6333635877711599,1.7124620952072638,0.07909850743610392,0.07909850743610392,SURPLUS_PRESSURE,19
5905.14,2026-06-20 04:00:00,4,1,1.092021184243807,1.1394640921373307,0.04744290789352368,0.04744290789352368,SURPLUS_PRESSURE,20
6432.09,2026-06-20 05:00:00,0,11,1.0461351130806018,3.854420227406103,2.808285114325501,2.808285114325501,SURPLUS_PRESSURE,1
6072.06,2026-06-20 05:00:00,3,0,0.7731418832500355,2.7004546414897495,1.9273127582397138,1.9273127582397138,SURPLUS_PRESSURE,2
6140.05,2026-06-20 05:00:00,0,1,2.9861123393793747,1.268847324262056,-1.7172650151173188,1.7172650151173188,DEFICIT_PRESSURE,3
6233.04,2026-06-20 05:00:00,0,0,0.5666609575325786,2.248438691474388,1.6817777339418094,1.6817777339418094,SURPLUS_PRESSURE,4
6912.01,2026-06-20 05:00:00,0,2,1.1180502195276274,2.7518424625264464,1.633792242998819,1.633792242998819,SURPLUS_PRESSURE,5
5905.14,2026-06-20 05:00:00,5,0,3.1782772334442684,1.6055710007844994,-1.572706232659769,1.572706232659769,DEFICIT_PRESSURE,6
6492.08,2026-06-20 05:00:00,0,5,0.9486788473731199,2.344131482419481,1.3954526350463614,1.3954526350463614,SURPLUS_PRESSURE,7
6173.08,2026-06-20 05:00:00,1,3,0.6897445289465283,2.0073362824260683,1.31759175347954,1.31759175347954,SURPLUS_PRESSURE,8
5763.03,2026-06-20 05:00:00,0,2,2.793760780675325,1.7959561849610577,-0.9978045957142674,0.9978045957142674,DEFICIT_PRESSURE,9
5374.01,2026-06-20 05:00:00,1,5,0.8937106758926011,1.7998971547875693,0.9061864788949682,0.9061864788949682,SURPLUS_PRESSURE,10
6331.01,2026-06-20 05:00:00,1,6,4.37626446112834,5.198245940478326,0.8219814793499864,0.8219814793499864,SURPLUS_PRESSURE,11
6459.07,2026-06-20 05:00:00,2,1,0.9312990976942288,1.702012884952972,0.7707137872587433,0.7707137872587433,SURPLUS_PRESSURE,12
5905.12,2026-06-20 05:00:00,3,1,0.9846055578090843,1.6573344068701719,0.6727288490610875,0.6727288490610875,SURPLUS_PRESSURE,13
6726.01,2026-06-20 05:00:00,3,1,2.273466718888758,1.665068070671654,-0.6083986482171038,0.6083986482171038,DEFICIT_PRESSURE,14
6822.09,2026-06-20 05:00:00,0,1,1.7673581552381363,2.3658531488840406,0.5984949936459043,0.5984949936459043,SURPLUS_PRESSURE,15
5492.05,2026-06-20 05:00:00,1,0,0.7997094396884059,1.3082540506379936,0.5085446109495877,0.5085446109495877,SURPLUS_PRESSURE,16
5980.10,2026-06-20 05:00:00,0,0,1.1042826468054754,0.5972551008193608,-0.5070275459861145,0.5070275459861145,DEFICIT_PRESSURE,17
6364.07,2026-06-20 05:00:00,2,1,1.4298092808364695,1.7762523720834773,0.3464430912470078,0.3464430912470078,SURPLUS_PRESSURE,18
6948.10,2026-06-20 05:00:00,1,0,1.0945183300595507,1.2995939665305674,0.20507563647101668,0.20507563647101668,SURPLUS_PRESSURE,19
5712.03,2026-06-20 05:00:00,1,3,1.3766931808489422,1.5145409238018188,0.1378477429528766,0.1378477429528766,SURPLUS_PRESSURE,20
5905.14,2026-06-20 06:00:00,1,1,10.51028948556098,3.6055145608914345,-6.904774924669546,6.904774924669546,DEFICIT_PRESSURE,1
6492.08,2026-06-20 06:00:00,1,7,1.2497165985125107,8.089539525436093,6.839822926923582,6.839822926923582,SURPLUS_PRESSURE,2
6822.09,2026-06-20 06:00:00,3,11,3.2612615561363896,9.228440170716379,5.967178614579989,5.967178614579989,SURPLUS_PRESSURE,3
6432.09,2026-06-20 06:00:00,4,24,6.165010466636312,11.746110981851034,5.581100515214722,5.581100515214722,SURPLUS_PRESSURE,4
6331.01,2026-06-20 06:00:00,9,25,5.982723665854894,11.02072619831137,5.038002532456477,5.038002532456477,SURPLUS_PRESSURE,5
5374.01,2026-06-20 06:00:00,5,3,3.680952464919746,8.597879365656969,4.916926900737223,4.916926900737223,SURPLUS_PRESSURE,6
6173.08,2026-06-20 06:00:00,1,2,1.1633570995604876,5.479592359494324,4.316235259933837,4.316235259933837,SURPLUS_PRESSURE,7
5712.03,2026-06-20 06:00:00,2,3,1.3593114643575033,5.181922032549157,3.822610568191654,3.822610568191654,SURPLUS_PRESSURE,8
6140.05,2026-06-20 06:00:00,2,2,1.4465611025723433,3.9683497314612497,2.521788628888906,2.521788628888906,SURPLUS_PRESSURE,9
6233.04,2026-06-20 06:00:00,0,1,1.90358390144749,4.255170746665214,2.3515868452177235,2.3515868452177235,SURPLUS_PRESSURE,10
6726.01,2026-06-20 06:00:00,8,1,5.196667375868235,3.311092743792207,-1.885574632076028,1.885574632076028,DEFICIT_PRESSURE,11
5492.05,2026-06-20 06:00:00,2,0,3.9114141831319382,2.130219782855824,-1.7811944002761142,1.7811944002761142,DEFICIT_PRESSURE,12
5980.10,2026-06-20 06:00:00,0,0,2.066250343068642,0.8148837744668583,-1.2513665686017839,1.2513665686017839,DEFICIT_PRESSURE,13
5763.03,2026-06-20 06:00:00,2,2,2.3184040849099166,3.2033700262238565,0.8849659413139399,0.8849659413139399,SURPLUS_PRESSURE,14
5905.12,2026-06-20 06:00:00,5,5,5.188029353898607,4.33540243854709,-0.8526269153515162,0.8526269153515162,DEFICIT_PRESSURE,15
6912.01,2026-06-20 06:00:00,7,5,5.267293080550122,4.416439282144553,-0.8508537984055691,0.8508537984055691,DEFICIT_PRESSURE,16
6364.07,2026-06-20 06:00:00,4,3,2.6900139116622266,3.1644442991029473,0.47443038744072075,0.47443038744072075,SURPLUS_PRESSURE,17
6948.10,2026-06-20 06:00:00,1,0,2.8387160665672546,2.562045777554608,-0.27667028901264645,0.27667028901264645,DEFICIT_PRESSURE,18
6072.06,2026-06-20 06:00:00,2,4,2.569540216652209,2.6903368198283566,0.1207966031761476,0.1207966031761476,SURPLUS_PRESSURE,19
6459.07,2026-06-20 06:00:00,2,1,1.3929318723369974,1.3873577126729262,-0.005574159664071265,0.005574159664071265,DEFICIT_PRESSURE,20
6432.09,2026-06-20 07:00:00,6,19,13.003427896542119,22.60939804982206,9.605970153279943,9.605970153279943,SURPLUS_PRESSURE,1
6331.01,2026-06-20 07:00:00,12,19,13.997788555140007,23.16857461346347,9.170786058323463,9.170786058323463,SURPLUS_PRESSURE,2
6492.08,2026-06-20 07:00:00,3,4,5.527289075771204,12.522259708508665,6.994970632737461,6.994970632737461,SURPLUS_PRESSURE,3
6726.01,2026-06-20 07:00:00,12,6,11.736155190200114,5.356785030460233,-6.379370159739881,6.379370159739881,DEFICIT_PRESSURE,4
6233.04,2026-06-20 07:00:00,0,13,3.716491320488761,9.089091199754364,5.372599879265604,5.372599879265604,SURPLUS_PRESSURE,5
6459.07,2026-06-20 07:00:00,7,5,9.0513597587148,4.659638811383801,-4.391720947330998,4.391720947330998,DEFICIT_PRESSURE,6
6072.06,2026-06-20 07:00:00,7,2,3.4039535110692265,7.120832933718971,3.716879422649744,3.716879422649744,SURPLUS_PRESSURE,7
6173.08,2026-06-20 07:00:00,3,6,1.765117012231016,5.2977460675028745,3.532629055271858,3.532629055271858,SURPLUS_PRESSURE,8
6948.10,2026-06-20 07:00:00,5,5,7.128451880363811,4.023033182529256,-3.1054186978345557,3.1054186978345557,DEFICIT_PRESSURE,9
5712.03,2026-06-20 07:00:00,6,9,4.174572070294914,6.772212175613767,2.5976401053188525,2.5976401053188525,SURPLUS_PRESSURE,10
6140.05,2026-06-20 07:00:00,5,10,3.9506367587288183,6.2782445589718225,2.3276078002430043,2.3276078002430043,SURPLUS_PRESSURE,11
6822.09,2026-06-20 07:00:00,12,20,15.573820828494,13.678526089436765,-1.8952947390572348,1.8952947390572348,DEFICIT_PRESSURE,12
5492.05,2026-06-20 07:00:00,1,4,3.3851877891209057,5.260033943562069,1.8748461544411636,1.8748461544411636,SURPLUS_PRESSURE,13
5980.10,2026-06-20 07:00:00,10,3,3.3834076393676162,1.5877935566718628,-1.7956140826957534,1.7956140826957534,DEFICIT_PRESSURE,14
5905.12,2026-06-20 07:00:00,6,11,5.07327681580933,6.572620514205278,1.4993436983959478,1.4993436983959478,SURPLUS_PRESSURE,15
6912.01,2026-06-20 07:00:00,12,24,8.558411371339448,10.026644094196985,1.4682327228575378,1.4682327228575378,SURPLUS_PRESSURE,16
6364.07,2026-06-20 07:00:00,4,4,6.037030576426447,7.30591744616815,1.2688868697417037,1.2688868697417037,SURPLUS_PRESSURE,17
5374.01,2026-06-20 07:00:00,8,1,5.674821336767443,4.893887877634901,-0.7809334591325419,0.7809334591325419,DEFICIT_PRESSURE,18
5905.14,2026-06-20 07:00:00,3,8,4.232183626207068,4.406726779098965,0.17454315289189726,0.17454315289189726,SURPLUS_PRESSURE,19
5763.03,2026-06-20 07:00:00,5,3,5.131223729075457,5.03100358876578,-0.10022014030967696,0.10022014030967696,DEFICIT_PRESSURE,20
5980.10,2026-06-20 08:00:00,7,1,23.964203354978352,2.8506313547869713,-21.113572000191382,21.113572000191382,DEFICIT_PRESSURE,1
6233.04,2026-06-20 08:00:00,12,18,6.993780195128899,27.80358567891795,20.809805483789052,20.809805483789052,SURPLUS_PRESSURE,2
6432.09,2026-06-20 08:00:00,6,21,7.376031244055204,25.657851729538066,18.28182048548286,18.28182048548286,SURPLUS_PRESSURE,3
6726.01,2026-06-20 08:00:00,16,7,23.324516120523285,10.560084261148704,-12.76443185937458,12.76443185937458,DEFICIT_PRESSURE,4
5374.01,2026-06-20 08:00:00,6,5,17.402631242930088,4.949535241240571,-12.453096001689516,12.453096001689516,DEFICIT_PRESSURE,5
6140.05,2026-06-20 08:00:00,9,14,9.31908214748116,19.26373460877059,9.944652461289431,9.944652461289431,SURPLUS_PRESSURE,6
5905.12,2026-06-20 08:00:00,7,10,7.7027240707352975,16.90972633750914,9.207002266773845,9.207002266773845,SURPLUS_PRESSURE,7
5905.14,2026-06-20 08:00:00,8,6,8.078452358598474,16.783189985511832,8.704737626913358,8.704737626913358,SURPLUS_PRESSURE,8
6331.01,2026-06-20 08:00:00,9,29,14.985718970964067,22.932525072659033,7.946806101694966,7.946806101694966,SURPLUS_PRESSURE,9
6912.01,2026-06-20 08:00:00,15,25,14.64604688928662,22.140852366822813,7.494805477536193,7.494805477536193,SURPLUS_PRESSURE,10
5712.03,2026-06-20 08:00:00,9,19,9.17707479126777,16.462610567300935,7.285535776033164,7.285535776033164,SURPLUS_PRESSURE,11
6822.09,2026-06-20 08:00:00,13,4,13.756973234665574,19.657877244206713,5.900904009541138,5.900904009541138,SURPLUS_PRESSURE,12
6492.08,2026-06-20 08:00:00,9,6,5.435108931603857,10.140642712184421,4.705533780580565,4.705533780580565,SURPLUS_PRESSURE,13
6948.10,2026-06-20 08:00:00,8,10,10.579707948469993,14.464097922502335,3.8843899740323415,3.8843899740323415,SURPLUS_PRESSURE,14
5492.05,2026-06-20 08:00:00,5,8,4.9484016521896965,8.665288411000432,3.7168867588107357,3.7168867588107357,SURPLUS_PRESSURE,15
6173.08,2026-06-20 08:00:00,6,10,8.69524787558952,12.351935951126174,3.656688075536655,3.656688075536655,SURPLUS_PRESSURE,16
6459.07,2026-06-20 08:00:00,12,5,8.729455131809091,6.601407014306756,-2.1280481175023356,2.1280481175023356,DEFICIT_PRESSURE,17
5763.03,2026-06-20 08:00:00,13,6,9.156625226452157,7.192802954372313,-1.9638222720798435,1.9638222720798435,DEFICIT_PRESSURE,18
6364.07,2026-06-20 08:00:00,8,3,8.04692025069795,6.536701958965698,-1.5102182917322517,1.5102182917322517,DEFICIT_PRESSURE,19
6072.06,2026-06-20 08:00:00,5,7,11.433817955812536,10.859746729409451,-0.5740712264030847,0.5740712264030847,DEFICIT_PRESSURE,20
6331.01,2026-06-20 09:00:00,6,22,12.053663532275174,28.87683711021997,16.823173577944797,16.823173577944797,SURPLUS_PRESSURE,1
6432.09,2026-06-20 09:00:00,11,21,10.461418449547493,21.886520000220877,11.425101550673384,11.425101550673384,SURPLUS_PRESSURE,2
5980.10,2026-06-20 09:00:00,24,2,13.532131882798035,3.0503480270316587,-10.481783855766377,10.481783855766377,DEFICIT_PRESSURE,3
5763.03,2026-06-20 09:00:00,10,13,18.069608319021057,11.43562889816915,-6.633979420851908,6.633979420851908,DEFICIT_PRESSURE,4
6822.09,2026-06-20 09:00:00,9,10,13.251531322247544,7.985997086878841,-5.265534235368703,5.265534235368703,DEFICIT_PRESSURE,5
5492.05,2026-06-20 09:00:00,14,17,12.517647571246222,17.424556529837716,4.906908958591494,4.906908958591494,SURPLUS_PRESSURE,6
6459.07,2026-06-20 09:00:00,22,15,12.74485348590522,7.978385244320057,-4.766468241585162,4.766468241585162,DEFICIT_PRESSURE,7
5712.03,2026-06-20 09:00:00,10,12,18.29830527482318,22.871042719633802,4.572737444810624,4.572737444810624,SURPLUS_PRESSURE,8
6233.04,2026-06-20 09:00:00,15,31,22.32822241364552,26.502860075031666,4.1746376613861464,4.1746376613861464,SURPLUS_PRESSURE,9
6364.07,2026-06-20 09:00:00,19,12,12.075222274493555,8.393546904948703,-3.681675369544852,3.681675369544852,DEFICIT_PRESSURE,10
6173.08,2026-06-20 09:00:00,13,25,11.799565093369113,15.324540032987791,3.5249749396186782,3.5249749396186782,SURPLUS_PRESSURE,11
5374.01,2026-06-20 09:00:00,11,11,13.79936772423718,10.95390451508522,-2.8454632091519603,2.8454632091519603,DEFICIT_PRESSURE,12
6072.06,2026-06-20 09:00:00,14,15,12.9682562730783,15.059481936398614,2.091225663320314,2.091225663320314,SURPLUS_PRESSURE,13
6948.10,2026-06-20 09:00:00,18,11,15.882799973927776,17.658587838121672,1.7757878641938962,1.7757878641938962,SURPLUS_PRESSURE,14
6726.01,2026-06-20 09:00:00,40,22,18.02618172386633,16.54803584493161,-1.4781458789347184,1.4781458789347184,DEFICIT_PRESSURE,15
5905.12,2026-06-20 09:00:00,12,16,14.710735595313466,15.99707163270487,1.2863360373914041,1.2863360373914041,SURPLUS_PRESSURE,16
6140.05,2026-06-20 09:00:00,14,18,21.855979697190755,22.786937950937958,0.9309582537472032,0.9309582537472032,SURPLUS_PRESSURE,17
5905.14,2026-06-20 09:00:00,12,13,14.901834150072862,15.65822115518497,0.7563870051121082,0.7563870051121082,SURPLUS_PRESSURE,18
6492.08,2026-06-20 09:00:00,18,14,11.007636000987794,11.483519157708471,0.47588315672067694,0.47588315672067694,SURPLUS_PRESSURE,19
6912.01,2026-06-20 09:00:00,41,36,22.321799010351434,22.293770379718463,-0.028028630632970675,0.028028630632970675,DEFICIT_PRESSURE,20
5980.10,2026-06-20 10:00:00,20,9,25.0128524104624,2.7481965704908617,-22.26465583997154,22.26465583997154,DEFICIT_PRESSURE,1
6233.04,2026-06-20 10:00:00,27,28,18.945078925294652,37.32813358630248,18.383054661007826,18.383054661007826,SURPLUS_PRESSURE,2
6331.01,2026-06-20 10:00:00,18,18,11.300204594036922,21.220305577185275,9.920100983148354,9.920100983148354,SURPLUS_PRESSURE,3
6726.01,2026-06-20 10:00:00,26,27,36.52896798720046,27.71973453926353,-8.80923344793693,8.80923344793693,DEFICIT_PRESSURE,4
6140.05,2026-06-20 10:00:00,28,28,18.411256215622622,27.13188860696854,8.72063239134592,8.72063239134592,SURPLUS_PRESSURE,5
6432.09,2026-06-20 10:00:00,16,18,13.395237093431284,21.474815191200058,8.079578097768774,8.079578097768774,SURPLUS_PRESSURE,6
6173.08,2026-06-20 10:00:00,12,16,16.47431630025151,22.708032491589858,6.233716191338349,6.233716191338349,SURPLUS_PRESSURE,7
6948.10,2026-06-20 10:00:00,13,31,20.9411299245869,15.249599828116443,-5.691530096470457,5.691530096470457,DEFICIT_PRESSURE,8
6912.01,2026-06-20 10:00:00,60,42,33.34379176004342,28.159897100979375,-5.183894659064048,5.183894659064048,DEFICIT_PRESSURE,9
5712.03,2026-06-20 10:00:00,15,20,17.72587154137405,22.721925400286473,4.996053858912422,4.996053858912422,SURPLUS_PRESSURE,10
5374.01,2026-06-20 10:00:00,12,22,16.430445507720886,20.302713101991323,3.8722675942704363,3.8722675942704363,SURPLUS_PRESSURE,11
5905.12,2026-06-20 10:00:00,23,26,19.598729564469647,22.867601862583037,3.26887229811339,3.26887229811339,SURPLUS_PRESSURE,12
6492.08,2026-06-20 10:00:00,5,11,18.10153608681654,15.096530632835734,-3.0050054539808073,3.0050054539808073,DEFICIT_PRESSURE,13
6459.07,2026-06-20 10:00:00,11,10,18.16934388191889,20.97625640496165,2.806912523042758,2.806912523042758,SURPLUS_PRESSURE,14
6364.07,2026-06-20 10:00:00,11,18,17.647071706142963,15.437484744841218,-2.2095869613017456,2.2095869613017456,DEFICIT_PRESSURE,15
6072.06,2026-06-20 10:00:00,24,26,18.765541395863394,20.960343670044928,2.1948022741815336,2.1948022741815336,SURPLUS_PRESSURE,16
5763.03,2026-06-20 10:00:00,24,17,19.02040206417247,20.73262504897363,1.712222984801162,1.712222984801162,SURPLUS_PRESSURE,17
5905.14,2026-06-20 10:00:00,20,33,16.96629279646415,18.526037680528226,1.5597448840640773,1.5597448840640773,SURPLUS_PRESSURE,18
6822.09,2026-06-20 10:00:00,18,10,12.691710248351804,14.122108655233896,1.4303984068820927,1.4303984068820927,SURPLUS_PRESSURE,19
5492.05,2026-06-20 10:00:00,20,29,23.370113527996267,24.377034322134342,1.0069207941380753,1.0069207941380753,SURPLUS_PRESSURE,20
5980.10,2026-06-20 11:00:00,39,7,30.011589896167642,12.514432447717338,-17.497157448450302,17.497157448450302,DEFICIT_PRESSURE,1
6912.01,2026-06-20 11:00:00,45,60,59.9727945046505,42.729263213594585,-17.243531291055916,17.243531291055916,DEFICIT_PRESSURE,2
6948.10,2026-06-20 11:00:00,47,37,15.741710001630008,32.97362630713113,17.23191630550112,17.23191630550112,SURPLUS_PRESSURE,3
6822.09,2026-06-20 11:00:00,16,16,20.7335423322674,11.827805334675366,-8.905736997592035,8.905736997592035,DEFICIT_PRESSURE,4
5374.01,2026-06-20 11:00:00,22,21,17.66921014414822,26.27803801111359,8.60882786696537,8.60882786696537,SURPLUS_PRESSURE,5
6492.08,2026-06-20 11:00:00,10,9,8.266594131763439,16.54634633986898,8.27975220810554,8.27975220810554,SURPLUS_PRESSURE,6
5712.03,2026-06-20 11:00:00,26,20,15.745123975263557,23.247297270230984,7.502173294967427,7.502173294967427,SURPLUS_PRESSURE,7
5763.03,2026-06-20 11:00:00,17,32,25.796327542259238,19.847215994381045,-5.949111547878193,5.949111547878193,DEFICIT_PRESSURE,8
6072.06,2026-06-20 11:00:00,19,24,32.43301886733662,27.387353287535717,-5.045665579800904,5.045665579800904,DEFICIT_PRESSURE,9
6140.05,2026-06-20 11:00:00,31,23,36.675320665618685,32.6995939038424,-3.9757267617762864,3.9757267617762864,DEFICIT_PRESSURE,10
6364.07,2026-06-20 11:00:00,24,31,14.610678607869755,18.05962551495671,3.448946907086956,3.448946907086956,SURPLUS_PRESSURE,11
6726.01,2026-06-20 11:00:00,20,25,30.143396119318545,33.27209010744705,3.1286939881285036,3.1286939881285036,SURPLUS_PRESSURE,12
5905.12,2026-06-20 11:00:00,29,35,32.23224619557634,30.02273030505801,-2.209515890518329,2.209515890518329,DEFICIT_PRESSURE,13
6173.08,2026-06-20 11:00:00,23,21,13.194279366985201,15.01252268722259,1.8182433202373893,1.8182433202373893,SURPLUS_PRESSURE,14
6432.09,2026-06-20 11:00:00,9,15,17.473848267425367,18.939268966187775,1.4654206987624079,1.4654206987624079,SURPLUS_PRESSURE,15
5492.05,2026-06-20 11:00:00,29,38,31.502216135485938,32.804286341611984,1.3020702061260465,1.3020702061260465,SURPLUS_PRESSURE,16
6233.04,2026-06-20 11:00:00,33,31,38.597909564154286,39.205444627745344,0.6075350635910581,0.6075350635910581,SURPLUS_PRESSURE,17
6331.01,2026-06-20 11:00:00,12,11,23.72848702395666,23.957192699838156,0.22870567588149626,0.22870567588149626,SURPLUS_PRESSURE,18
6459.07,2026-06-20 11:00:00,21,20,16.12576613813201,16.041796528097787,-0.08396961003422376,0.08396961003422376,DEFICIT_PRESSURE,19
5905.14,2026-06-20 11:00:00,20,31,31.79763693236072,31.863932810981105,0.06629587862038377,0.06629587862038377,SURPLUS_PRESSURE,20
5980.10,2026-06-20 12:00:00,43,14,37.53072222773442,9.715691436765114,-27.81503079096931,27.81503079096931,DEFICIT_PRESSURE,1
5763.03,2026-06-20 12:00:00,31,32,21.018461663261373,35.93951299615953,14.921051332898156,14.921051332898156,SURPLUS_PRESSURE,2
6364.07,2026-06-20 12:00:00,18,18,19.12957787650057,32.84830675418356,13.718728877682992,13.718728877682992,SURPLUS_PRESSURE,3
6233.04,2026-06-20 12:00:00,44,44,41.816913601866325,55.19952633774811,13.382612735881786,13.382612735881786,SURPLUS_PRESSURE,4
5712.03,2026-06-20 12:00:00,28,25,34.74610452018242,24.18920253242285,-10.55690198775957,10.55690198775957,DEFICIT_PRESSURE,5
6140.05,2026-06-20 12:00:00,29,30,37.202245419769554,28.129071187548433,-9.07317423222112,9.07317423222112,DEFICIT_PRESSURE,6
5905.12,2026-06-20 12:00:00,28,34,28.199906831716426,35.911613682384726,7.7117068506683,7.7117068506683,SURPLUS_PRESSURE,7
5905.14,2026-06-20 12:00:00,48,31,26.623738143253323,33.74563246557778,7.121894322324454,7.121894322324454,SURPLUS_PRESSURE,8
6432.09,2026-06-20 12:00:00,25,23,12.770669875233212,17.095194919061488,4.324525043828276,4.324525043828276,SURPLUS_PRESSURE,9
6459.07,2026-06-20 12:00:00,23,25,23.786943424657448,19.493769034153658,-4.29317439050379,4.29317439050379,DEFICIT_PRESSURE,10
6331.01,2026-06-20 12:00:00,20,18,14.431079912814647,17.472975831063305,3.041895918248658,3.041895918248658,SURPLUS_PRESSURE,11
5492.05,2026-06-20 12:00:00,34,35,34.230814981923885,37.15906136821753,2.928246386293644,2.928246386293644,SURPLUS_PRESSURE,12
5374.01,2026-06-20 12:00:00,34,26,30.023331616937288,27.218175270386173,-2.805156346551115,2.805156346551115,DEFICIT_PRESSURE,13
6948.10,2026-06-20 12:00:00,28,46,44.009609667748215,46.45810386969979,2.4484942019515756,2.4484942019515756,SURPLUS_PRESSURE,14
6072.06,2026-06-20 12:00:00,24,20,30.914095604965656,29.113941624509344,-1.8001539804563116,1.8001539804563116,DEFICIT_PRESSURE,15
6726.01,2026-06-20 12:00:00,43,36,32.12240783522595,33.268468033240396,1.146060198014446,1.146060198014446,SURPLUS_PRESSURE,16
6173.08,2026-06-20 12:00:00,25,40,27.62757841142044,26.636578971144846,-0.9909994402755942,0.9909994402755942,DEFICIT_PRESSURE,17
6912.01,2026-06-20 12:00:00,61,58,50.640793013009606,49.68992591772028,-0.9508670952893254,0.9508670952893254,DEFICIT_PRESSURE,18
6492.08,2026-06-20 12:00:00,12,12,12.561532907348507,13.402364771623478,0.8408318642749713,0.8408318642749713,SURPLUS_PRESSURE,19
6822.09,2026-06-20 12:00:00,9,10,15.644844477376143,15.863328072398255,0.21848359502211245,0.21848359502211245,SURPLUS_PRESSURE,20
5980.10,2026-06-20 13:00:00,36,4,59.24574718101758,17.80904499602226,-41.43670218499532,41.43670218499532,DEFICIT_PRESSURE,1
6912.01,2026-06-20 13:00:00,60,52,48.5238502225561,76.74265476190476,28.21880453934866,28.21880453934866,SURPLUS_PRESSURE,2
6173.08,2026-06-20 13:00:00,31,24,27.100420278887196,41.538411202672485,14.43799092378529,14.43799092378529,SURPLUS_PRESSURE,3
6948.10,2026-06-20 13:00:00,70,46,32.48285578573144,45.59185031215107,13.108994526419629,13.108994526419629,SURPLUS_PRESSURE,4
5905.14,2026-06-20 13:00:00,26,22,43.13354851999474,35.90153453049763,-7.232013989497112,7.232013989497112,DEFICIT_PRESSURE,5
6331.01,2026-06-20 13:00:00,18,20,29.125751596423857,22.63650299833325,-6.489248598090608,6.489248598090608,DEFICIT_PRESSURE,6
6233.04,2026-06-20 13:00:00,65,62,63.57944238844365,57.36796585184529,-6.2114765365983615,6.2114765365983615,DEFICIT_PRESSURE,7
6432.09,2026-06-20 13:00:00,13,13,25.77124449188497,22.098096841479013,-3.6731476504059586,3.6731476504059586,DEFICIT_PRESSURE,8
6726.01,2026-06-20 13:00:00,27,27,37.867033105755574,34.340200192397184,-3.5268329133583904,3.5268329133583904,DEFICIT_PRESSURE,9
6492.08,2026-06-20 13:00:00,23,21,11.710735106181426,14.632484761964953,2.921749655783527,2.921749655783527,SURPLUS_PRESSURE,10
6459.07,2026-06-20 13:00:00,23,32,24.976156182663477,27.50290261316617,2.526746430502694,2.526746430502694,SURPLUS_PRESSURE,11
5905.12,2026-06-20 13:00:00,39,28,31.992139861468363,34.47635802507814,2.4842181636097784,2.4842181636097784,SURPLUS_PRESSURE,12
6140.05,2026-06-20 13:00:00,37,42,37.87096475045844,35.825887618533564,-2.0450771319248773,2.0450771319248773,DEFICIT_PRESSURE,13
5374.01,2026-06-20 13:00:00,30,38,31.999231701531144,33.835786761138976,1.8365550596078322,1.8365550596078322,SURPLUS_PRESSURE,14
6072.06,2026-06-20 13:00:00,27,30,25.55040860976107,27.149160721898834,1.5987521121377632,1.5987521121377632,SURPLUS_PRESSURE,15
5763.03,2026-06-20 13:00:00,32,30,34.023216233375464,35.38077992387569,1.3575636905002284,1.3575636905002284,SURPLUS_PRESSURE,16
6364.07,2026-06-20 13:00:00,18,18,19.51347519294947,18.522647528942276,-0.9908276640071954,0.9908276640071954,DEFICIT_PRESSURE,17
5712.03,2026-06-20 13:00:00,34,29,30.76527353199944,30.1498515890118,-0.6154219429876413,0.6154219429876413,DEFICIT_PRESSURE,18
5492.05,2026-06-20 13:00:00,37,37,36.36719079293846,35.79860223561798,-0.5685885573204814,0.5685885573204814,DEFICIT_PRESSURE,19
6822.09,2026-06-20 13:00:00,18,11,12.29024215395642,11.79652408110082,-0.4937180728556001,0.4937180728556001,DEFICIT_PRESSURE,20
5980.10,2026-06-20 14:00:00,39,7,44.20470383123366,4.976121886546842,-39.228581944686816,39.228581944686816,DEFICIT_PRESSURE,1
6912.01,2026-06-20 14:00:00,68,80,58.892551332654264,47.71202489367357,-11.180526438980692,11.180526438980692,DEFICIT_PRESSURE,2
5905.14,2026-06-20 14:00:00,31,40,33.645440690761305,22.67552216132081,-10.969918529440495,10.969918529440495,DEFICIT_PRESSURE,3
5905.12,2026-06-20 14:00:00,44,24,36.25109644177715,29.914351563477464,-6.336744878299687,6.336744878299687,DEFICIT_PRESSURE,4
6948.10,2026-06-20 14:00:00,47,61,53.85661469575273,47.533509026255935,-6.3231056694967975,6.3231056694967975,DEFICIT_PRESSURE,5
6822.09,2026-06-20 14:00:00,12,17,20.496875568421974,14.543717473180028,-5.953158095241946,5.953158095241946,DEFICIT_PRESSURE,6
5712.03,2026-06-20 14:00:00,26,23,35.97239819052859,30.052796794435736,-5.919601396092851,5.919601396092851,DEFICIT_PRESSURE,7
6459.07,2026-06-20 14:00:00,23,37,28.617881984670902,34.530672416442364,5.912790431771462,5.912790431771462,SURPLUS_PRESSURE,8
5492.05,2026-06-20 14:00:00,36,35,46.97777292342822,41.227577346762445,-5.750195576665774,5.750195576665774,DEFICIT_PRESSURE,9
6364.07,2026-06-20 14:00:00,31,28,21.376324453621404,15.977231868496547,-5.399092585124857,5.399092585124857,DEFICIT_PRESSURE,10
5763.03,2026-06-20 14:00:00,40,44,36.70955365743892,41.68590139234778,4.976347734908863,4.976347734908863,SURPLUS_PRESSURE,11
6492.08,2026-06-20 14:00:00,17,18,22.58068718256547,18.887061848509298,-3.693625334056172,3.693625334056172,DEFICIT_PRESSURE,12
6140.05,2026-06-20 14:00:00,33,24,42.37046574466559,39.904842551984174,-2.465623192681413,2.465623192681413,DEFICIT_PRESSURE,13
6432.09,2026-06-20 14:00:00,20,16,13.451303671641545,15.786820763114056,2.3355170914725107,2.3355170914725107,SURPLUS_PRESSURE,14
6331.01,2026-06-20 14:00:00,24,18,23.741113578912472,25.87268196190039,2.1315683829879184,2.1315683829879184,SURPLUS_PRESSURE,15
5374.01,2026-06-20 14:00:00,32,52,33.82831166611418,32.18349053768366,-1.6448211284305216,1.6448211284305216,DEFICIT_PRESSURE,16
6072.06,2026-06-20 14:00:00,40,32,32.61992655913075,30.993916226862897,-1.6260103322678496,1.6260103322678496,DEFICIT_PRESSURE,17
6173.08,2026-06-20 14:00:00,30,27,30.18187687404597,28.745510586290525,-1.436366287755444,1.436366287755444,DEFICIT_PRESSURE,18
6726.01,2026-06-20 14:00:00,37,39,30.391321788336736,31.376903287128734,0.9855814987919977,0.9855814987919977,SURPLUS_PRESSURE,19
6233.04,2026-06-20 14:00:00,49,49,62.39599296793166,62.35804988626286,-0.037943081668800005,0.037943081668800005,DEFICIT_PRESSURE,20
5980.10,2026-06-20 15:00:00,50,7,40.35102848958481,10.708767699274201,-29.642260790310612,29.642260790310612,DEFICIT_PRESSURE,1
6233.04,2026-06-20 15:00:00,65,67,47.07390292419243,59.53966697564884,12.46576405145641,12.46576405145641,SURPLUS_PRESSURE,2
5905.12,2026-06-20 15:00:00,50,42,38.74951858364306,30.826797366011384,-7.9227212176316755,7.9227212176316755,DEFICIT_PRESSURE,3
6948.10,2026-06-20 15:00:00,57,45,41.921700256389386,49.646315087421044,7.7246148310316585,7.7246148310316585,SURPLUS_PRESSURE,4
6173.08,2026-06-20 15:00:00,36,40,37.04997400327267,30.1146183401321,-6.935355663140573,6.935355663140573,DEFICIT_PRESSURE,5
6072.06,2026-06-20 15:00:00,35,31,37.26803174309443,31.6882265715961,-5.579805171498332,5.579805171498332,DEFICIT_PRESSURE,6
5763.03,2026-06-20 15:00:00,45,56,37.919887789150714,43.34079174314982,5.420903953999108,5.420903953999108,SURPLUS_PRESSURE,7
6140.05,2026-06-20 15:00:00,24,31,36.941740639519374,31.60206260288112,-5.339678036638254,5.339678036638254,DEFICIT_PRESSURE,8
5374.01,2026-06-20 15:00:00,51,40,37.18298944391091,42.44235557028728,5.259366126376371,5.259366126376371,SURPLUS_PRESSURE,9
6459.07,2026-06-20 15:00:00,36,29,29.155234144234377,33.77226487328103,4.617030729046654,4.617030729046654,SURPLUS_PRESSURE,10
6331.01,2026-06-20 15:00:00,22,28,25.876524302510692,21.68073920127319,-4.195785101237501,4.195785101237501,DEFICIT_PRESSURE,11
6432.09,2026-06-20 15:00:00,23,13,22.952958203578984,18.854004690544453,-4.09895351303453,4.09895351303453,DEFICIT_PRESSURE,12
5712.03,2026-06-20 15:00:00,25,18,30.855357955519672,26.784875886316332,-4.07048206920334,4.07048206920334,DEFICIT_PRESSURE,13
6822.09,2026-06-20 15:00:00,16,11,13.849894189584905,16.197169754142738,2.347275564557833,2.347275564557833,SURPLUS_PRESSURE,14
6726.01,2026-06-20 15:00:00,42,39,37.123036558652046,34.805433992670196,-2.3176025659818507,2.3176025659818507,DEFICIT_PRESSURE,15
6364.07,2026-06-20 15:00:00,24,37,28.27832788864996,26.089214096480923,-2.1891137921690387,2.1891137921690387,DEFICIT_PRESSURE,16
5492.05,2026-06-20 15:00:00,43,44,41.132995257683,43.02979377549614,1.8967985178131386,1.8967985178131386,SURPLUS_PRESSURE,17
6912.01,2026-06-20 15:00:00,68,84,55.83994444444443,57.08989682539686,1.2499523809524362,1.2499523809524362,SURPLUS_PRESSURE,18
6492.08,2026-06-20 15:00:00,24,18,18.881560444275006,20.09853413142458,1.2169736871495722,1.2169736871495722,SURPLUS_PRESSURE,19
5905.14,2026-06-20 15:00:00,43,37,34.561823882922035,35.34534162417064,0.783517741248609,0.783517741248609,SURPLUS_PRESSURE,20
5980.10,2026-06-20 16:00:00,37,7,49.0377687865134,7.158134235456149,-41.87963455105725,41.87963455105725,DEFICIT_PRESSURE,1
6364.07,2026-06-20 16:00:00,22,27,18.097046369844765,32.74997592252874,14.652929552683975,14.652929552683975,SURPLUS_PRESSURE,2
6432.09,2026-06-20 16:00:00,27,24,23.92938019004911,14.92939619360837,-8.999983996440738,8.999983996440738,DEFICIT_PRESSURE,3
5374.01,2026-06-20 16:00:00,37,41,45.21294493909441,36.80486218726551,-8.4080827518289,8.4080827518289,DEFICIT_PRESSURE,4
6140.05,2026-06-20 16:00:00,35,31,26.018296068251683,33.473514178339414,7.455218110087731,7.455218110087731,SURPLUS_PRESSURE,5
5712.03,2026-06-20 16:00:00,31,28,29.767585567957294,22.563185031605418,-7.204400536351876,7.204400536351876,DEFICIT_PRESSURE,6
6822.09,2026-06-20 16:00:00,16,6,16.227057445175472,10.728428808733968,-5.498628636441504,5.498628636441504,DEFICIT_PRESSURE,7
5905.14,2026-06-20 16:00:00,37,33,40.87583057428205,35.39483028198934,-5.4810002922927055,5.4810002922927055,DEFICIT_PRESSURE,8
6173.08,2026-06-20 16:00:00,27,23,34.632341680222844,39.404976572576345,4.772634892353501,4.772634892353501,SURPLUS_PRESSURE,9
6948.10,2026-06-20 16:00:00,40,37,43.35198455919474,38.60338918667128,-4.748595372523461,4.748595372523461,DEFICIT_PRESSURE,10
5492.05,2026-06-20 16:00:00,40,32,44.91733952859002,49.66008353472466,4.742744006134643,4.742744006134643,SURPLUS_PRESSURE,11
6459.07,2026-06-20 16:00:00,32,28,36.32227193384077,31.90663853551231,-4.415633398328456,4.415633398328456,DEFICIT_PRESSURE,12
6331.01,2026-06-20 16:00:00,14,15,19.713252956537158,23.868361268387783,4.155108311850626,4.155108311850626,SURPLUS_PRESSURE,13
5763.03,2026-06-20 16:00:00,44,29,40.31905819406458,44.44576723444875,4.126709040384171,4.126709040384171,SURPLUS_PRESSURE,14
6726.01,2026-06-20 16:00:00,30,38,38.519370451586106,34.609213771118874,-3.9101566804672316,3.9101566804672316,DEFICIT_PRESSURE,15
6492.08,2026-06-20 16:00:00,23,16,25.478766492094493,23.352318712309042,-2.126447779785451,2.126447779785451,DEFICIT_PRESSURE,16
6912.01,2026-06-20 16:00:00,75,57,54.16928998779002,56.091569444444445,1.9222794566544223,1.9222794566544223,SURPLUS_PRESSURE,17
6072.06,2026-06-20 16:00:00,19,32,34.92611021698379,33.63797628624287,-1.2881339307409192,1.2881339307409192,DEFICIT_PRESSURE,18
6233.04,2026-06-20 16:00:00,74,46,61.084232022587905,60.165749702963204,-0.918482319624701,0.918482319624701,DEFICIT_PRESSURE,19
5905.12,2026-06-20 16:00:00,23,26,43.751160423829525,43.06128839549336,-0.6898720283361683,0.6898720283361683,DEFICIT_PRESSURE,20
5980.10,2026-06-20 17:00:00,23,3,45.23109019591805,8.455593736200417,-36.77549645971763,36.77549645971763,DEFICIT_PRESSURE,1
6233.04,2026-06-20 17:00:00,53,46,55.670564219406316,42.88157501396459,-12.788989205441723,12.788989205441723,DEFICIT_PRESSURE,2
6492.08,2026-06-20 17:00:00,27,22,29.53315504427876,18.046105450454576,-11.487049593824185,11.487049593824185,DEFICIT_PRESSURE,3
6822.09,2026-06-20 17:00:00,9,13,18.24195820251178,6.757786259745882,-11.484171942765897,11.484171942765897,DEFICIT_PRESSURE,4
5374.01,2026-06-20 17:00:00,33,36,39.054163822472425,47.742380048023776,8.68821622555135,8.68821622555135,SURPLUS_PRESSURE,5
5763.03,2026-06-20 17:00:00,22,48,43.91674531378743,35.23203922251032,-8.684706091277107,8.684706091277107,DEFICIT_PRESSURE,6
6948.10,2026-06-20 17:00:00,29,36,43.60717531689306,36.30135171232599,-7.305823604567074,7.305823604567074,DEFICIT_PRESSURE,7
6459.07,2026-06-20 17:00:00,31,32,38.954090515987005,33.81871062747212,-5.135379888514883,5.135379888514883,DEFICIT_PRESSURE,8
6912.01,2026-06-20 17:00:00,65,66,55.54866033891035,51.439861329459994,-4.108799009450358,4.108799009450358,DEFICIT_PRESSURE,9
6072.06,2026-06-20 17:00:00,24,35,34.19828377329193,36.41752063979307,2.2192368665011415,2.2192368665011415,SURPLUS_PRESSURE,10
6432.09,2026-06-20 17:00:00,31,19,32.90699750177637,30.775030327544446,-2.131967174231921,2.131967174231921,DEFICIT_PRESSURE,11
6331.01,2026-06-20 17:00:00,37,28,16.806275413454195,18.88499032378725,2.078714910333055,2.078714910333055,SURPLUS_PRESSURE,12
6726.01,2026-06-20 17:00:00,29,33,38.02236036405948,36.019951946941276,-2.002408417118204,2.002408417118204,DEFICIT_PRESSURE,13
6140.05,2026-06-20 17:00:00,33,36,38.52846506799207,36.63000822475571,-1.8984568432363602,1.8984568432363602,DEFICIT_PRESSURE,14
5492.05,2026-06-20 17:00:00,29,37,46.64696123785163,48.49446096848123,1.8474997306296004,1.8474997306296004,SURPLUS_PRESSURE,15
5905.14,2026-06-20 17:00:00,30,32,39.481855365511585,37.69308728092433,-1.7887680845872538,1.7887680845872538,DEFICIT_PRESSURE,16
5905.12,2026-06-20 17:00:00,20,19,33.92313015351572,35.10902081472396,1.1858906612082407,1.1858906612082407,SURPLUS_PRESSURE,17
6173.08,2026-06-20 17:00:00,31,27,33.88917332962317,32.94122658078638,-0.9479467488367916,0.9479467488367916,DEFICIT_PRESSURE,18
6364.07,2026-06-20 17:00:00,22,14,24.885300198850064,25.672753052536965,0.7874528536869008,0.7874528536869008,SURPLUS_PRESSURE,19
5712.03,2026-06-20 17:00:00,34,24,39.02182638179286,38.631322073859586,-0.39050430793327706,0.39050430793327706,DEFICIT_PRESSURE,20
5980.10,2026-06-20 18:00:00,23,2,32.81032964372758,2.7152029621863716,-30.095126681541206,30.095126681541206,DEFICIT_PRESSURE,1
5763.03,2026-06-20 18:00:00,22,33,25.310682709412614,53.8964749945678,28.585792285155183,28.585792285155183,SURPLUS_PRESSURE,2
6173.08,2026-06-20 18:00:00,43,44,35.43890359608476,27.137550456499852,-8.301353139584904,8.301353139584904,DEFICIT_PRESSURE,3
6432.09,2026-06-20 18:00:00,27,16,29.037641761523993,21.355935105873115,-7.681706655650878,7.681706655650878,DEFICIT_PRESSURE,4
6072.06,2026-06-20 18:00:00,24,18,26.205425451520213,33.2454087203682,7.039983268847983,7.039983268847983,SURPLUS_PRESSURE,5
6331.01,2026-06-20 18:00:00,33,29,34.1836375667269,27.446521145761036,-6.737116420965865,6.737116420965865,DEFICIT_PRESSURE,6
5712.03,2026-06-20 18:00:00,41,45,35.185000826577046,28.68134886047874,-6.503651966098307,6.503651966098307,DEFICIT_PRESSURE,7
5905.12,2026-06-20 18:00:00,23,22,28.742872003073803,22.501534560370732,-6.24133744270307,6.24133744270307,DEFICIT_PRESSURE,8
6233.04,2026-06-20 18:00:00,38,72,43.24728360078728,37.357633476156174,-5.889650124631103,5.889650124631103,DEFICIT_PRESSURE,9
6948.10,2026-06-20 18:00:00,39,36,29.760845085862424,35.25016360734543,5.489318521483003,5.489318521483003,SURPLUS_PRESSURE,10
6459.07,2026-06-20 18:00:00,31,16,29.73002215414777,33.61644316273603,3.8864210085882647,3.8864210085882647,SURPLUS_PRESSURE,11
5905.14,2026-06-20 18:00:00,20,24,36.29560435205881,33.520690430194456,-2.7749139218643535,2.7749139218643535,DEFICIT_PRESSURE,12
5374.01,2026-06-20 18:00:00,39,34,37.933395573600144,40.70678476128538,2.7733891876852326,2.7733891876852326,SURPLUS_PRESSURE,13
6912.01,2026-06-20 18:00:00,78,56,51.56586505660647,48.808315476190465,-2.757549580416004,2.757549580416004,DEFICIT_PRESSURE,14
6726.01,2026-06-20 18:00:00,36,32,36.523149754740245,34.16440438587358,-2.358745368866664,2.358745368866664,DEFICIT_PRESSURE,15
5492.05,2026-06-20 18:00:00,27,23,33.78298873684962,35.98292265747443,2.199933920624815,2.199933920624815,SURPLUS_PRESSURE,16
6140.05,2026-06-20 18:00:00,31,25,38.07147343740607,40.10453651973519,2.0330630823291216,2.0330630823291216,SURPLUS_PRESSURE,17
6364.07,2026-06-20 18:00:00,30,38,19.818290116988777,18.29627810890699,-1.5220120080817878,1.5220120080817878,DEFICIT_PRESSURE,18
6822.09,2026-06-20 18:00:00,18,17,11.732524581226059,12.575896393320418,0.8433718120943592,0.8433718120943592,SURPLUS_PRESSURE,19
6492.08,2026-06-20 18:00:00,26,14,22.867432004842502,22.060763107921307,-0.8066688969211953,0.8066688969211953,DEFICIT_PRESSURE,20
5980.10,2026-06-20 19:00:00,23,2,25.54371788108553,2.5321258514166445,-23.011592029668886,23.011592029668886,DEFICIT_PRESSURE,1
6233.04,2026-06-20 19:00:00,49,24,28.20766147025531,44.41037235828179,16.20271088802648,16.20271088802648,SURPLUS_PRESSURE,2
5374.01,2026-06-20 19:00:00,23,31,33.27872837573772,45.99349024956193,12.714761873824209,12.714761873824209,SURPLUS_PRESSURE,3
6459.07,2026-06-20 19:00:00,29,28,28.882029473250327,18.12899595919656,-10.753033514053769,10.753033514053769,DEFICIT_PRESSURE,4
6331.01,2026-06-20 19:00:00,21,30,36.918696137884545,26.575579416709257,-10.343116721175289,10.343116721175289,DEFICIT_PRESSURE,5
6432.09,2026-06-20 19:00:00,23,5,23.93726541423869,15.23327544794691,-8.70398996629178,8.70398996629178,DEFICIT_PRESSURE,6
6492.08,2026-06-20 19:00:00,15,16,24.80333482483252,16.608347793963308,-8.19498703086921,8.19498703086921,DEFICIT_PRESSURE,7
5763.03,2026-06-20 19:00:00,41,29,26.506066629782804,34.27171399809698,7.765647368314173,7.765647368314173,SURPLUS_PRESSURE,8
6364.07,2026-06-20 19:00:00,13,20,22.576993999808437,28.237731436867985,5.660737437059549,5.660737437059549,SURPLUS_PRESSURE,9
6912.01,2026-06-20 19:00:00,45,47,48.89342261904763,44.56000000000001,-4.333422619047617,4.333422619047617,DEFICIT_PRESSURE,10
6140.05,2026-06-20 19:00:00,28,25,30.139130883099877,25.9095225060718,-4.229608377028079,4.229608377028079,DEFICIT_PRESSURE,11
6822.09,2026-06-20 19:00:00,15,12,16.802322897726523,12.85284557145575,-3.949477326270772,3.949477326270772,DEFICIT_PRESSURE,12
6948.10,2026-06-20 19:00:00,24,23,31.23128390493797,27.506931801982216,-3.7243521029557556,3.7243521029557556,DEFICIT_PRESSURE,13
5712.03,2026-06-20 19:00:00,23,22,35.213283129384465,31.4972049963925,-3.7160781329919637,3.7160781329919637,DEFICIT_PRESSURE,14
5905.12,2026-06-20 19:00:00,15,25,24.651776838387413,27.9054705512233,3.2536937128358865,3.2536937128358865,SURPLUS_PRESSURE,15
6072.06,2026-06-20 19:00:00,17,18,23.37687887328929,21.105338631192758,-2.271540242096531,2.271540242096531,DEFICIT_PRESSURE,16
6726.01,2026-06-20 19:00:00,27,23,30.419393145754338,29.256761802736595,-1.1626313430177433,1.1626313430177433,DEFICIT_PRESSURE,17
5905.14,2026-06-20 19:00:00,26,27,25.943223414607964,26.591914594447836,0.6486911798398722,0.6486911798398722,SURPLUS_PRESSURE,18
5492.05,2026-06-20 19:00:00,39,29,29.126485153354757,29.234936238520923,0.1084510851661662,0.1084510851661662,SURPLUS_PRESSURE,19
6173.08,2026-06-20 19:00:00,33,23,37.995555137482185,37.995215482716866,-0.00033965476531960803,0.00033965476531960803,DEFICIT_PRESSURE,20
6233.04,2026-06-20 20:00:00,35,34,40.95996660513347,16.723897656398947,-24.23606894873452,24.23606894873452,DEFICIT_PRESSURE,1
5374.01,2026-06-20 20:00:00,24,20,22.795099024695496,42.41482918827582,19.61973016358032,19.61973016358032,SURPLUS_PRESSURE,2
5980.10,2026-06-20 20:00:00,11,4,18.896757111402973,3.4024493277263383,-15.494307783676636,15.494307783676636,DEFICIT_PRESSURE,3
6072.06,2026-06-20 20:00:00,26,17,14.611436159974856,27.801215175150524,13.189779015175668,13.189779015175668,SURPLUS_PRESSURE,4
6173.08,2026-06-20 20:00:00,28,27,30.922430174916098,18.635745390772968,-12.28668478414313,12.28668478414313,DEFICIT_PRESSURE,5
5492.05,2026-06-20 20:00:00,28,30,33.93521362924282,22.315742813670553,-11.619470815572264,11.619470815572264,DEFICIT_PRESSURE,6
6140.05,2026-06-20 20:00:00,23,22,30.488755390388,20.855413631919955,-9.633341758468045,9.633341758468045,DEFICIT_PRESSURE,7
5905.12,2026-06-20 20:00:00,24,28,13.790156499241242,22.95993402925426,9.169777530013018,9.169777530013018,SURPLUS_PRESSURE,8
5763.03,2026-06-20 20:00:00,33,34,36.37448232557029,28.612115852384363,-7.762366473185928,7.762366473185928,DEFICIT_PRESSURE,9
6912.01,2026-06-20 20:00:00,32,34,43.15215659064161,36.14663624771922,-7.005520342922388,7.005520342922388,DEFICIT_PRESSURE,10
6459.07,2026-06-20 20:00:00,11,22,25.73121950024636,19.566361966032918,-6.164857534213443,6.164857534213443,DEFICIT_PRESSURE,11
5905.14,2026-06-20 20:00:00,25,17,24.756298972709654,18.66152631898055,-6.094772653729105,6.094772653729105,DEFICIT_PRESSURE,12
6432.09,2026-06-20 20:00:00,11,5,13.904212483679569,8.842288213322082,-5.061924270357487,5.061924270357487,DEFICIT_PRESSURE,13
6364.07,2026-06-20 20:00:00,19,18,10.51422764617915,14.517083884194628,4.002856238015479,4.002856238015479,SURPLUS_PRESSURE,14
6948.10,2026-06-20 20:00:00,21,19,18.38730337124772,20.240589947113428,1.853286575865706,1.853286575865706,SURPLUS_PRESSURE,15
6726.01,2026-06-20 20:00:00,27,35,20.516771812175058,19.14477192542728,-1.3719998867477798,1.3719998867477798,DEFICIT_PRESSURE,16
6822.09,2026-06-20 20:00:00,11,13,10.170558999192037,11.041951587420748,0.8713925882287104,0.8713925882287104,SURPLUS_PRESSURE,17
5712.03,2026-06-20 20:00:00,15,26,26.673092256703516,27.36729044209913,0.6941981853956136,0.6941981853956136,SURPLUS_PRESSURE,18
6492.08,2026-06-20 20:00:00,12,3,13.887000802436901,13.579975153586433,-0.3070256488504679,0.3070256488504679,DEFICIT_PRESSURE,19
6331.01,2026-06-20 20:00:00,35,9,21.104991901718464,20.842786728107697,-0.26220517361076645,0.26220517361076645,DEFICIT_PRESSURE,20
6331.01,2026-06-20 21:00:00,24,12,21.560278681979256,6.7702107719115325,-14.790067910067723,14.790067910067723,DEFICIT_PRESSURE,1
5763.03,2026-06-20 21:00:00,40,41,33.031541764580304,20.99636721211818,-12.035174552462124,12.035174552462124,DEFICIT_PRESSURE,2
6072.06,2026-06-20 21:00:00,14,23,30.576379029452788,19.79622937654913,-10.780149652903656,10.780149652903656,DEFICIT_PRESSURE,3
6492.08,2026-06-20 21:00:00,6,7,13.346467510671653,3.238632477588869,-10.107835033082784,10.107835033082784,DEFICIT_PRESSURE,4
5980.10,2026-06-20 21:00:00,11,1,12.932486727587825,3.2333236037389743,-9.699163123848852,9.699163123848852,DEFICIT_PRESSURE,5
6726.01,2026-06-20 21:00:00,18,18,25.37507458013241,32.666617621585445,7.291543041453036,7.291543041453036,SURPLUS_PRESSURE,6
6364.07,2026-06-20 21:00:00,16,15,16.685246704459562,9.49188512509856,-7.193361579361001,7.193361579361001,DEFICIT_PRESSURE,7
5905.12,2026-06-20 21:00:00,24,24,20.73401358489882,27.470787203687983,6.736773618789165,6.736773618789165,SURPLUS_PRESSURE,8
5712.03,2026-06-20 21:00:00,23,15,18.79471237285426,25.027904054500485,6.233191681646225,6.233191681646225,SURPLUS_PRESSURE,9
6912.01,2026-06-20 21:00:00,13,15,29.078150728363536,34.111719321008366,5.03356859264483,5.03356859264483,SURPLUS_PRESSURE,10
6432.09,2026-06-20 21:00:00,14,9,11.905989514243855,7.719271856205366,-4.186717658038488,4.186717658038488,DEFICIT_PRESSURE,11
6233.04,2026-06-20 21:00:00,23,18,23.535318473648907,19.354800129397514,-4.180518344251393,4.180518344251393,DEFICIT_PRESSURE,12
6173.08,2026-06-20 21:00:00,17,15,19.02471430195369,15.418042402885808,-3.606671899067882,3.606671899067882,DEFICIT_PRESSURE,13
5492.05,2026-06-20 21:00:00,16,29,21.334130560363374,17.841343924776048,-3.4927866355873256,3.4927866355873256,DEFICIT_PRESSURE,14
5374.01,2026-06-20 21:00:00,21,25,18.507821594064442,20.26784676438487,1.7600251703204286,1.7600251703204286,SURPLUS_PRESSURE,15
6822.09,2026-06-20 21:00:00,8,12,8.043540662473553,9.577575649521954,1.5340349870484005,1.5340349870484005,SURPLUS_PRESSURE,16
6140.05,2026-06-20 21:00:00,13,15,14.95279223235682,13.734745956760316,-1.218046275596505,1.218046275596505,DEFICIT_PRESSURE,17
6459.07,2026-06-20 21:00:00,13,20,14.955788723397387,15.860941513222825,0.9051527898254381,0.9051527898254381,SURPLUS_PRESSURE,18
6948.10,2026-06-20 21:00:00,12,12,10.684240951516376,10.284359363301464,-0.39988158821491204,0.39988158821491204,DEFICIT_PRESSURE,19
5905.14,2026-06-20 21:00:00,12,12,15.91345386793728,16.277732294948958,0.3642784270116781,0.3642784270116781,SURPLUS_PRESSURE,20
6072.06,2026-06-20 22:00:00,18,12,15.113099454206047,30.289889963381906,15.17679050917586,15.17679050917586,SURPLUS_PRESSURE,1
5712.03,2026-06-20 22:00:00,27,20,30.740672339407887,18.532428072363512,-12.208244267044375,12.208244267044375,DEFICIT_PRESSURE,2
6331.01,2026-06-20 22:00:00,24,14,24.839099310678197,13.507638770850862,-11.331460539827335,11.331460539827335,DEFICIT_PRESSURE,3
5980.10,2026-06-20 22:00:00,10,1,10.821799622470373,1.3303004024069776,-9.491499220063394,9.491499220063394,DEFICIT_PRESSURE,4
5492.05,2026-06-20 22:00:00,12,9,12.757124145316464,21.676452708563357,8.919328563246893,8.919328563246893,SURPLUS_PRESSURE,5
6140.05,2026-06-20 22:00:00,6,13,13.642928812450732,18.447034802482722,4.8041059900319905,4.8041059900319905,SURPLUS_PRESSURE,6
6912.01,2026-06-20 22:00:00,15,5,22.531163861772388,17.74050126133714,-4.7906626004352475,4.7906626004352475,DEFICIT_PRESSURE,7
6173.08,2026-06-20 22:00:00,9,5,13.816033124926014,10.141994144787402,-3.6740389801386115,3.6740389801386115,DEFICIT_PRESSURE,8
5763.03,2026-06-20 22:00:00,18,12,35.78475031353117,32.30180687057178,-3.482943442959389,3.482943442959389,DEFICIT_PRESSURE,9
6492.08,2026-06-20 22:00:00,12,8,5.434247518402636,8.460655489688298,3.0264079712856615,3.0264079712856615,SURPLUS_PRESSURE,10
6726.01,2026-06-20 22:00:00,12,26,19.028263851695982,16.011077624224853,-3.0171862274711287,3.0171862274711287,DEFICIT_PRESSURE,11
5374.01,2026-06-20 22:00:00,20,23,20.961606987726604,18.010383753146264,-2.9512232345803397,2.9512232345803397,DEFICIT_PRESSURE,12
6432.09,2026-06-20 22:00:00,16,11,12.164948862580658,10.048957739542631,-2.115991123038027,2.115991123038027,DEFICIT_PRESSURE,13
5905.14,2026-06-20 22:00:00,10,18,12.009811504311404,13.941083307072859,1.9312718027614544,1.9312718027614544,SURPLUS_PRESSURE,14
5905.12,2026-06-20 22:00:00,15,10,15.13002503281557,17.01806548072465,1.8880404479090807,1.8880404479090807,SURPLUS_PRESSURE,15
6364.07,2026-06-20 22:00:00,25,12,13.967017547427913,15.762364673054027,1.7953471256261135,1.7953471256261135,SURPLUS_PRESSURE,16
6822.09,2026-06-20 22:00:00,11,4,5.366092411386732,6.6857684797064545,1.3196760683197226,1.3196760683197226,SURPLUS_PRESSURE,17
6459.07,2026-06-20 22:00:00,7,8,14.076217597757942,15.353336258389,1.2771186606310572,1.2771186606310572,SURPLUS_PRESSURE,18
6948.10,2026-06-20 22:00:00,8,9,10.744761830733111,10.231938852882484,-0.512822977850627,0.512822977850627,DEFICIT_PRESSURE,19
6233.04,2026-06-20 22:00:00,6,5,9.97073704135813,10.275818181180512,0.3050811398223807,0.3050811398223807,SURPLUS_PRESSURE,20
6331.01,2026-06-20 23:00:00,14,9,19.31387617707766,7.252243977179234,-12.061632199898426,12.061632199898426,DEFICIT_PRESSURE,1
5712.03,2026-06-20 23:00:00,27,20,23.500469562436873,11.604882409741668,-11.895587152695205,11.895587152695205,DEFICIT_PRESSURE,2
6912.01,2026-06-20 23:00:00,7,6,19.855767289648963,9.13953617975455,-10.716231109894412,10.716231109894412,DEFICIT_PRESSURE,3
5980.10,2026-06-20 23:00:00,9,3,9.769111794175537,1.1373035170055694,-8.631808277169966,8.631808277169966,DEFICIT_PRESSURE,4
6072.06,2026-06-20 23:00:00,13,5,22.027084386260228,13.433943507759343,-8.593140878500884,8.593140878500884,DEFICIT_PRESSURE,5
5374.01,2026-06-20 23:00:00,18,12,26.45456343631604,20.065915367942818,-6.388648068373222,6.388648068373222,DEFICIT_PRESSURE,6
6140.05,2026-06-20 23:00:00,5,4,10.782088608153387,16.243765853269352,5.461677245115965,5.461677245115965,SURPLUS_PRESSURE,7
6726.01,2026-06-20 23:00:00,7,19,15.73020238577437,20.249289606472484,4.519087220698115,4.519087220698115,SURPLUS_PRESSURE,8
5763.03,2026-06-20 23:00:00,20,22,21.271501553368434,16.85350578166615,-4.417995771702284,4.417995771702284,DEFICIT_PRESSURE,9
6233.04,2026-06-20 23:00:00,3,7,10.183518719199922,6.060757708046274,-4.122761011153648,4.122761011153648,DEFICIT_PRESSURE,10
6173.08,2026-06-20 23:00:00,7,17,10.822208233923241,6.874565309295357,-3.9476429246278846,3.9476429246278846,DEFICIT_PRESSURE,11
6364.07,2026-06-20 23:00:00,10,6,11.506112411364962,7.78516726238293,-3.7209451489820315,3.7209451489820315,DEFICIT_PRESSURE,12
6822.09,2026-06-20 23:00:00,7,6,7.198368499810135,3.9492395554587034,-3.2491289443514315,3.2491289443514315,DEFICIT_PRESSURE,13
6948.10,2026-06-20 23:00:00,10,8,9.962325844374945,8.157024121967458,-1.8053017224074868,1.8053017224074868,DEFICIT_PRESSURE,14
5905.14,2026-06-20 23:00:00,17,9,13.346667631979079,11.814428983589755,-1.532238648389324,1.532238648389324,DEFICIT_PRESSURE,15
6492.08,2026-06-20 23:00:00,7,10,12.157785257269955,11.519425686911829,-0.6383595703581264,0.6383595703581264,DEFICIT_PRESSURE,16
5492.05,2026-06-20 23:00:00,20,16,12.164054215716709,11.70477611744602,-0.4592780982706888,0.4592780982706888,DEFICIT_PRESSURE,17
6432.09,2026-06-20 23:00:00,9,10,14.78416952404013,15.23691501108074,0.4527454870406089,0.4527454870406089,SURPLUS_PRESSURE,18
5905.12,2026-06-20 23:00:00,14,9,15.028210416749916,15.14401896102857,0.11580854427865361,0.11580854427865361,SURPLUS_PRESSURE,19
6459.07,2026-06-20 23:00:00,9,13,7.934062627703135,8.010840489431207,0.07677786172807188,0.07677786172807188,SURPLUS_PRESSURE,20
6173.08,2026-06-21 00:00:00,12,3,9.176700833623102,50.788020029071156,41.611319195448054,41.611319195448054,SURPLUS_PRESSURE,1
5763.03,2026-06-21 00:00:00,17,13,30.667209156781546,51.04249355921856,20.375284402437018,20.375284402437018,SURPLUS_PRESSURE,2
6726.01,2026-06-21 00:00:00,2,10,10.721920080297672,30.203204137692545,19.481284057394873,19.481284057394873,SURPLUS_PRESSURE,3
6459.07,2026-06-21 00:00:00,5,6,11.94720248815294,23.700042187515596,11.752839699362656,11.752839699362656,SURPLUS_PRESSURE,4
5980.10,2026-06-21 00:00:00,5,4,13.366383437680213,3.1142593069203777,-10.252124130759835,10.252124130759835,DEFICIT_PRESSURE,5
6912.01,2026-06-21 00:00:00,2,3,12.024722338404878,17.429209655372308,5.40448731696743,5.40448731696743,SURPLUS_PRESSURE,6
6822.09,2026-06-21 00:00:00,3,6,5.08857340672167,9.948609381138215,4.860035974416546,4.860035974416546,SURPLUS_PRESSURE,7
6432.09,2026-06-21 00:00:00,4,9,13.804970123060247,18.39564612350155,4.590676000441302,4.590676000441302,SURPLUS_PRESSURE,8
5374.01,2026-06-21 00:00:00,13,9,27.960869793528126,23.47002919396683,-4.490840599561295,4.490840599561295,DEFICIT_PRESSURE,9
6072.06,2026-06-21 00:00:00,12,13,18.848210288032192,14.65895674672365,-4.189253541308542,4.189253541308542,DEFICIT_PRESSURE,10
6140.05,2026-06-21 00:00:00,5,11,7.791439396644886,11.977404061823119,4.185964665178233,4.185964665178233,SURPLUS_PRESSURE,11
5905.14,2026-06-21 00:00:00,5,3,19.999051248209945,17.177306648707074,-2.821744599502871,2.821744599502871,DEFICIT_PRESSURE,12
6492.08,2026-06-21 00:00:00,9,4,10.044383258866993,12.595793690789414,2.5514104319224202,2.5514104319224202,SURPLUS_PRESSURE,13
6364.07,2026-06-21 00:00:00,10,4,4.800407252693429,7.138008293194738,2.3376010405013092,2.3376010405013092,SURPLUS_PRESSURE,14
5712.03,2026-06-21 00:00:00,22,12,28.489627068595908,26.960537495219782,-1.529089573376126,1.529089573376126,DEFICIT_PRESSURE,15
6233.04,2026-06-21 00:00:00,3,4,7.897435290001312,9.146103677686835,1.2486683876855231,1.2486683876855231,SURPLUS_PRESSURE,16
6948.10,2026-06-21 00:00:00,4,3,4.620009607261316,3.5117558529483985,-1.1082537543129178,1.1082537543129178,DEFICIT_PRESSURE,17
5905.12,2026-06-21 00:00:00,5,2,19.572650508341905,18.911947931342507,-0.6607025769993982,0.6607025769993982,DEFICIT_PRESSURE,18
6331.01,2026-06-21 00:00:00,18,18,7.090768462297058,7.621154177096499,0.5303857147994409,0.5303857147994409,SURPLUS_PRESSURE,19
5492.05,2026-06-21 00:00:00,16,9,22.036113043546926,21.978900087756234,-0.05721295579069263,0.05721295579069263,DEFICIT_PRESSURE,20
6140.05,2026-06-21 01:00:00,8,2,6.9738665828167,19.355342992859825,12.381476410043124,12.381476410043124,SURPLUS_PRESSURE,1
5712.03,2026-06-21 01:00:00,10,6,29.087498250845915,17.94108007883078,-11.146418172015135,11.146418172015135,DEFICIT_PRESSURE,2
6822.09,2026-06-21 01:00:00,2,5,5.000784704852201,14.234772781269108,9.233988076416907,9.233988076416907,SURPLUS_PRESSURE,3
6432.09,2026-06-21 01:00:00,3,7,6.839078992538171,15.686142867036281,8.84706387449811,8.84706387449811,SURPLUS_PRESSURE,4
5763.03,2026-06-21 01:00:00,15,4,29.16841428637177,20.46738914522486,-8.70102514114691,8.70102514114691,DEFICIT_PRESSURE,5
6726.01,2026-06-21 01:00:00,3,4,9.88570760401407,18.236211902741147,8.350504298727076,8.350504298727076,SURPLUS_PRESSURE,6
6459.07,2026-06-21 01:00:00,5,2,7.050550765369336,13.07605126940727,6.025500504037933,6.025500504037933,SURPLUS_PRESSURE,7
5374.01,2026-06-21 01:00:00,5,5,15.077317340933858,9.192825002288838,-5.884492338645019,5.884492338645019,DEFICIT_PRESSURE,8
5492.05,2026-06-21 01:00:00,9,10,14.045033772875803,8.937432381330071,-5.107601391545732,5.107601391545732,DEFICIT_PRESSURE,9
6173.08,2026-06-21 01:00:00,8,7,14.488103679442169,9.470417006608313,-5.017686672833856,5.017686672833856,DEFICIT_PRESSURE,10
5905.14,2026-06-21 01:00:00,3,5,6.715610925505176,11.423229793212204,4.707618867707028,4.707618867707028,SURPLUS_PRESSURE,11
5905.12,2026-06-21 01:00:00,7,4,5.888954516717455,10.51815737915675,4.629202862439296,4.629202862439296,SURPLUS_PRESSURE,12
6072.06,2026-06-21 01:00:00,8,4,15.821194172872659,20.37240835052847,4.551214177655812,4.551214177655812,SURPLUS_PRESSURE,13
6331.01,2026-06-21 01:00:00,8,5,18.32411971369753,13.994433473580138,-4.329686240117393,4.329686240117393,DEFICIT_PRESSURE,14
5980.10,2026-06-21 01:00:00,5,2,6.260985516639793,2.3639238061422727,-3.8970617104975203,3.8970617104975203,DEFICIT_PRESSURE,15
6364.07,2026-06-21 01:00:00,6,5,5.343509370576695,1.6151407595203089,-3.7283686110563856,3.7283686110563856,DEFICIT_PRESSURE,16
6233.04,2026-06-21 01:00:00,1,1,4.843285988092489,3.2587909085734967,-1.5844950795189918,1.5844950795189918,DEFICIT_PRESSURE,17
6912.01,2026-06-21 01:00:00,1,1,4.229671686359999,3.7685403187272777,-0.4611313676327211,0.4611313676327211,DEFICIT_PRESSURE,18
6948.10,2026-06-21 01:00:00,2,2,2.646410500069158,2.85929033928346,0.2128798392143021,0.2128798392143021,SURPLUS_PRESSURE,19
6492.08,2026-06-21 01:00:00,2,0,12.007553880281499,12.056582259863191,0.04902837958169215,0.04902837958169215,SURPLUS_PRESSURE,20
6822.09,2026-06-21 02:00:00,0,4,1.4963381891557461,9.974958967235436,8.478620778079689,8.478620778079689,SURPLUS_PRESSURE,1
5763.03,2026-06-21 02:00:00,19,14,19.0033639455259,10.994082403775183,-8.009281541750719,8.009281541750719,DEFICIT_PRESSURE,2
6173.08,2026-06-21 02:00:00,2,3,13.369671128606813,7.243411871029938,-6.126259257576875,6.126259257576875,DEFICIT_PRESSURE,3
5905.14,2026-06-21 02:00:00,3,0,6.084202993058251,11.998321456713056,5.9141184636548045,5.9141184636548045,SURPLUS_PRESSURE,4
6726.01,2026-06-21 02:00:00,4,4,5.595675293733949,10.117755902289053,4.522080608555104,4.522080608555104,SURPLUS_PRESSURE,5
6331.01,2026-06-21 02:00:00,5,3,12.627777074150124,8.414980761039823,-4.212796313110301,4.212796313110301,DEFICIT_PRESSURE,6
5374.01,2026-06-21 02:00:00,8,6,6.228636272312723,10.051371695107768,3.822735422795045,3.822735422795045,SURPLUS_PRESSURE,7
6140.05,2026-06-21 02:00:00,9,4,15.324895089084,11.78927659284904,-3.53561849623496,3.53561849623496,DEFICIT_PRESSURE,8
6459.07,2026-06-21 02:00:00,2,6,6.440869178159753,9.568024782286802,3.127155604127049,3.127155604127049,SURPLUS_PRESSURE,9
5980.10,2026-06-21 02:00:00,4,1,5.103402828533348,2.0815059406255783,-3.0218968879077694,3.0218968879077694,DEFICIT_PRESSURE,10
6072.06,2026-06-21 02:00:00,5,6,13.873708755875805,11.600430709707398,-2.2732780461684072,2.2732780461684072,DEFICIT_PRESSURE,11
5712.03,2026-06-21 02:00:00,12,9,15.352297707117987,13.18351481626907,-2.1687828908489166,2.1687828908489166,DEFICIT_PRESSURE,12
6912.01,2026-06-21 02:00:00,2,1,3.9612389490449558,2.194905868039429,-1.7663330810055267,1.7663330810055267,DEFICIT_PRESSURE,13
6364.07,2026-06-21 02:00:00,4,14,2.1294433722818393,3.708668898598117,1.5792255263162778,1.5792255263162778,SURPLUS_PRESSURE,14
6492.08,2026-06-21 02:00:00,3,2,3.30299533301539,1.9520054218107643,-1.3509899112046257,1.3509899112046257,DEFICIT_PRESSURE,15
5492.05,2026-06-21 02:00:00,4,5,12.870180701250748,13.925214636327125,1.055033935076377,1.055033935076377,SURPLUS_PRESSURE,16
6948.10,2026-06-21 02:00:00,4,2,1.774620287495785,1.3171501672232835,-0.45747012027250156,0.45747012027250156,DEFICIT_PRESSURE,17
6233.04,2026-06-21 02:00:00,6,6,2.3554339950139545,2.038516525046401,-0.31691746996755343,0.31691746996755343,DEFICIT_PRESSURE,18
6432.09,2026-06-21 02:00:00,3,1,4.876453909774144,4.61594276551433,-0.26051114425981403,0.26051114425981403,DEFICIT_PRESSURE,19
5905.12,2026-06-21 02:00:00,0,1,10.894386027298912,11.121680095310797,0.22729406801188468,0.22729406801188468,SURPLUS_PRESSURE,20
6822.09,2026-06-21 03:00:00,1,1,2.5959352378462994,8.945793485106373,6.349858247260073,6.349858247260073,SURPLUS_PRESSURE,1
6726.01,2026-06-21 03:00:00,1,4,4.530625130131523,8.22648745765238,3.6958623275208575,3.6958623275208575,SURPLUS_PRESSURE,2
5980.10,2026-06-21 03:00:00,2,0,4.3435270961704155,0.6748234665293836,-3.668703629641032,3.668703629641032,DEFICIT_PRESSURE,3
5374.01,2026-06-21 03:00:00,5,2,9.018180873416133,6.044605962312976,-2.9735749111031575,2.9735749111031575,DEFICIT_PRESSURE,4
6364.07,2026-06-21 03:00:00,5,4,2.8675460705638325,5.562430722174882,2.694884651611049,2.694884651611049,SURPLUS_PRESSURE,5
6948.10,2026-06-21 03:00:00,2,4,3.4301664226654287,1.260656277776639,-2.1695101448887897,2.1695101448887897,DEFICIT_PRESSURE,6
5905.14,2026-06-21 03:00:00,0,0,4.381436115295035,6.4127207164333235,2.031284601138289,2.031284601138289,SURPLUS_PRESSURE,7
5763.03,2026-06-21 03:00:00,10,2,15.19530862706529,16.757345404370984,1.5620367773056945,1.5620367773056945,SURPLUS_PRESSURE,8
6912.01,2026-06-21 03:00:00,0,0,1.5158365220719545,2.9476904695447077,1.4318539474727532,1.4318539474727532,SURPLUS_PRESSURE,9
6331.01,2026-06-21 03:00:00,2,6,6.724604833992247,7.8942761698406585,1.1696713358484114,1.1696713358484114,SURPLUS_PRESSURE,10
5712.03,2026-06-21 03:00:00,1,1,8.644111293366326,7.480402347594649,-1.1637089457716767,1.1637089457716767,DEFICIT_PRESSURE,11
6072.06,2026-06-21 03:00:00,5,3,4.457672055998804,5.5824909214853085,1.1248188654865041,1.1248188654865041,SURPLUS_PRESSURE,12
6459.07,2026-06-21 03:00:00,5,3,3.7222751891856847,4.632368023263165,0.9100928340774805,0.9100928340774805,SURPLUS_PRESSURE,13
5905.12,2026-06-21 03:00:00,1,0,3.699121846275866,4.431787611991406,0.7326657657155398,0.7326657657155398,SURPLUS_PRESSURE,14
6233.04,2026-06-21 03:00:00,1,1,3.1132984024694945,2.63853787907137,-0.4747605233981247,0.4747605233981247,DEFICIT_PRESSURE,15
6140.05,2026-06-21 03:00:00,3,3,4.382866190619962,3.9694412645529153,-0.41342492606704706,0.41342492606704706,DEFICIT_PRESSURE,16
5492.05,2026-06-21 03:00:00,10,1,4.22128357402257,3.819054497380406,-0.40222907664216345,0.40222907664216345,DEFICIT_PRESSURE,17
6173.08,2026-06-21 03:00:00,4,0,2.0720643031739487,2.352455055105844,0.2803907519318951,0.2803907519318951,SURPLUS_PRESSURE,18
6432.09,2026-06-21 03:00:00,1,0,2.449131184005394,2.263318863824774,-0.1858123201806201,0.1858123201806201,DEFICIT_PRESSURE,19
6492.08,2026-06-21 03:00:00,1,4,2.9277150221667427,2.9644653443308613,0.036750322164118554,0.036750322164118554,SURPLUS_PRESSURE,20
5712.03,2026-06-21 04:00:00,1,2,7.123295239065376,2.285491300300553,-4.837803938764823,4.837803938764823,DEFICIT_PRESSURE,1
5763.03,2026-06-21 04:00:00,6,4,5.423552392836151,1.8211841891302774,-3.6023682037058737,3.6023682037058737,DEFICIT_PRESSURE,2
6140.05,2026-06-21 04:00:00,6,2,4.8457138955407855,2.8351346826658035,-2.010579212874982,2.010579212874982,DEFICIT_PRESSURE,3
6072.06,2026-06-21 04:00:00,4,2,1.5215834843521958,3.246899192520612,1.725315708168416,1.725315708168416,SURPLUS_PRESSURE,4
6173.08,2026-06-21 04:00:00,1,4,1.8841228498712863,0.3271290594105821,-1.5569937904607043,1.5569937904607043,DEFICIT_PRESSURE,5
5492.05,2026-06-21 04:00:00,1,1,3.4675621730699424,2.0057796092599505,-1.461782563809992,1.461782563809992,DEFICIT_PRESSURE,6
5905.14,2026-06-21 04:00:00,1,2,2.276083209186349,1.0689836810835522,-1.2070995281027967,1.2070995281027967,DEFICIT_PRESSURE,7
6459.07,2026-06-21 04:00:00,2,3,3.3704300007705905,2.297791647121836,-1.0726383536487547,1.0726383536487547,DEFICIT_PRESSURE,8
6726.01,2026-06-21 04:00:00,9,1,2.3749033967181528,3.2654196594640506,0.8905162627458978,0.8905162627458978,SURPLUS_PRESSURE,9
5905.12,2026-06-21 04:00:00,3,6,1.4911487611929368,2.341574222044878,0.8504254608519413,0.8504254608519413,SURPLUS_PRESSURE,10
6492.08,2026-06-21 04:00:00,1,0,1.7924330463723017,2.5832407931188524,0.7908077467465506,0.7908077467465506,SURPLUS_PRESSURE,11
6233.04,2026-06-21 04:00:00,0,0,1.1857522675570333,1.9687964256592132,0.7830441581021799,0.7830441581021799,SURPLUS_PRESSURE,12
5980.10,2026-06-21 04:00:00,1,0,1.0901821840161703,0.3372707476762545,-0.7529114363399159,0.7529114363399159,DEFICIT_PRESSURE,13
6912.01,2026-06-21 04:00:00,0,2,4.111834298934711,3.47871473613466,-0.6331195628000508,0.6331195628000508,DEFICIT_PRESSURE,14
6822.09,2026-06-21 04:00:00,1,1,0.45608569928901865,0.9334443650704669,0.47735866578144825,0.47735866578144825,SURPLUS_PRESSURE,15
6948.10,2026-06-21 04:00:00,1,1,0.9666551091374999,1.4415212741310643,0.4748661649935645,0.4748661649935645,SURPLUS_PRESSURE,16
6364.07,2026-06-21 04:00:00,4,6,1.8174179244777326,2.2402386191069747,0.4228206946292421,0.4228206946292421,SURPLUS_PRESSURE,17
6331.01,2026-06-21 04:00:00,1,2,7.015682245290184,7.389282487241608,0.37360024195142394,0.37360024195142394,SURPLUS_PRESSURE,18
5374.01,2026-06-21 04:00:00,1,2,2.684324858384993,3.007410350192923,0.3230854918079298,0.3230854918079298,SURPLUS_PRESSURE,19
6432.09,2026-06-21 04:00:00,2,1,0.48873438190717133,0.5371796486118644,0.04844526670469307,0.04844526670469307,SURPLUS_PRESSURE,20
6726.01,2026-06-21 05:00:00,1,2,5.216511690919523,2.8410997737309986,-2.3754119171885244,2.3754119171885244,DEFICIT_PRESSURE,1
5374.01,2026-06-21 05:00:00,0,0,0.8746371067039784,3.011745073375816,2.1371079666718376,2.1371079666718376,SURPLUS_PRESSURE,2
6072.06,2026-06-21 05:00:00,0,1,3.070878807979389,1.225950533593698,-1.8449282743856912,1.8449282743856912,DEFICIT_PRESSURE,3
5905.14,2026-06-21 05:00:00,0,3,2.5342365144689065,0.8831877832303513,-1.6510487312385553,1.6510487312385553,DEFICIT_PRESSURE,4
5905.12,2026-06-21 05:00:00,2,2,1.6659830114588852,3.305052007769004,1.6390689963101188,1.6390689963101188,SURPLUS_PRESSURE,5
6331.01,2026-06-21 05:00:00,1,3,2.7789718232581584,4.283195680371193,1.5042238571130349,1.5042238571130349,SURPLUS_PRESSURE,6
6432.09,2026-06-21 05:00:00,1,4,3.3728021585253085,4.616885170185634,1.2440830116603259,1.2440830116603259,SURPLUS_PRESSURE,7
6173.08,2026-06-21 05:00:00,0,0,1.0404329760778446,2.256024365936099,1.2155913898582542,1.2155913898582542,SURPLUS_PRESSURE,8
6912.01,2026-06-21 05:00:00,0,0,2.3182989674049526,3.413559311921739,1.0952603445167863,1.0952603445167863,SURPLUS_PRESSURE,9
6140.05,2026-06-21 05:00:00,2,1,3.584969587260959,2.5604036363434246,-1.0245659509175344,1.0245659509175344,DEFICIT_PRESSURE,10
6459.07,2026-06-21 05:00:00,3,2,1.6836465087258603,2.416391751263892,0.7327452425380316,0.7327452425380316,SURPLUS_PRESSURE,11
5492.05,2026-06-21 05:00:00,2,1,1.5808511893046082,1.0023566571123943,-0.5784945321922139,0.5784945321922139,DEFICIT_PRESSURE,12
6492.08,2026-06-21 05:00:00,1,5,0.8219834682669717,1.3792462545731772,0.5572627863062055,0.5572627863062055,SURPLUS_PRESSURE,13
5712.03,2026-06-21 05:00:00,0,1,1.5051553695219446,2.0255733634053446,0.5204179938833999,0.5204179938833999,SURPLUS_PRESSURE,14
5763.03,2026-06-21 05:00:00,2,4,3.5217083236300466,3.101545950744218,-0.4201623728858288,0.4201623728858288,DEFICIT_PRESSURE,15
6822.09,2026-06-21 05:00:00,0,0,1.041047690418639,1.4076605428417066,0.3666128524230676,0.3666128524230676,SURPLUS_PRESSURE,16
6948.10,2026-06-21 05:00:00,1,1,0.877887214082343,1.128008251206775,0.250121037124432,0.250121037124432,SURPLUS_PRESSURE,17
5980.10,2026-06-21 05:00:00,0,0,0.7651986412632802,0.5334957165943457,-0.2317029246689345,0.2317029246689345,DEFICIT_PRESSURE,18
6233.04,2026-06-21 05:00:00,0,0,1.4410926879526011,1.5996498140898858,0.15855712613728468,0.15855712613728468,SURPLUS_PRESSURE,19
6364.07,2026-06-21 05:00:00,1,2,2.199858691334237,2.159586751463714,-0.04027193987052291,0.04027193987052291,DEFICIT_PRESSURE,20
6432.09,2026-06-21 06:00:00,5,9,2.473391407557457,7.199486374335355,4.726094966777898,4.726094966777898,SURPLUS_PRESSURE,1
6331.01,2026-06-21 06:00:00,5,7,7.026287194543175,11.746825374565965,4.72053818002279,4.72053818002279,SURPLUS_PRESSURE,2
5763.03,2026-06-21 06:00:00,0,1,1.7211634036112193,5.394756753717279,3.6735933501060596,3.6735933501060596,SURPLUS_PRESSURE,3
5905.14,2026-06-21 06:00:00,2,3,1.1951334816828012,3.1218559125331664,1.9267224308503652,1.9267224308503652,SURPLUS_PRESSURE,4
5905.12,2026-06-21 06:00:00,4,1,4.001637254128607,2.2735264393391774,-1.7281108147894293,1.7281108147894293,DEFICIT_PRESSURE,5
6492.08,2026-06-21 06:00:00,1,4,2.8483384114782626,4.15378761356408,1.3054492020858173,1.3054492020858173,SURPLUS_PRESSURE,6
5980.10,2026-06-21 06:00:00,2,0,1.5933134319384317,0.3729287542142565,-1.2203846777241751,1.2203846777241751,DEFICIT_PRESSURE,7
5712.03,2026-06-21 06:00:00,1,4,1.209369372317112,2.387876435282833,1.1785070629657213,1.1785070629657213,SURPLUS_PRESSURE,8
6459.07,2026-06-21 06:00:00,0,0,2.1829878682791737,3.148523030450889,0.9655351621717152,0.9655351621717152,SURPLUS_PRESSURE,9
6140.05,2026-06-21 06:00:00,0,2,3.3407900965221695,2.3966825860557717,-0.9441075104663978,0.9441075104663978,DEFICIT_PRESSURE,10
6822.09,2026-06-21 06:00:00,2,12,1.9096616463188745,2.68372192432175,0.7740602780028756,0.7740602780028756,SURPLUS_PRESSURE,11
6173.08,2026-06-21 06:00:00,1,0,1.068674241442079,1.6427523867813267,0.5740781453392478,0.5740781453392478,SURPLUS_PRESSURE,12
6912.01,2026-06-21 06:00:00,3,3,2.061545731449319,2.6317193526935525,0.5701736212442334,0.5701736212442334,SURPLUS_PRESSURE,13
6072.06,2026-06-21 06:00:00,2,4,1.0186167180738652,1.5707971670366674,0.5521804489628022,0.5521804489628022,SURPLUS_PRESSURE,14
5492.05,2026-06-21 06:00:00,3,4,2.051025813731782,1.5022618807366808,-0.5487639329951013,0.5487639329951013,DEFICIT_PRESSURE,15
6948.10,2026-06-21 06:00:00,1,7,1.4942910998283998,1.8378459740122366,0.3435548741838368,0.3435548741838368,SURPLUS_PRESSURE,16
6364.07,2026-06-21 06:00:00,5,0,2.5798006834807494,2.771238240310231,0.19143755682948171,0.19143755682948171,SURPLUS_PRESSURE,17
6726.01,2026-06-21 06:00:00,1,0,2.5301480569548476,2.6119545193260443,0.08180646237119671,0.08180646237119671,SURPLUS_PRESSURE,18
6233.04,2026-06-21 06:00:00,1,2,1.260891626317754,1.2419584714103582,-0.018933154907395888,0.018933154907395888,DEFICIT_PRESSURE,19
5374.01,2026-06-21 06:00:00,2,6,2.117277090768406,2.1228992267205857,0.00562213595217953,0.00562213595217953,SURPLUS_PRESSURE,20
6948.10,2026-06-21 07:00:00,9,8,2.532115084610066,16.213506989221123,13.681391904611058,13.681391904611058,SURPLUS_PRESSURE,1
6432.09,2026-06-21 07:00:00,4,13,4.719075916879178,16.17288739066592,11.453811473786743,11.453811473786743,SURPLUS_PRESSURE,2
6233.04,2026-06-21 07:00:00,3,13,2.279690576692824,9.47923559758763,7.199545020894806,7.199545020894806,SURPLUS_PRESSURE,3
5374.01,2026-06-21 07:00:00,3,1,5.93433693488152,12.399018952879132,6.464682017997612,6.464682017997612,SURPLUS_PRESSURE,4
6822.09,2026-06-21 07:00:00,19,20,6.99959458593157,13.175487431166424,6.175892845234854,6.175892845234854,SURPLUS_PRESSURE,5
6912.01,2026-06-21 07:00:00,6,9,5.319545351222251,10.461421638261486,5.141876287039235,5.141876287039235,SURPLUS_PRESSURE,6
5905.12,2026-06-21 07:00:00,2,4,8.600167219172405,3.754839251219003,-4.845327967953402,4.845327967953402,DEFICIT_PRESSURE,7
5980.10,2026-06-21 07:00:00,1,0,5.11429884818027,1.337924114871484,-3.776374733308786,3.776374733308786,DEFICIT_PRESSURE,8
6492.08,2026-06-21 07:00:00,3,9,2.6014800298002667,5.573724474941356,2.972244445141089,2.972244445141089,SURPLUS_PRESSURE,9
5905.14,2026-06-21 07:00:00,4,2,3.1233988370010586,6.078389179775623,2.9549903427745647,2.9549903427745647,SURPLUS_PRESSURE,10
6726.01,2026-06-21 07:00:00,6,7,5.985344011467738,3.5536691634955555,-2.431674847972183,2.431674847972183,DEFICIT_PRESSURE,11
6331.01,2026-06-21 07:00:00,5,16,9.804240999741943,11.964186062165146,2.159945062423203,2.159945062423203,SURPLUS_PRESSURE,12
6140.05,2026-06-21 07:00:00,2,2,2.16509796172592,4.142894562503132,1.977796600777212,1.977796600777212,SURPLUS_PRESSURE,13
6364.07,2026-06-21 07:00:00,9,4,4.791048830038115,2.8901439757170095,-1.9009048543211051,1.9009048543211051,DEFICIT_PRESSURE,14
6173.08,2026-06-21 07:00:00,1,9,1.9650848720237617,3.405316581301309,1.4402317092775472,1.4402317092775472,SURPLUS_PRESSURE,15
5763.03,2026-06-21 07:00:00,4,3,3.645666809501732,4.381674950937258,0.736008141435526,0.736008141435526,SURPLUS_PRESSURE,16
5492.05,2026-06-21 07:00:00,1,5,3.7909345234976244,4.415459281735199,0.6245247582375746,0.6245247582375746,SURPLUS_PRESSURE,17
5712.03,2026-06-21 07:00:00,2,8,5.192729717758797,5.745866371500365,0.5531366537415678,0.5531366537415678,SURPLUS_PRESSURE,18
6072.06,2026-06-21 07:00:00,3,7,3.961453779094194,4.45859079691288,0.4971370178186856,0.4971370178186856,SURPLUS_PRESSURE,19
6459.07,2026-06-21 07:00:00,2,3,2.8444510410538193,3.2680033171514675,0.42355227609764823,0.42355227609764823,SURPLUS_PRESSURE,20
6233.04,2026-06-21 08:00:00,5,22,7.417290862437309,22.693154613691583,15.275863751254274,15.275863751254274,SURPLUS_PRESSURE,1
6173.08,2026-06-21 08:00:00,7,11,5.313473811434198,16.749848963771864,11.436375152337666,11.436375152337666,SURPLUS_PRESSURE,2
6331.01,2026-06-21 08:00:00,6,17,7.99927303256385,18.231739422360004,10.232466389796155,10.232466389796155,SURPLUS_PRESSURE,3
6364.07,2026-06-21 08:00:00,11,5,11.735336786636593,3.117013936971881,-8.618322849664711,8.618322849664711,DEFICIT_PRESSURE,4
6912.01,2026-06-21 08:00:00,13,13,10.222952605498797,17.34917229633421,7.126219690835413,7.126219690835413,SURPLUS_PRESSURE,5
6822.09,2026-06-21 08:00:00,9,6,25.226718467860884,18.321029921671098,-6.905688546189786,6.905688546189786,DEFICIT_PRESSURE,6
5712.03,2026-06-21 08:00:00,2,5,6.40726287575218,12.310349285126094,5.9030864093739135,5.9030864093739135,SURPLUS_PRESSURE,7
6072.06,2026-06-21 08:00:00,10,7,5.224767679906469,10.237866092627206,5.013098412720737,5.013098412720737,SURPLUS_PRESSURE,8
5980.10,2026-06-21 08:00:00,6,1,4.96473126612729,0.5584935864545338,-4.406237679672756,4.406237679672756,DEFICIT_PRESSURE,9
6726.01,2026-06-21 08:00:00,13,8,13.740493831949713,9.952437073811705,-3.7880567581380085,3.7880567581380085,DEFICIT_PRESSURE,10
6140.05,2026-06-21 08:00:00,13,18,6.634147993712045,10.280723794244166,3.646575800532121,3.646575800532121,SURPLUS_PRESSURE,11
6948.10,2026-06-21 08:00:00,4,4,13.036743839599952,9.577401990647,-3.4593418489529526,3.4593418489529526,DEFICIT_PRESSURE,12
5763.03,2026-06-21 08:00:00,10,9,8.280347066306469,4.923890116896599,-3.3564569494098695,3.3564569494098695,DEFICIT_PRESSURE,13
6459.07,2026-06-21 08:00:00,12,6,7.346021505348055,4.258127477585294,-3.0878940277627613,3.0878940277627613,DEFICIT_PRESSURE,14
5905.14,2026-06-21 08:00:00,4,8,7.470228071004714,4.530931292779697,-2.9392967782250166,2.9392967782250166,DEFICIT_PRESSURE,15
5374.01,2026-06-21 08:00:00,3,6,7.077969659926484,4.628787284509776,-2.449182375416708,2.449182375416708,DEFICIT_PRESSURE,16
5492.05,2026-06-21 08:00:00,5,3,5.528007612055799,7.918662602053469,2.39065498999767,2.39065498999767,SURPLUS_PRESSURE,17
6492.08,2026-06-21 08:00:00,8,10,5.983403782346034,7.90760537428372,1.9242015919376856,1.9242015919376856,SURPLUS_PRESSURE,18
5905.12,2026-06-21 08:00:00,1,4,5.043561688604014,5.818274298483589,0.7747126098795745,0.7747126098795745,SURPLUS_PRESSURE,19
6432.09,2026-06-21 08:00:00,9,23,13.412655474717994,13.87439767829317,0.4617422035751755,0.4617422035751755,SURPLUS_PRESSURE,20
6432.09,2026-06-21 09:00:00,4,22,7.594560609887879,20.577585117839725,12.983024507951846,12.983024507951846,SURPLUS_PRESSURE,1
6233.04,2026-06-21 09:00:00,16,18,12.49837559144084,23.934842357755848,11.436466766315007,11.436466766315007,SURPLUS_PRESSURE,2
6331.01,2026-06-21 09:00:00,8,26,10.79803381443043,20.375417418609008,9.577383604178577,9.577383604178577,SURPLUS_PRESSURE,3
5980.10,2026-06-21 09:00:00,9,3,9.082677432509815,1.9324075797476172,-7.1502698527621975,7.1502698527621975,DEFICIT_PRESSURE,4
6912.01,2026-06-21 09:00:00,12,11,23.94751736216051,17.270319321963072,-6.677198040197439,6.677198040197439,DEFICIT_PRESSURE,5
6140.05,2026-06-21 09:00:00,20,20,17.59902363343713,22.155291951919576,4.556268318482445,4.556268318482445,SURPLUS_PRESSURE,6
5712.03,2026-06-21 09:00:00,16,17,8.37287265635491,12.401766649095203,4.028893992740294,4.028893992740294,SURPLUS_PRESSURE,7
5763.03,2026-06-21 09:00:00,12,8,12.961941412241393,9.060437433960452,-3.9015039782809406,3.9015039782809406,DEFICIT_PRESSURE,8
6173.08,2026-06-21 09:00:00,9,17,11.015957635166021,14.589820364675607,3.5738627295095853,3.5738627295095853,SURPLUS_PRESSURE,9
6459.07,2026-06-21 09:00:00,11,5,12.861617419791834,9.622740465121813,-3.2388769546700207,3.2388769546700207,DEFICIT_PRESSURE,10
6072.06,2026-06-21 09:00:00,6,10,14.827475138340226,12.094843005034548,-2.7326321333056782,2.7326321333056782,DEFICIT_PRESSURE,11
6726.01,2026-06-21 09:00:00,25,12,16.199085671822626,13.466594575505091,-2.732491096317535,2.732491096317535,DEFICIT_PRESSURE,12
5905.12,2026-06-21 09:00:00,10,12,8.57861771598415,10.364133863586412,1.7855161476022623,1.7855161476022623,SURPLUS_PRESSURE,13
6948.10,2026-06-21 09:00:00,16,10,8.69606684981685,10.05652223519775,1.3604553853809005,1.3604553853809005,SURPLUS_PRESSURE,14
5492.05,2026-06-21 09:00:00,9,16,10.76085613570572,12.098410728411926,1.337554592706205,1.337554592706205,SURPLUS_PRESSURE,15
6364.07,2026-06-21 09:00:00,9,12,9.805904551382493,8.79730634894839,-1.0085982024341043,1.0085982024341043,DEFICIT_PRESSURE,16
5374.01,2026-06-21 09:00:00,10,8,9.101497913600031,10.017635483098333,0.9161375694983018,0.9161375694983018,SURPLUS_PRESSURE,17
5905.14,2026-06-21 09:00:00,6,10,10.202925007212006,11.068357050412935,0.8654320432009293,0.8654320432009293,SURPLUS_PRESSURE,18
6492.08,2026-06-21 09:00:00,4,20,11.683312252168705,11.224310592892849,-0.4590016592758559,0.4590016592758559,DEFICIT_PRESSURE,19
6822.09,2026-06-21 09:00:00,7,6,7.062598021940484,7.1654621813105415,0.10286415937005788,0.10286415937005788,SURPLUS_PRESSURE,20
6492.08,2026-06-21 10:00:00,15,19,7.888352328737932,18.743432310768227,10.855079982030295,10.855079982030295,SURPLUS_PRESSURE,1
6432.09,2026-06-21 10:00:00,9,26,10.514263226730657,21.096400689610668,10.582137462880011,10.582137462880011,SURPLUS_PRESSURE,2
5980.10,2026-06-21 10:00:00,7,4,13.88212520047471,4.679193293633827,-9.202931906840885,9.202931906840885,DEFICIT_PRESSURE,3
6331.01,2026-06-21 10:00:00,15,26,13.446360973037377,20.53892564551221,7.092564672474834,7.092564672474834,SURPLUS_PRESSURE,4
6364.07,2026-06-21 10:00:00,15,13,10.47363989157626,16.461380576030923,5.987740684454662,5.987740684454662,SURPLUS_PRESSURE,5
5492.05,2026-06-21 10:00:00,11,27,15.199992022741105,21.08464675723646,5.884654734495355,5.884654734495355,SURPLUS_PRESSURE,6
6072.06,2026-06-21 10:00:00,17,30,11.702251254996893,16.61177324598003,4.909521990983135,4.909521990983135,SURPLUS_PRESSURE,7
5905.14,2026-06-21 10:00:00,13,10,10.350800740522589,14.935597011571971,4.584796271049383,4.584796271049383,SURPLUS_PRESSURE,8
6173.08,2026-06-21 10:00:00,21,24,14.13607538380601,18.646092420270843,4.510017036464834,4.510017036464834,SURPLUS_PRESSURE,9
6726.01,2026-06-21 10:00:00,28,18,20.586409453824494,16.893923603647686,-3.6924858501768085,3.6924858501768085,DEFICIT_PRESSURE,10
6822.09,2026-06-21 10:00:00,12,14,11.991021218852172,8.547786293535175,-3.4432349253169967,3.4432349253169967,DEFICIT_PRESSURE,11
6912.01,2026-06-21 10:00:00,26,28,21.583257006082473,18.768295707251912,-2.8149612988305606,2.8149612988305606,DEFICIT_PRESSURE,12
5374.01,2026-06-21 10:00:00,16,18,14.24324067126038,17.018737877378666,2.7754972061182848,2.7754972061182848,SURPLUS_PRESSURE,13
5763.03,2026-06-21 10:00:00,18,11,17.68336506410013,15.183920912354608,-2.4994441517455215,2.4994441517455215,DEFICIT_PRESSURE,14
6459.07,2026-06-21 10:00:00,15,17,10.526158259899995,8.689733478310409,-1.8364247815895869,1.8364247815895869,DEFICIT_PRESSURE,15
5712.03,2026-06-21 10:00:00,20,26,19.183851805282284,20.87384588405993,1.6899940787776444,1.6899940787776444,SURPLUS_PRESSURE,16
6948.10,2026-06-21 10:00:00,22,29,16.93679849520169,15.30660783344619,-1.630190661755499,1.630190661755499,DEFICIT_PRESSURE,17
6140.05,2026-06-21 10:00:00,22,28,24.848458335219632,23.433631336172784,-1.4148269990468485,1.4148269990468485,DEFICIT_PRESSURE,18
6233.04,2026-06-21 10:00:00,15,16,24.92025410301406,23.87672783737084,-1.0435262656432194,1.0435262656432194,DEFICIT_PRESSURE,19
5905.12,2026-06-21 10:00:00,27,25,14.81970802485451,15.649888614958499,0.8301805901039891,0.8301805901039891,SURPLUS_PRESSURE,20
5492.05,2026-06-21 11:00:00,20,19,16.08267245527463,31.070832286872,14.988159831597372,14.988159831597372,SURPLUS_PRESSURE,1
6432.09,2026-06-21 11:00:00,17,19,13.293007318625634,23.257392789519823,9.96438547089419,9.96438547089419,SURPLUS_PRESSURE,2
6072.06,2026-06-21 11:00:00,27,19,17.19225523169553,26.411634870345132,9.219379638649603,9.219379638649603,SURPLUS_PRESSURE,3
5980.10,2026-06-21 11:00:00,22,10,12.948340389516133,5.369815015501125,-7.578525374015008,7.578525374015008,DEFICIT_PRESSURE,4
6140.05,2026-06-21 11:00:00,23,28,25.472237875383172,32.89625271871113,7.42401484332796,7.42401484332796,SURPLUS_PRESSURE,5
6948.10,2026-06-21 11:00:00,25,21,27.206365686065787,33.716948913431786,6.5105832273659985,6.5105832273659985,SURPLUS_PRESSURE,6
6331.01,2026-06-21 11:00:00,19,27,17.046920379314248,22.504582174437733,5.457661795123485,5.457661795123485,SURPLUS_PRESSURE,7
6492.08,2026-06-21 11:00:00,18,32,18.543596070407734,13.830003694355494,-4.71359237605224,4.71359237605224,DEFICIT_PRESSURE,8
5905.12,2026-06-21 11:00:00,25,26,24.73159242989668,28.720461305073307,3.988868875176628,3.988868875176628,SURPLUS_PRESSURE,9
5374.01,2026-06-21 11:00:00,35,29,17.781424402208675,21.44371129785334,3.662286895644666,3.662286895644666,SURPLUS_PRESSURE,10
5712.03,2026-06-21 11:00:00,26,33,25.002550492301246,22.45168215978453,-2.5508683325167176,2.5508683325167176,DEFICIT_PRESSURE,11
6459.07,2026-06-21 11:00:00,24,48,17.11096651898583,19.54488012320393,2.4339136042181018,2.4339136042181018,SURPLUS_PRESSURE,12
6726.01,2026-06-21 11:00:00,25,14,21.586003335969753,19.311802554938364,-2.2742007810313893,2.2742007810313893,DEFICIT_PRESSURE,13
6233.04,2026-06-21 11:00:00,39,31,21.834390399569727,23.850677309573417,2.0162869100036893,2.0162869100036893,SURPLUS_PRESSURE,14
6822.09,2026-06-21 11:00:00,11,6,14.29788400476185,12.778029357796777,-1.5198546469650722,1.5198546469650722,DEFICIT_PRESSURE,15
5763.03,2026-06-21 11:00:00,13,20,21.157105284584375,19.817192758148014,-1.3399125264363612,1.3399125264363612,DEFICIT_PRESSURE,16
6173.08,2026-06-21 11:00:00,31,20,23.417488573848722,22.166771816399365,-1.2507167574493572,1.2507167574493572,DEFICIT_PRESSURE,17
5905.14,2026-06-21 11:00:00,11,13,16.26672086617632,17.486697761178974,1.2199768950026524,1.2199768950026524,SURPLUS_PRESSURE,18
6912.01,2026-06-21 11:00:00,35,33,39.06014584586792,39.7880404730074,0.7278946271394773,0.7278946271394773,SURPLUS_PRESSURE,19
6364.07,2026-06-21 11:00:00,18,12,16.983625717628914,17.225860654496902,0.24223493686798747,0.24223493686798747,SURPLUS_PRESSURE,20
5980.10,2026-06-21 12:00:00,22,7,25.65416263728871,11.99355846623826,-13.66060417105045,13.66060417105045,DEFICIT_PRESSURE,1
5905.14,2026-06-21 12:00:00,24,29,15.123496386097406,25.517492826337968,10.393996440240562,10.393996440240562,SURPLUS_PRESSURE,2
6459.07,2026-06-21 12:00:00,44,45,25.584718655958742,35.886546269808356,10.301827613849614,10.301827613849614,SURPLUS_PRESSURE,3
6072.06,2026-06-21 12:00:00,26,25,30.858323329597376,22.702658328836502,-8.155665000760873,8.155665000760873,DEFICIT_PRESSURE,4
6912.01,2026-06-21 12:00:00,47,51,49.48220970731727,41.819954440983835,-7.662255266333432,7.662255266333432,DEFICIT_PRESSURE,5
6492.08,2026-06-21 12:00:00,28,24,18.42276757944148,25.672263185865976,7.249495606424496,7.249495606424496,SURPLUS_PRESSURE,6
5763.03,2026-06-21 12:00:00,29,34,21.47858352605255,28.54938372882178,7.070800202769231,7.070800202769231,SURPLUS_PRESSURE,7
6726.01,2026-06-21 12:00:00,25,28,28.036286021882688,21.282166512458534,-6.754119509424154,6.754119509424154,DEFICIT_PRESSURE,8
5374.01,2026-06-21 12:00:00,15,27,31.530999311540896,25.268658335575942,-6.262340975964953,6.262340975964953,DEFICIT_PRESSURE,9
5492.05,2026-06-21 12:00:00,29,25,29.943210465445922,24.831529520321915,-5.111680945124007,5.111680945124007,DEFICIT_PRESSURE,10
6364.07,2026-06-21 12:00:00,18,34,20.864345715489616,16.13696025806429,-4.727385457425328,4.727385457425328,DEFICIT_PRESSURE,11
6173.08,2026-06-21 12:00:00,27,29,27.448076211140343,23.3357653162661,-4.112310894874241,4.112310894874241,DEFICIT_PRESSURE,12
5905.12,2026-06-21 12:00:00,36,33,27.851923013764555,31.85560252965039,4.003679515885835,4.003679515885835,SURPLUS_PRESSURE,13
5712.03,2026-06-21 12:00:00,27,23,31.73889570898968,28.141374472998983,-3.5975212359906976,3.5975212359906976,DEFICIT_PRESSURE,14
6233.04,2026-06-21 12:00:00,57,59,36.081272917461135,32.709530796403854,-3.371742121057281,3.371742121057281,DEFICIT_PRESSURE,15
6822.09,2026-06-21 12:00:00,16,6,14.790267238023922,11.859823719613724,-2.9304435184101987,2.9304435184101987,DEFICIT_PRESSURE,16
6948.10,2026-06-21 12:00:00,33,40,30.100938458404826,27.23081291193495,-2.8701255464698754,2.8701255464698754,DEFICIT_PRESSURE,17
6331.01,2026-06-21 12:00:00,32,22,25.38239276802221,22.74965473744914,-2.632738030573069,2.632738030573069,DEFICIT_PRESSURE,18
6140.05,2026-06-21 12:00:00,20,33,29.592811806926466,31.145111135641223,1.5522993287147564,1.5522993287147564,SURPLUS_PRESSURE,19
6432.09,2026-06-21 12:00:00,22,21,19.58203411531979,19.972862490246374,0.39082837492658484,0.39082837492658484,SURPLUS_PRESSURE,20
5980.10,2026-06-21 13:00:00,28,7,24.655430009505626,9.467740981109008,-15.187689028396617,15.187689028396617,DEFICIT_PRESSURE,1
6140.05,2026-06-21 13:00:00,44,27,25.193870674198678,35.94998660123642,10.75611592703774,10.75611592703774,SURPLUS_PRESSURE,2
5374.01,2026-06-21 13:00:00,33,23,20.40779532297267,29.676190567488973,9.268395244516302,9.268395244516302,SURPLUS_PRESSURE,3
6331.01,2026-06-21 13:00:00,28,24,29.084675544389587,21.932868056234447,-7.151807488155139,7.151807488155139,DEFICIT_PRESSURE,4
6364.07,2026-06-21 13:00:00,30,17,23.716249550105214,29.36774512672241,5.651495576617197,5.651495576617197,SURPLUS_PRESSURE,5
6459.07,2026-06-21 13:00:00,20,22,40.067148463633174,45.61529764633668,5.548149182703504,5.548149182703504,SURPLUS_PRESSURE,6
6492.08,2026-06-21 13:00:00,27,13,26.272239411307666,21.518142789202408,-4.7540966221052585,4.7540966221052585,DEFICIT_PRESSURE,7
6822.09,2026-06-21 13:00:00,11,14,14.875750027199697,10.295938490822794,-4.579811536376903,4.579811536376903,DEFICIT_PRESSURE,8
5763.03,2026-06-21 13:00:00,26,40,32.620315881255,36.4339252307463,3.813609349491294,3.813609349491294,SURPLUS_PRESSURE,9
5905.14,2026-06-21 13:00:00,21,19,27.45739292448963,31.203771312259924,3.746378387770296,3.746378387770296,SURPLUS_PRESSURE,10
6233.04,2026-06-21 13:00:00,51,56,54.30557933442096,56.40575463790596,2.1001753034849955,2.1001753034849955,SURPLUS_PRESSURE,11
5905.12,2026-06-21 13:00:00,28,23,32.21232937825051,30.50156242768503,-1.7107669505654783,1.7107669505654783,DEFICIT_PRESSURE,12
6948.10,2026-06-21 13:00:00,36,34,33.89922167728959,35.53852618844114,1.6393045111515505,1.6393045111515505,SURPLUS_PRESSURE,13
5492.05,2026-06-21 13:00:00,41,21,33.4294794768499,31.942070826688497,-1.4874086501614023,1.4874086501614023,DEFICIT_PRESSURE,14
6432.09,2026-06-21 13:00:00,13,12,19.995087658687872,21.00145333264049,1.0063656739526188,1.0063656739526188,SURPLUS_PRESSURE,15
6912.01,2026-06-21 13:00:00,55,58,46.86094534746515,45.871140068265056,-0.9898052792000911,0.9898052792000911,DEFICIT_PRESSURE,16
5712.03,2026-06-21 13:00:00,23,34,30.640984844264093,29.784633965407146,-0.8563508788569472,0.8563508788569472,DEFICIT_PRESSURE,17
6072.06,2026-06-21 13:00:00,31,27,28.035858145758553,27.29448146407463,-0.7413766816839242,0.7413766816839242,DEFICIT_PRESSURE,18
6726.01,2026-06-21 13:00:00,25,27,28.546334080030046,28.189988456935215,-0.35634562309483186,0.35634562309483186,DEFICIT_PRESSURE,19
6173.08,2026-06-21 13:00:00,32,31,31.9600431344786,32.15730925768347,0.1972661232048729,0.1972661232048729,SURPLUS_PRESSURE,20
5980.10,2026-06-21 14:00:00,35,9,31.874433264989253,11.856678011681634,-20.01775525330762,20.01775525330762,DEFICIT_PRESSURE,1
5712.03,2026-06-21 14:00:00,32,29,28.64110005700226,40.42848888465474,11.787388827652482,11.787388827652482,SURPLUS_PRESSURE,2
5492.05,2026-06-21 14:00:00,20,46,39.560671802345404,28.16337260395575,-11.397299198389653,11.397299198389653,DEFICIT_PRESSURE,3
6364.07,2026-06-21 14:00:00,9,15,29.12273770314593,20.826145940849912,-8.296591762296018,8.296591762296018,DEFICIT_PRESSURE,4
6331.01,2026-06-21 14:00:00,27,33,29.991689497169233,22.583043526246065,-7.408645970923168,7.408645970923168,DEFICIT_PRESSURE,5
6492.08,2026-06-21 14:00:00,34,26,25.08045459192874,18.05287178952937,-7.027582802399369,7.027582802399369,DEFICIT_PRESSURE,6
5763.03,2026-06-21 14:00:00,25,47,33.183590532804935,39.372701071981574,6.189110539176639,6.189110539176639,SURPLUS_PRESSURE,7
5905.12,2026-06-21 14:00:00,29,33,31.059125580007922,25.482519831380564,-5.576605748627358,5.576605748627358,DEFICIT_PRESSURE,8
6140.05,2026-06-21 14:00:00,42,46,38.91020124653058,33.70725876171087,-5.202942484819715,5.202942484819715,DEFICIT_PRESSURE,9
6912.01,2026-06-21 14:00:00,54,52,53.951246351284624,49.330273809523824,-4.6209725417608,4.6209725417608,DEFICIT_PRESSURE,10
5905.14,2026-06-21 14:00:00,32,23,25.219626360639754,21.047316188496524,-4.172310172143231,4.172310172143231,DEFICIT_PRESSURE,11
6822.09,2026-06-21 14:00:00,16,14,16.766051531905553,12.907467143693475,-3.858584388212078,3.858584388212078,DEFICIT_PRESSURE,12
6948.10,2026-06-21 14:00:00,29,41,38.881358482356774,35.10097940867765,-3.7803790736791214,3.7803790736791214,DEFICIT_PRESSURE,13
5374.01,2026-06-21 14:00:00,23,26,31.63665003074873,28.111149321794507,-3.5255007089542225,3.5255007089542225,DEFICIT_PRESSURE,14
6173.08,2026-06-21 14:00:00,19,30,29.569009941562076,31.613446318759202,2.044436377197126,2.044436377197126,SURPLUS_PRESSURE,15
6432.09,2026-06-21 14:00:00,27,13,19.070036022731685,17.167716645737077,-1.9023193769946083,1.9023193769946083,DEFICIT_PRESSURE,16
6072.06,2026-06-21 14:00:00,29,37,31.239509295220515,29.407467873472765,-1.8320414217477499,1.8320414217477499,DEFICIT_PRESSURE,17
6726.01,2026-06-21 14:00:00,40,42,32.06690038587598,33.63347779114398,1.5665774052679993,1.5665774052679993,SURPLUS_PRESSURE,18
6459.07,2026-06-21 14:00:00,44,31,26.15312534632701,25.11259154381702,-1.0405338025099873,1.0405338025099873,DEFICIT_PRESSURE,19
6233.04,2026-06-21 14:00:00,42,42,61.740400163461544,61.182991329652495,-0.557408833809049,0.557408833809049,DEFICIT_PRESSURE,20
5980.10,2026-06-21 15:00:00,35,2,37.858317160889044,10.38329809084241,-27.475019070046635,27.475019070046635,DEFICIT_PRESSURE,1
5492.05,2026-06-21 15:00:00,51,39,33.412415733230866,45.94287022728132,12.530454494050453,12.530454494050453,SURPLUS_PRESSURE,2
6459.07,2026-06-21 15:00:00,35,23,43.05590362647087,32.035261360996095,-11.020642265474777,11.020642265474777,DEFICIT_PRESSURE,3
6233.04,2026-06-21 15:00:00,43,43,48.39533699501291,58.977089259030855,10.581752264017943,10.581752264017943,SURPLUS_PRESSURE,4
6432.09,2026-06-21 15:00:00,31,17,27.696374353530086,17.892063686121165,-9.80431066740892,9.80431066740892,DEFICIT_PRESSURE,5
5763.03,2026-06-21 15:00:00,37,34,35.66675224595283,44.4340821674947,8.767329921541872,8.767329921541872,SURPLUS_PRESSURE,6
6492.08,2026-06-21 15:00:00,33,14,30.256143527548087,21.62504364377418,-8.631099883773906,8.631099883773906,DEFICIT_PRESSURE,7
5905.14,2026-06-21 15:00:00,21,30,36.56861139287727,28.752238114229584,-7.8163732786476885,7.8163732786476885,DEFICIT_PRESSURE,8
6912.01,2026-06-21 15:00:00,67,74,47.267732616798405,54.95979079131654,7.692058174518138,7.692058174518138,SURPLUS_PRESSURE,9
5374.01,2026-06-21 15:00:00,31,35,33.727277493594435,28.50149100738437,-5.225786486210065,5.225786486210065,DEFICIT_PRESSURE,10
6948.10,2026-06-21 15:00:00,47,33,42.098959262186106,37.07960787228316,-5.019351389902944,5.019351389902944,DEFICIT_PRESSURE,11
6726.01,2026-06-21 15:00:00,34,28,38.93061247730338,43.59471990420187,4.6641074268984895,4.6641074268984895,SURPLUS_PRESSURE,12
6140.05,2026-06-21 15:00:00,32,31,42.04195263192517,38.383523696156836,-3.6584289357683346,3.6584289357683346,DEFICIT_PRESSURE,13
6364.07,2026-06-21 15:00:00,12,32,16.153363568170825,19.174159957312916,3.0207963891420917,3.0207963891420917,SURPLUS_PRESSURE,14
5905.12,2026-06-21 15:00:00,38,34,35.331119401674485,38.06101994860385,2.7299005469293647,2.7299005469293647,SURPLUS_PRESSURE,15
6331.01,2026-06-21 15:00:00,57,23,29.35087351795804,32.03995055508328,2.689077037125241,2.689077037125241,SURPLUS_PRESSURE,16
5712.03,2026-06-21 15:00:00,34,37,34.710421106588804,32.02419029282497,-2.686230813763835,2.686230813763835,DEFICIT_PRESSURE,17
6072.06,2026-06-21 15:00:00,33,32,30.392929416032345,32.76362796904287,2.370698553010527,2.370698553010527,SURPLUS_PRESSURE,18
6173.08,2026-06-21 15:00:00,28,31,30.67173879908898,32.56162426717561,1.8898854680866286,1.8898854680866286,SURPLUS_PRESSURE,19
6822.09,2026-06-21 15:00:00,14,10,19.157132441471756,17.47189223279252,-1.685240208679236,1.685240208679236,DEFICIT_PRESSURE,20
5980.10,2026-06-21 16:00:00,31,10,33.088419018768384,3.5260211606091847,-29.5623978581592,29.5623978581592,DEFICIT_PRESSURE,1
6331.01,2026-06-21 16:00:00,33,23,46.90443126999412,22.90858844483403,-23.99584282516009,23.99584282516009,DEFICIT_PRESSURE,2
6364.07,2026-06-21 16:00:00,19,27,22.64227397756871,35.63329896661838,12.991024989049674,12.991024989049674,SURPLUS_PRESSURE,3
6912.01,2026-06-21 16:00:00,65,67,56.32553110356938,43.356381493506525,-12.969149610062857,12.969149610062857,DEFICIT_PRESSURE,4
6432.09,2026-06-21 16:00:00,28,26,32.915639431701955,20.48012772919281,-12.435511702509146,12.435511702509146,DEFICIT_PRESSURE,5
6492.08,2026-06-21 16:00:00,21,22,30.67444744656133,20.11026825938697,-10.56417918717436,10.56417918717436,DEFICIT_PRESSURE,6
6459.07,2026-06-21 16:00:00,25,38,39.29084364736704,29.65160860827971,-9.639235039087332,9.639235039087332,DEFICIT_PRESSURE,7
6233.04,2026-06-21 16:00:00,58,56,60.08603080543987,51.8435906616272,-8.242440143812665,8.242440143812665,DEFICIT_PRESSURE,8
6822.09,2026-06-21 16:00:00,10,18,16.920461821234657,11.39569858054673,-5.524763240687927,5.524763240687927,DEFICIT_PRESSURE,9
5905.14,2026-06-21 16:00:00,35,42,26.239948804697146,31.44830036286758,5.208351558170435,5.208351558170435,SURPLUS_PRESSURE,10
5905.12,2026-06-21 16:00:00,28,20,36.88004235789912,31.74454861560702,-5.135493742292102,5.135493742292102,DEFICIT_PRESSURE,11
5374.01,2026-06-21 16:00:00,27,25,33.12694590771271,38.13839799869325,5.011452090980541,5.011452090980541,SURPLUS_PRESSURE,12
5492.05,2026-06-21 16:00:00,52,55,44.28151587724211,40.09072937841549,-4.190786498826618,4.190786498826618,DEFICIT_PRESSURE,13
6726.01,2026-06-21 16:00:00,35,38,35.71251388441308,39.47840719327659,3.765893308863511,3.765893308863511,SURPLUS_PRESSURE,14
6072.06,2026-06-21 16:00:00,30,24,26.99491757000287,29.888056119469535,2.8931385494666664,2.8931385494666664,SURPLUS_PRESSURE,15
6948.10,2026-06-21 16:00:00,24,27,40.888951223715296,38.7312719495368,-2.1576792741784985,2.1576792741784985,DEFICIT_PRESSURE,16
5763.03,2026-06-21 16:00:00,37,45,38.00511035679354,35.87914830703651,-2.125962049757028,2.125962049757028,DEFICIT_PRESSURE,17
5712.03,2026-06-21 16:00:00,44,37,43.86371659716587,41.82364670939537,-2.0400698877704997,2.0400698877704997,DEFICIT_PRESSURE,18
6173.08,2026-06-21 16:00:00,32,20,28.814053120398334,30.669767219195446,1.8557140987971117,1.8557140987971117,SURPLUS_PRESSURE,19
6140.05,2026-06-21 16:00:00,46,34,35.254938376138284,35.15913511987119,-0.09580325626709651,0.09580325626709651,DEFICIT_PRESSURE,20
5980.10,2026-06-21 17:00:00,35,3,31.608719708046515,8.192906816113872,-23.415812891932642,23.415812891932642,DEFICIT_PRESSURE,1
5763.03,2026-06-21 17:00:00,26,28,31.32064421599556,41.07728007888687,9.756635862891311,9.756635862891311,SURPLUS_PRESSURE,2
6432.09,2026-06-21 17:00:00,31,18,31.83751209544956,22.69936651732348,-9.138145578126082,9.138145578126082,DEFICIT_PRESSURE,3
5492.05,2026-06-21 17:00:00,30,27,52.13010222876435,43.995492250557824,-8.134609978206527,8.134609978206527,DEFICIT_PRESSURE,4
5905.14,2026-06-21 17:00:00,35,28,31.3806390229464,38.10093061052269,6.720291587576288,6.720291587576288,SURPLUS_PRESSURE,5
5712.03,2026-06-21 17:00:00,34,33,46.312949239540885,39.87190471997556,-6.441044519565324,6.441044519565324,DEFICIT_PRESSURE,6
6492.08,2026-06-21 17:00:00,35,27,27.33855209215072,20.96603575417804,-6.37251633797268,6.37251633797268,DEFICIT_PRESSURE,7
6233.04,2026-06-21 17:00:00,53,36,62.34858780249092,56.28650663224574,-6.062081170245179,6.062081170245179,DEFICIT_PRESSURE,8
6331.01,2026-06-21 17:00:00,47,16,33.41901793333661,27.36153935500355,-6.057478578333061,6.057478578333061,DEFICIT_PRESSURE,9
6459.07,2026-06-21 17:00:00,35,26,29.924958599414268,35.7397766367576,5.814818037343329,5.814818037343329,SURPLUS_PRESSURE,10
6726.01,2026-06-21 17:00:00,37,41,31.745404932545366,37.363646070300064,5.618241137754698,5.618241137754698,SURPLUS_PRESSURE,11
6140.05,2026-06-21 17:00:00,41,36,44.461540649790614,40.052269254301045,-4.409271395489569,4.409271395489569,DEFICIT_PRESSURE,12
6822.09,2026-06-21 17:00:00,22,18,13.709476594005269,17.77509752967562,4.065620935670351,4.065620935670351,SURPLUS_PRESSURE,13
5905.12,2026-06-21 17:00:00,23,23,30.28718439806149,33.859282602047834,3.572098203986343,3.572098203986343,SURPLUS_PRESSURE,14
6173.08,2026-06-21 17:00:00,27,25,32.44835654460037,29.313105509160394,-3.1352510354399783,3.1352510354399783,DEFICIT_PRESSURE,15
6072.06,2026-06-21 17:00:00,24,24,28.732525169340725,31.491367929191014,2.758842759850289,2.758842759850289,SURPLUS_PRESSURE,16
6948.10,2026-06-21 17:00:00,41,35,38.907391309713695,36.23827490852142,-2.6691164011922766,2.6691164011922766,DEFICIT_PRESSURE,17
6912.01,2026-06-21 17:00:00,68,55,59.141775261902424,56.92782097763347,-2.213954284268951,2.213954284268951,DEFICIT_PRESSURE,18
6364.07,2026-06-21 17:00:00,27,20,29.589471671349916,29.947003022022685,0.35753135067276887,0.35753135067276887,SURPLUS_PRESSURE,19
5374.01,2026-06-21 17:00:00,30,27,33.998935380585905,33.731803985998184,-0.2671313945877216,0.2671313945877216,DEFICIT_PRESSURE,20
5980.10,2026-06-21 18:00:00,24,3,27.99388054891796,3.0203781690871154,-24.973502379830844,24.973502379830844,DEFICIT_PRESSURE,1
6331.01,2026-06-21 18:00:00,12,16,38.87301909774573,22.09492505311211,-16.778094044633622,16.778094044633622,DEFICIT_PRESSURE,2
6233.04,2026-06-21 18:00:00,41,59,54.36722728935395,45.763902894491146,-8.603324394862803,8.603324394862803,DEFICIT_PRESSURE,3
6432.09,2026-06-21 18:00:00,36,15,28.729397816269643,21.13786010154373,-7.591537714725913,7.591537714725913,DEFICIT_PRESSURE,4
6173.08,2026-06-21 18:00:00,23,29,35.1834654358389,28.28412800611644,-6.899337429722458,6.899337429722458,DEFICIT_PRESSURE,5
5374.01,2026-06-21 18:00:00,25,30,34.56113499825867,27.728645545918557,-6.832489452340116,6.832489452340116,DEFICIT_PRESSURE,6
6492.08,2026-06-21 18:00:00,20,22,28.508500687043735,22.51482918950524,-5.993671497538497,5.993671497538497,DEFICIT_PRESSURE,7
6459.07,2026-06-21 18:00:00,15,28,29.472312268173585,23.571961175936952,-5.900351092236633,5.900351092236633,DEFICIT_PRESSURE,8
5763.03,2026-06-21 18:00:00,42,45,26.448265217858847,32.21415756762946,5.76589234977061,5.76589234977061,SURPLUS_PRESSURE,9
6364.07,2026-06-21 18:00:00,55,16,29.980942729793146,24.403887376033257,-5.577055353759889,5.577055353759889,DEFICIT_PRESSURE,10
6822.09,2026-06-21 18:00:00,17,20,24.30142943459413,19.13349164716189,-5.1679377874322405,5.1679377874322405,DEFICIT_PRESSURE,11
5905.12,2026-06-21 18:00:00,33,38,30.531483157659377,25.890019585457722,-4.641463572201655,4.641463572201655,DEFICIT_PRESSURE,12
6912.01,2026-06-21 18:00:00,50,51,50.231315186250534,46.23991510025063,-3.9914000859999064,3.9914000859999064,DEFICIT_PRESSURE,13
5712.03,2026-06-21 18:00:00,36,21,35.773295706967964,37.75252659537093,1.9792308884029666,1.9792308884029666,SURPLUS_PRESSURE,14
6726.01,2026-06-21 18:00:00,33,38,34.71383479205879,36.56582688547521,1.8519920934164205,1.8519920934164205,SURPLUS_PRESSURE,15
6948.10,2026-06-21 18:00:00,38,45,35.36222418840327,34.08692405104085,-1.2753001373624144,1.2753001373624144,DEFICIT_PRESSURE,16
5905.14,2026-06-21 18:00:00,37,39,31.775477285581264,31.14461634736712,-0.6308609382141448,0.6308609382141448,DEFICIT_PRESSURE,17
5492.05,2026-06-21 18:00:00,38,39,30.91094893356423,30.3534673269884,-0.5574816065758306,0.5574816065758306,DEFICIT_PRESSURE,18
6140.05,2026-06-21 18:00:00,35,47,33.820160028864215,33.51006039923112,-0.31009962963309334,0.31009962963309334,DEFICIT_PRESSURE,19
6072.06,2026-06-21 18:00:00,38,39,26.797356313775047,26.53859355688717,-0.25876275688787587,0.25876275688787587,DEFICIT_PRESSURE,20
5980.10,2026-06-21 19:00:00,17,6,25.27091424625341,3.9700967558535836,-21.30081749039983,21.30081749039983,DEFICIT_PRESSURE,1
6364.07,2026-06-21 19:00:00,29,23,34.94785773047362,19.611400265795908,-15.336457464677714,15.336457464677714,DEFICIT_PRESSURE,2
6432.09,2026-06-21 19:00:00,10,9,26.434088507114595,16.337934449394904,-10.09615405771969,10.09615405771969,DEFICIT_PRESSURE,3
6233.04,2026-06-21 19:00:00,41,22,28.379907103811142,35.51064978342475,7.130742679613611,7.130742679613611,SURPLUS_PRESSURE,4
6459.07,2026-06-21 19:00:00,39,48,19.616497929153716,26.26692479849547,6.650426869341754,6.650426869341754,SURPLUS_PRESSURE,5
6492.08,2026-06-21 19:00:00,27,19,16.527090120241795,22.96960535640156,6.442515236159764,6.442515236159764,SURPLUS_PRESSURE,6
6912.01,2026-06-21 19:00:00,36,41,33.911208534764526,40.00071672953511,6.0895081947705805,6.0895081947705805,SURPLUS_PRESSURE,7
5905.14,2026-06-21 19:00:00,24,24,32.638130190201196,27.20188934432842,-5.436240845872774,5.436240845872774,DEFICIT_PRESSURE,8
5712.03,2026-06-21 19:00:00,38,26,28.667262882579568,23.558711046983216,-5.1085518355963515,5.1085518355963515,DEFICIT_PRESSURE,9
6822.09,2026-06-21 19:00:00,26,16,19.5177229361904,15.312362932807172,-4.205360003383227,4.205360003383227,DEFICIT_PRESSURE,10
5492.05,2026-06-21 19:00:00,27,32,35.30171316162045,31.256873756866785,-4.044839404753663,4.044839404753663,DEFICIT_PRESSURE,11
6140.05,2026-06-21 19:00:00,31,21,29.788779714440416,32.9269166550952,3.138136940654782,3.138136940654782,SURPLUS_PRESSURE,12
6726.01,2026-06-21 19:00:00,28,50,28.16801619569285,25.109678033022806,-3.0583381626700437,3.0583381626700437,DEFICIT_PRESSURE,13
6948.10,2026-06-21 19:00:00,31,30,30.32568522249661,32.43578897206912,2.1101037495725095,2.1101037495725095,SURPLUS_PRESSURE,14
6331.01,2026-06-21 19:00:00,10,8,20.14430740790741,22.179477979436783,2.035170571529374,2.035170571529374,SURPLUS_PRESSURE,15
5763.03,2026-06-21 19:00:00,42,29,31.72176833270212,32.997437476725786,1.2756691440236665,1.2756691440236665,SURPLUS_PRESSURE,16
6072.06,2026-06-21 19:00:00,24,13,27.120099444098873,28.315263469891416,1.1951640257925433,1.1951640257925433,SURPLUS_PRESSURE,17
5905.12,2026-06-21 19:00:00,23,39,28.89375022990982,28.110935561447068,-0.7828146684627519,0.7828146684627519,DEFICIT_PRESSURE,18
6173.08,2026-06-21 19:00:00,20,22,25.39962127261671,25.765163573373442,0.3655423007567329,0.3655423007567329,SURPLUS_PRESSURE,19
5374.01,2026-06-21 19:00:00,25,19,26.323028522945037,26.296882488622437,-0.026146034322600542,0.026146034322600542,DEFICIT_PRESSURE,20
5980.10,2026-06-21 20:00:00,27,5,15.374052518218644,3.072466683510392,-12.301585834708252,12.301585834708252,DEFICIT_PRESSURE,1
6726.01,2026-06-21 20:00:00,20,35,27.637885676554934,38.10493209582589,10.467046419270954,10.467046419270954,SURPLUS_PRESSURE,2
6233.04,2026-06-21 20:00:00,37,31,30.037394867910713,21.49471669400198,-8.542678173908733,8.542678173908733,DEFICIT_PRESSURE,3
6072.06,2026-06-21 20:00:00,20,26,23.366330797459305,15.970850165961647,-7.395480631497659,7.395480631497659,DEFICIT_PRESSURE,4
6492.08,2026-06-21 20:00:00,27,26,19.86761542426022,12.630452619743886,-7.237162804516332,7.237162804516332,DEFICIT_PRESSURE,5
6459.07,2026-06-21 20:00:00,20,16,18.132457833100997,25.216697396416997,7.084239563316,7.084239563316,SURPLUS_PRESSURE,6
6140.05,2026-06-21 20:00:00,27,31,24.406680602840648,17.823903427645767,-6.582777175194881,6.582777175194881,DEFICIT_PRESSURE,7
6364.07,2026-06-21 20:00:00,25,14,20.588377539773713,14.344770823592025,-6.243606716181688,6.243606716181688,DEFICIT_PRESSURE,8
5492.05,2026-06-21 20:00:00,29,14,21.302625597438794,27.062811091523066,5.760185494084272,5.760185494084272,SURPLUS_PRESSURE,9
6173.08,2026-06-21 20:00:00,20,13,22.90788838864796,17.4133499277018,-5.494538460946163,5.494538460946163,DEFICIT_PRESSURE,10
5905.12,2026-06-21 20:00:00,27,18,25.880695206537244,29.804851783448054,3.9241565769108107,3.9241565769108107,SURPLUS_PRESSURE,11
6331.01,2026-06-21 20:00:00,9,8,14.58446929814973,11.060435441515505,-3.524033856634224,3.524033856634224,DEFICIT_PRESSURE,12
5905.14,2026-06-21 20:00:00,19,18,22.36828941738754,19.798934161596595,-2.5693552557909456,2.5693552557909456,DEFICIT_PRESSURE,13
6822.09,2026-06-21 20:00:00,13,17,14.192062488041746,12.620621723238497,-1.5714407648032491,1.5714407648032491,DEFICIT_PRESSURE,14
5712.03,2026-06-21 20:00:00,10,30,22.811398976663337,21.408840525147795,-1.4025584515155423,1.4025584515155423,DEFICIT_PRESSURE,15
5374.01,2026-06-21 20:00:00,14,18,21.159968569535714,19.793715374945588,-1.3662531945901257,1.3662531945901257,DEFICIT_PRESSURE,16
6432.09,2026-06-21 20:00:00,16,15,11.245249048613948,9.923595299240283,-1.3216537493736649,1.3216537493736649,DEFICIT_PRESSURE,17
5763.03,2026-06-21 20:00:00,36,28,30.450530921610916,31.332809109042223,0.8822781874313073,0.8822781874313073,SURPLUS_PRESSURE,18
6948.10,2026-06-21 20:00:00,14,14,24.28449142405809,24.50813642513016,0.22364500107207164,0.22364500107207164,SURPLUS_PRESSURE,19
6912.01,2026-06-21 20:00:00,28,23,24.666998749717546,24.86542610102775,0.1984273513102046,0.1984273513102046,SURPLUS_PRESSURE,20
5980.10,2026-06-21 21:00:00,14,2,14.689469964389566,3.256689325270097,-11.43278063911947,11.43278063911947,DEFICIT_PRESSURE,1
6233.04,2026-06-21 21:00:00,19,16,23.195755692023795,13.410420090348047,-9.785335601675747,9.785335601675747,DEFICIT_PRESSURE,2
5905.12,2026-06-21 21:00:00,17,14,23.526233327900986,18.052358266027543,-5.473875061873443,5.473875061873443,DEFICIT_PRESSURE,3
5905.14,2026-06-21 21:00:00,17,15,17.542631269516495,12.395932722692942,-5.146698546823552,5.146698546823552,DEFICIT_PRESSURE,4
6726.01,2026-06-21 21:00:00,31,16,18.508534134646435,22.67499203495784,4.1664579003114035,4.1664579003114035,SURPLUS_PRESSURE,5
6822.09,2026-06-21 21:00:00,5,4,9.842382033461213,13.777913491942993,3.9355314584817798,3.9355314584817798,SURPLUS_PRESSURE,6
6912.01,2026-06-21 21:00:00,8,13,17.113769366121222,14.097344278979378,-3.016425087141844,3.016425087141844,DEFICIT_PRESSURE,7
6948.10,2026-06-21 21:00:00,13,14,13.420255429103031,10.819130234413691,-2.60112519468934,2.60112519468934,DEFICIT_PRESSURE,8
6140.05,2026-06-21 21:00:00,14,5,18.627422526176023,16.046611254002165,-2.5808112721738574,2.5808112721738574,DEFICIT_PRESSURE,9
6459.07,2026-06-21 21:00:00,14,14,18.26934939230054,16.05244926909713,-2.216900123203409,2.216900123203409,DEFICIT_PRESSURE,10
6364.07,2026-06-21 21:00:00,14,12,18.203048281288893,16.089008249236745,-2.1140400320521486,2.1140400320521486,DEFICIT_PRESSURE,11
5763.03,2026-06-21 21:00:00,14,17,32.44415090919786,30.419508138524016,-2.024642770673843,2.024642770673843,DEFICIT_PRESSURE,12
6331.01,2026-06-21 21:00:00,13,13,13.565871893454943,11.63606019180754,-1.9298117016474041,1.9298117016474041,DEFICIT_PRESSURE,13
6173.08,2026-06-21 21:00:00,21,13,12.437761156898132,14.106462737901623,1.668701581003491,1.668701581003491,SURPLUS_PRESSURE,14
5492.05,2026-06-21 21:00:00,11,15,19.189013509271323,17.84188965872106,-1.3471238505502647,1.3471238505502647,DEFICIT_PRESSURE,15
6072.06,2026-06-21 21:00:00,24,15,17.362808957538743,18.408686567681144,1.0458776101424014,1.0458776101424014,SURPLUS_PRESSURE,16
5712.03,2026-06-21 21:00:00,15,19,18.22755781760179,19.0518125813837,0.8242547637819087,0.8242547637819087,SURPLUS_PRESSURE,17
6492.08,2026-06-21 21:00:00,26,14,17.212074086387048,16.5042334137555,-0.7078406726315478,0.7078406726315478,DEFICIT_PRESSURE,18
5374.01,2026-06-21 21:00:00,12,11,15.434347358790738,15.730671858698777,0.2963244999080388,0.2963244999080388,SURPLUS_PRESSURE,19
6432.09,2026-06-21 21:00:00,9,11,12.70438855686528,12.466951504139534,-0.23743705272574722,0.23743705272574722,DEFICIT_PRESSURE,20
5980.10,2026-06-21 22:00:00,16,1,13.944934988615499,2.6209446907819993,-11.3239902978335,11.3239902978335,DEFICIT_PRESSURE,1
6492.08,2026-06-21 22:00:00,13,5,16.345723919248677,8.124249579659555,-8.221474339589122,8.221474339589122,DEFICIT_PRESSURE,2
6364.07,2026-06-21 22:00:00,12,11,16.92109612715416,10.356344286987335,-6.564751840166826,6.564751840166826,DEFICIT_PRESSURE,3
6173.08,2026-06-21 22:00:00,12,6,13.676819309873963,8.17649486105119,-5.500324448822774,5.500324448822774,DEFICIT_PRESSURE,4
5763.03,2026-06-21 22:00:00,11,19,19.004394049858398,14.214149942837762,-4.790244107020635,4.790244107020635,DEFICIT_PRESSURE,5
6822.09,2026-06-21 22:00:00,10,5,6.903801737732553,2.863547968736678,-4.040253768995875,4.040253768995875,DEFICIT_PRESSURE,6
6072.06,2026-06-21 22:00:00,9,11,15.626693330620885,12.171783242070822,-3.454910088550063,3.454910088550063,DEFICIT_PRESSURE,7
6233.04,2026-06-21 22:00:00,12,8,9.387000524955715,6.669193011481554,-2.7178075134741606,2.7178075134741606,DEFICIT_PRESSURE,8
6432.09,2026-06-21 22:00:00,9,7,12.072093530685336,9.48355503482369,-2.5885384958616466,2.5885384958616466,DEFICIT_PRESSURE,9
6459.07,2026-06-21 22:00:00,18,20,13.616155836424555,11.244254304441732,-2.3719015319828234,2.3719015319828234,DEFICIT_PRESSURE,10
6331.01,2026-06-21 22:00:00,10,10,13.258023741130136,11.281398653819402,-1.976625087310735,1.976625087310735,DEFICIT_PRESSURE,11
5712.03,2026-06-21 22:00:00,23,8,14.708889010760371,13.179591713306829,-1.5292972974535424,1.5292972974535424,DEFICIT_PRESSURE,12
5374.01,2026-06-21 22:00:00,11,16,16.12070350644368,17.399615680238597,1.278912173794918,1.278912173794918,SURPLUS_PRESSURE,13
5492.05,2026-06-21 22:00:00,10,5,12.035314977868179,10.794973124204962,-1.2403418536632174,1.2403418536632174,DEFICIT_PRESSURE,14
6726.01,2026-06-21 22:00:00,8,9,18.259909701759472,17.042926529965335,-1.216983171794137,1.216983171794137,DEFICIT_PRESSURE,15
5905.12,2026-06-21 22:00:00,18,8,11.696227634026275,10.574446495497217,-1.1217811385290588,1.1217811385290588,DEFICIT_PRESSURE,16
5905.14,2026-06-21 22:00:00,7,7,11.970341226485182,12.837569160066646,0.8672279335814643,0.8672279335814643,SURPLUS_PRESSURE,17
6912.01,2026-06-21 22:00:00,10,9,6.435197399503566,7.233084632675092,0.7978872331715259,0.7978872331715259,SURPLUS_PRESSURE,18
6140.05,2026-06-21 22:00:00,4,4,7.92868376486015,8.687760650141092,0.7590768852809422,0.7590768852809422,SURPLUS_PRESSURE,19
6948.10,2026-06-21 22:00:00,9,11,10.651411426893416,10.26439963754792,-0.38701178934549674,0.38701178934549674,DEFICIT_PRESSURE,20
5712.03,2026-06-21 23:00:00,8,6,18.039754621395126,9.963337752525256,-8.07641686886987,8.07641686886987,DEFICIT_PRESSURE,1
5980.10,2026-06-21 23:00:00,5,1,9.373049822093536,1.9188591832870159,-7.45419063880652,7.45419063880652,DEFICIT_PRESSURE,2
5905.12,2026-06-21 23:00:00,7,5,12.003818516501612,5.493905640035681,-6.509912876465931,6.509912876465931,DEFICIT_PRESSURE,3
6912.01,2026-06-21 23:00:00,9,9,3.3960284813179205,7.906495504269555,4.510467022951634,4.510467022951634,SURPLUS_PRESSURE,4
5492.05,2026-06-21 23:00:00,8,7,10.052586494086459,6.679739978575485,-3.3728465155109735,3.3728465155109735,DEFICIT_PRESSURE,5
5905.14,2026-06-21 23:00:00,10,6,7.8313249969101415,5.559322843361793,-2.272002153548349,2.272002153548349,DEFICIT_PRESSURE,6
6492.08,2026-06-21 23:00:00,12,9,8.411184691424735,6.27777551788144,-2.1334091735432947,2.1334091735432947,DEFICIT_PRESSURE,7
6726.01,2026-06-21 23:00:00,9,11,5.999080412254591,7.948115227428966,1.9490348151743753,1.9490348151743753,SURPLUS_PRESSURE,8
6364.07,2026-06-21 23:00:00,5,3,7.6502145991070805,5.805311787542393,-1.8449028115646877,1.8449028115646877,DEFICIT_PRESSURE,9
6948.10,2026-06-21 23:00:00,5,2,5.21306337846966,6.945073110549913,1.732009732080253,1.732009732080253,SURPLUS_PRESSURE,10
6432.09,2026-06-21 23:00:00,7,8,4.625114207287424,6.349820245049006,1.7247060377615826,1.7247060377615826,SURPLUS_PRESSURE,11
6822.09,2026-06-21 23:00:00,0,3,5.61619816588012,4.004813083807001,-1.6113850820731193,1.6113850820731193,DEFICIT_PRESSURE,12
5763.03,2026-06-21 23:00:00,17,11,9.505651192264047,8.153291366748283,-1.352359825515764,1.352359825515764,DEFICIT_PRESSURE,13
6459.07,2026-06-21 23:00:00,8,11,10.130658217793487,11.42004782437957,1.2893896065860826,1.2893896065860826,SURPLUS_PRESSURE,14
5374.01,2026-06-21 23:00:00,12,16,7.943206865306685,9.046174839114228,1.1029679738075426,1.1029679738075426,SURPLUS_PRESSURE,15
6140.05,2026-06-21 23:00:00,5,5,3.904667344346249,2.817831593327625,-1.0868357510186244,1.0868357510186244,DEFICIT_PRESSURE,16
6173.08,2026-06-21 23:00:00,5,1,7.338293340443196,6.32247876696335,-1.0158145734798456,1.0158145734798456,DEFICIT_PRESSURE,17
6233.04,2026-06-21 23:00:00,1,1,4.801593846473643,5.730876124324721,0.9292822778510779,0.9292822778510779,SURPLUS_PRESSURE,18
6072.06,2026-06-21 23:00:00,7,17,7.750983420738638,6.942884573809797,-0.808098846928841,0.808098846928841,DEFICIT_PRESSURE,19
6331.01,2026-06-21 23:00:00,2,4,8.260637497750304,8.83766165567651,0.5770241579262052,0.5770241579262052,SURPLUS_PRESSURE,20
6072.06,2026-06-22 00:00:00,3,1,3.2917021900386887,12.674845930201606,9.383143740162918,9.383143740162918,SURPLUS_PRESSURE,1
5763.03,2026-06-22 00:00:00,9,5,12.886810178202225,3.915432399959978,-8.971377778242246,8.971377778242246,DEFICIT_PRESSURE,2
5712.03,2026-06-22 00:00:00,5,7,7.1205867623481005,3.8464463467692274,-3.274140415578873,3.274140415578873,DEFICIT_PRESSURE,3
6492.08,2026-06-22 00:00:00,3,2,7.915065207240182,4.642719517803552,-3.27234568943663,3.27234568943663,DEFICIT_PRESSURE,4
5492.05,2026-06-22 00:00:00,2,0,7.225938273372281,4.600933843340776,-2.6250044300315043,2.6250044300315043,DEFICIT_PRESSURE,5
5374.01,2026-06-22 00:00:00,7,2,6.387172612583103,8.585575650086477,2.1984030375033745,2.1984030375033745,SURPLUS_PRESSURE,6
5905.14,2026-06-22 00:00:00,0,1,3.9992374566993463,2.1925873332710064,-1.8066501234283399,1.8066501234283399,DEFICIT_PRESSURE,7
6948.10,2026-06-22 00:00:00,7,5,2.933552413153543,1.3104141762000927,-1.6231382369534504,1.6231382369534504,DEFICIT_PRESSURE,8
5980.10,2026-06-22 00:00:00,8,2,2.6655128685200133,1.2857012799984036,-1.3798115885216098,1.3798115885216098,DEFICIT_PRESSURE,9
6173.08,2026-06-22 00:00:00,2,4,2.181832234588365,0.9554440498014708,-1.2263881847868943,1.2263881847868943,DEFICIT_PRESSURE,10
6726.01,2026-06-22 00:00:00,9,4,3.6927397814120955,4.897842551321682,1.2051027699095869,1.2051027699095869,SURPLUS_PRESSURE,11
5905.12,2026-06-22 00:00:00,5,5,3.3658439463708736,2.2929111437674408,-1.0729328026034328,1.0729328026034328,DEFICIT_PRESSURE,12
6233.04,2026-06-22 00:00:00,3,2,1.8585324259620595,0.861111001093158,-0.9974214248689015,0.9974214248689015,DEFICIT_PRESSURE,13
6822.09,2026-06-22 00:00:00,4,2,1.0931679159277896,2.028877999840727,0.9357100839129375,0.9357100839129375,SURPLUS_PRESSURE,14
6432.09,2026-06-22 00:00:00,4,3,3.9398667139266825,4.874571234548309,0.9347045206216267,0.9347045206216267,SURPLUS_PRESSURE,15
6364.07,2026-06-22 00:00:00,2,4,2.363738081576598,1.7606918921689245,-0.6030461894076735,0.6030461894076735,DEFICIT_PRESSURE,16
6331.01,2026-06-22 00:00:00,7,11,1.9080371648092294,1.3059157822713032,-0.6021213825379261,0.6021213825379261,DEFICIT_PRESSURE,17
6459.07,2026-06-22 00:00:00,3,1,4.397122270964098,4.990370665172189,0.5932483942080911,0.5932483942080911,SURPLUS_PRESSURE,18
6912.01,2026-06-22 00:00:00,5,5,3.763743229956662,4.1204106607385915,0.35666743078192953,0.35666743078192953,SURPLUS_PRESSURE,19
6140.05,2026-06-22 00:00:00,1,1,2.994670610807878,2.887068148503591,-0.10760246230428727,0.10760246230428727,DEFICIT_PRESSURE,20
5763.03,2026-06-22 01:00:00,5,6,7.056675010874701,2.7998874398976,-4.256787570977101,4.256787570977101,DEFICIT_PRESSURE,1
5374.01,2026-06-22 01:00:00,2,0,4.784948606410199,1.1118540585507757,-3.6730945478594235,3.6730945478594235,DEFICIT_PRESSURE,2
5980.10,2026-06-22 01:00:00,1,0,4.566932347687202,1.2407827457464546,-3.3261496019407475,3.3261496019407475,DEFICIT_PRESSURE,3
6432.09,2026-06-22 01:00:00,0,1,1.9046164943046433,5.147407619412434,3.2427911251077903,3.2427911251077903,SURPLUS_PRESSURE,4
5712.03,2026-06-22 01:00:00,9,4,2.5902525505511456,5.154141676155864,2.5638891256047183,2.5638891256047183,SURPLUS_PRESSURE,5
6331.01,2026-06-22 01:00:00,7,1,3.6181004770268306,6.06081500946098,2.4427145324341497,2.4427145324341497,SURPLUS_PRESSURE,6
6726.01,2026-06-22 01:00:00,3,2,4.1256666596445974,1.8810090645718802,-2.2446575950727174,2.2446575950727174,DEFICIT_PRESSURE,7
6948.10,2026-06-22 01:00:00,4,3,3.3265789283886904,2.235071499135219,-1.0915074292534714,1.0915074292534714,DEFICIT_PRESSURE,8
6912.01,2026-06-22 01:00:00,2,1,2.3050022714167686,3.157558752859765,0.8525564814429964,0.8525564814429964,SURPLUS_PRESSURE,9
6492.08,2026-06-22 01:00:00,3,1,1.5806484374845453,0.8492036585179022,-0.7314447789666431,0.7314447789666431,DEFICIT_PRESSURE,10
5905.14,2026-06-22 01:00:00,3,3,0.7037945277782818,1.2676372762965145,0.5638427485182327,0.5638427485182327,SURPLUS_PRESSURE,11
6233.04,2026-06-22 01:00:00,0,0,1.5017985556693487,0.9511413426108227,-0.550657213058526,0.550657213058526,DEFICIT_PRESSURE,12
5905.12,2026-06-22 01:00:00,2,2,2.4386125786411297,1.9143884220953464,-0.5242241565457832,0.5242241565457832,DEFICIT_PRESSURE,13
6822.09,2026-06-22 01:00:00,0,0,1.6403619838760377,1.1614157346321448,-0.47894624924389295,0.47894624924389295,DEFICIT_PRESSURE,14
6072.06,2026-06-22 01:00:00,3,1,1.750460872900243,1.3009925448271897,-0.44946832807305337,0.44946832807305337,DEFICIT_PRESSURE,15
6459.07,2026-06-22 01:00:00,3,3,1.9858282053095329,2.36643969730231,0.380611491992777,0.380611491992777,SURPLUS_PRESSURE,16
5492.05,2026-06-22 01:00:00,0,6,1.0991759556390623,1.2947233333263417,0.19554737768727937,0.19554737768727937,SURPLUS_PRESSURE,17
6173.08,2026-06-22 01:00:00,1,0,1.0858217834177815,1.2114136472265407,0.1255918638087592,0.1255918638087592,SURPLUS_PRESSURE,18
6364.07,2026-06-22 01:00:00,2,6,1.2137194137665326,1.2999906381594442,0.08627122439291157,0.08627122439291157,SURPLUS_PRESSURE,19
6140.05,2026-06-22 01:00:00,0,0,0.7251307970977274,0.7275415969446748,0.0024107998469473646,0.0024107998469473646,SURPLUS_PRESSURE,20
5712.03,2026-06-22 02:00:00,0,1,8.139948573195642,1.6528861011122202,-6.487062472083422,6.487062472083422,DEFICIT_PRESSURE,1
6364.07,2026-06-22 02:00:00,4,3,1.5066595801292935,6.340330984237343,4.833671404108049,4.833671404108049,SURPLUS_PRESSURE,2
5763.03,2026-06-22 02:00:00,7,1,2.0973417400657435,5.052129136061351,2.954787395995608,2.954787395995608,SURPLUS_PRESSURE,3
6331.01,2026-06-22 02:00:00,0,1,3.9220616401173887,1.4924705071571263,-2.4295911329602626,2.4295911329602626,DEFICIT_PRESSURE,4
5492.05,2026-06-22 02:00:00,0,0,0.7930348000457692,3.1992145615584615,2.4061797615126923,2.4061797615126923,SURPLUS_PRESSURE,5
6948.10,2026-06-22 02:00:00,0,1,2.640883006285599,1.0034004060451542,-1.6374826002404446,1.6374826002404446,DEFICIT_PRESSURE,6
6233.04,2026-06-22 02:00:00,0,0,1.266258204025026,0.307851907999075,-0.9584062960259511,0.9584062960259511,DEFICIT_PRESSURE,7
6912.01,2026-06-22 02:00:00,1,0,1.6585002553535906,2.6164534315166925,0.9579531761631019,0.9579531761631019,SURPLUS_PRESSURE,8
6459.07,2026-06-22 02:00:00,2,2,1.3024201173704473,2.0436646137479504,0.7412444963775031,0.7412444963775031,SURPLUS_PRESSURE,9
6822.09,2026-06-22 02:00:00,1,1,0.3424808639121553,1.0297241056432433,0.6872432417310881,0.6872432417310881,SURPLUS_PRESSURE,10
6072.06,2026-06-22 02:00:00,0,1,1.5688532907986161,0.9729219545366043,-0.5959313362620118,0.5959313362620118,DEFICIT_PRESSURE,11
5374.01,2026-06-22 02:00:00,1,3,0.6911136100875283,1.2558266629832233,0.5647130528956951,0.5647130528956951,SURPLUS_PRESSURE,12
5980.10,2026-06-22 02:00:00,0,0,0.8162935459042919,0.2893340256774805,-0.5269595202268114,0.5269595202268114,DEFICIT_PRESSURE,13
6432.09,2026-06-22 02:00:00,0,0,0.6921606481707768,1.1068472325604315,0.41468658438965467,0.41468658438965467,SURPLUS_PRESSURE,14
6140.05,2026-06-22 02:00:00,0,1,0.7161945824617868,0.3628079356033978,-0.353386646858389,0.353386646858389,DEFICIT_PRESSURE,15
6173.08,2026-06-22 02:00:00,0,0,0.8739444240732562,0.5354745903445182,-0.33846983372873807,0.33846983372873807,DEFICIT_PRESSURE,16
6492.08,2026-06-22 02:00:00,0,1,0.7791997858601668,0.5038347610537677,-0.27536502480639913,0.27536502480639913,DEFICIT_PRESSURE,17
5905.12,2026-06-22 02:00:00,0,1,1.1171896006292976,0.8992251461130004,-0.2179644545162972,0.2179644545162972,DEFICIT_PRESSURE,18
6726.01,2026-06-22 02:00:00,1,2,1.254503564676098,1.4058053271262725,0.15130176245017446,0.15130176245017446,SURPLUS_PRESSURE,19
5905.14,2026-06-22 02:00:00,1,0,0.9645750645069319,0.9787750374708273,0.014199972963895413,0.014199972963895413,SURPLUS_PRESSURE,20
5763.03,2026-06-22 03:00:00,0,0,5.441544279552237,0.39084261006620197,-5.050701669486035,5.050701669486035,DEFICIT_PRESSURE,1
6072.06,2026-06-22 03:00:00,0,0,1.24231663091666,0.26790630437336976,-0.9744103265432902,0.9744103265432902,DEFICIT_PRESSURE,2
6364.07,2026-06-22 03:00:00,3,2,2.503716461733843,1.6818095596333758,-0.8219069021004672,0.8219069021004672,DEFICIT_PRESSURE,3
6331.01,2026-06-22 03:00:00,0,1,0.9586655780311023,0.18400875558396199,-0.7746568224471403,0.7746568224471403,DEFICIT_PRESSURE,4
6173.08,2026-06-22 03:00:00,0,0,0.8356476776622519,0.24626242327005415,-0.5893852543921978,0.5893852543921978,DEFICIT_PRESSURE,5
6726.01,2026-06-22 03:00:00,0,1,0.4662559326307955,1.0499443708701275,0.5836884382393319,0.5836884382393319,SURPLUS_PRESSURE,6
6432.09,2026-06-22 03:00:00,0,1,0.8053679278543082,0.28838538831193916,-0.5169825395423691,0.5169825395423691,DEFICIT_PRESSURE,7
6459.07,2026-06-22 03:00:00,2,5,0.7067391802911849,1.2151476336808253,0.5084084533896405,0.5084084533896405,SURPLUS_PRESSURE,8
6912.01,2026-06-22 03:00:00,0,0,0.8217335542841204,0.3506772900765244,-0.47105626420759605,0.47105626420759605,DEFICIT_PRESSURE,9
5712.03,2026-06-22 03:00:00,0,0,0.7355388856593871,0.316791149698827,-0.4187477359605601,0.4187477359605601,DEFICIT_PRESSURE,10
6140.05,2026-06-22 03:00:00,0,0,0.618016458571611,0.22808154633347363,-0.38993491223813737,0.38993491223813737,DEFICIT_PRESSURE,11
5374.01,2026-06-22 03:00:00,1,1,1.1004670472785518,1.3494921825737418,0.24902513529519,0.24902513529519,SURPLUS_PRESSURE,12
6233.04,2026-06-22 03:00:00,0,0,0.29174236391795344,0.07716488602702273,-0.2145774778909307,0.2145774778909307,DEFICIT_PRESSURE,13
5980.10,2026-06-22 03:00:00,0,0,0.48057640577223587,0.2677580650251947,-0.21281834074704115,0.21281834074704115,DEFICIT_PRESSURE,14
5905.14,2026-06-22 03:00:00,0,0,0.48018829545414965,0.648791048607911,0.1686027531537614,0.1686027531537614,SURPLUS_PRESSURE,15
5492.05,2026-06-22 03:00:00,2,0,0.4513884772938476,0.3054572100089399,-0.14593126728490774,0.14593126728490774,DEFICIT_PRESSURE,16
6492.08,2026-06-22 03:00:00,0,1,0.4866151506191996,0.3824641925713773,-0.10415095804782226,0.10415095804782226,DEFICIT_PRESSURE,17
5905.12,2026-06-22 03:00:00,0,0,0.5676686215016497,0.46909442899095444,-0.09857419251069521,0.09857419251069521,DEFICIT_PRESSURE,18
6822.09,2026-06-22 03:00:00,1,0,0.7094459949039177,0.7570308851082522,0.04758489020433454,0.04758489020433454,SURPLUS_PRESSURE,19
6948.10,2026-06-22 03:00:00,0,0,0.847028476511002,0.8113149725379988,-0.03571350397300321,0.03571350397300321,DEFICIT_PRESSURE,20
6912.01,2026-06-22 04:00:00,1,1,0.6255333637076266,2.222456356581246,1.5969229928736195,1.5969229928736195,SURPLUS_PRESSURE,1
6072.06,2026-06-22 04:00:00,2,0,1.5754914744531872,0.4134179646748926,-1.1620735097782946,1.1620735097782946,DEFICIT_PRESSURE,2
5712.03,2026-06-22 04:00:00,1,0,0.6977196656537492,1.842792417418167,1.1450727517644177,1.1450727517644177,SURPLUS_PRESSURE,3
5374.01,2026-06-22 04:00:00,3,2,0.575663301686455,1.6294281958529115,1.0537648941664566,1.0537648941664566,SURPLUS_PRESSURE,4
6459.07,2026-06-22 04:00:00,1,0,1.9013121213446647,2.8371973309165788,0.9358852095719141,0.9358852095719141,SURPLUS_PRESSURE,5
6364.07,2026-06-22 04:00:00,2,1,2.267606108611025,1.4345182090601838,-0.8330878995508411,0.8330878995508411,DEFICIT_PRESSURE,6
6331.01,2026-06-22 04:00:00,1,1,1.0741978789677145,1.8895730686530074,0.815375189685293,0.815375189685293,SURPLUS_PRESSURE,7
6948.10,2026-06-22 04:00:00,1,1,0.8452158002410299,1.6314573423230354,0.7862415420820055,0.7862415420820055,SURPLUS_PRESSURE,8
5905.14,2026-06-22 04:00:00,0,2,0.40838956083809835,1.1320078912506937,0.7236183304125954,0.7236183304125954,SURPLUS_PRESSURE,9
6492.08,2026-06-22 04:00:00,0,0,0.3636066214333762,1.00585182399946,0.6422452025660839,0.6422452025660839,SURPLUS_PRESSURE,10
6233.04,2026-06-22 04:00:00,0,0,0.11770919219511373,0.6816979830107166,0.5639887908156028,0.5639887908156028,SURPLUS_PRESSURE,11
6140.05,2026-06-22 04:00:00,1,2,1.0604833492628019,1.5931087948006784,0.5326254455378765,0.5326254455378765,SURPLUS_PRESSURE,12
6173.08,2026-06-22 04:00:00,0,0,0.3872703630966431,0.9019640421199929,0.5146936790233498,0.5146936790233498,SURPLUS_PRESSURE,13
6822.09,2026-06-22 04:00:00,0,2,0.28120724846146883,0.6359037636604189,0.35469651519895007,0.35469651519895007,SURPLUS_PRESSURE,14
6432.09,2026-06-22 04:00:00,1,0,0.8069862817347371,0.682938407841005,-0.12404787389373206,0.12404787389373206,DEFICIT_PRESSURE,15
5763.03,2026-06-22 04:00:00,1,1,1.3155372230558582,1.192798147715142,-0.12273907534071626,0.12273907534071626,DEFICIT_PRESSURE,16
6726.01,2026-06-22 04:00:00,2,4,1.2055668415639547,1.30047486026156,0.09490801869760523,0.09490801869760523,SURPLUS_PRESSURE,17
5905.12,2026-06-22 04:00:00,0,1,0.8399409779456257,0.7754892758453422,-0.0644517021002835,0.0644517021002835,DEFICIT_PRESSURE,18
5980.10,2026-06-22 04:00:00,1,0,0.36034827519034335,0.29658013792299537,-0.06376813726734798,0.06376813726734798,DEFICIT_PRESSURE,19
5492.05,2026-06-22 04:00:00,0,0,1.1375067615563876,1.1324323575622772,-0.00507440399411041,0.00507440399411041,DEFICIT_PRESSURE,20
6233.04,2026-06-22 05:00:00,0,17,0.35116014481895036,17.85782223793566,17.50666209311671,17.50666209311671,SURPLUS_PRESSURE,1
6822.09,2026-06-22 05:00:00,3,7,2.531955221403381,6.722615518012258,4.190660296608877,4.190660296608877,SURPLUS_PRESSURE,2
5905.14,2026-06-22 05:00:00,3,3,1.6617015133966135,5.555824272652638,3.894122759256024,3.894122759256024,SURPLUS_PRESSURE,3
6173.08,2026-06-22 05:00:00,1,4,1.0722847487257512,4.5925202411802,3.5202354924544483,3.5202354924544483,SURPLUS_PRESSURE,4
6948.10,2026-06-22 05:00:00,2,0,1.650083659826062,4.768663962226452,3.1185803024003906,3.1185803024003906,SURPLUS_PRESSURE,5
6140.05,2026-06-22 05:00:00,4,5,2.071760177984009,5.041186658138433,2.969426480154424,2.969426480154424,SURPLUS_PRESSURE,6
6912.01,2026-06-22 05:00:00,0,1,1.1383581544152415,3.5433736288646984,2.405015474449457,2.405015474449457,SURPLUS_PRESSURE,7
5763.03,2026-06-22 05:00:00,4,2,2.763985098248773,1.1853907412030227,-1.5785943570457504,1.5785943570457504,DEFICIT_PRESSURE,8
6459.07,2026-06-22 05:00:00,6,1,3.4945797596388086,2.1435844393614847,-1.350995320277324,1.350995320277324,DEFICIT_PRESSURE,9
6726.01,2026-06-22 05:00:00,3,3,4.0373032165991605,5.350075173344433,1.312771956745273,1.312771956745273,SURPLUS_PRESSURE,10
5492.05,2026-06-22 05:00:00,2,1,2.6480574102906327,1.4110062467369104,-1.2370511635537222,1.2370511635537222,DEFICIT_PRESSURE,11
5980.10,2026-06-22 05:00:00,0,1,1.5857547597195063,0.5867995294576892,-0.9989552302618171,0.9989552302618171,DEFICIT_PRESSURE,12
5905.12,2026-06-22 05:00:00,3,4,3.033798903882429,2.0629790789470643,-0.9708198249353646,0.9708198249353646,DEFICIT_PRESSURE,13
5374.01,2026-06-22 05:00:00,1,4,1.1973559436574432,2.062627726823021,0.8652717831655776,0.8652717831655776,SURPLUS_PRESSURE,14
6432.09,2026-06-22 05:00:00,5,4,4.675685030856438,5.536824510804596,0.8611394799481582,0.8611394799481582,SURPLUS_PRESSURE,15
6072.06,2026-06-22 05:00:00,2,0,1.960658252663999,1.3521863995642278,-0.6084718530997713,0.6084718530997713,DEFICIT_PRESSURE,16
6364.07,2026-06-22 05:00:00,7,0,1.6707392290359713,2.06264721758734,0.39190798855136855,0.39190798855136855,SURPLUS_PRESSURE,17
6331.01,2026-06-22 05:00:00,7,6,5.043673566546018,4.658247289750673,-0.3854262767953456,0.3854262767953456,DEFICIT_PRESSURE,18
5712.03,2026-06-22 05:00:00,0,1,1.9223705605483752,2.2954379811751435,0.37306742062676834,0.37306742062676834,SURPLUS_PRESSURE,19
6492.08,2026-06-22 05:00:00,4,4,2.803371735985516,2.7394896073281125,-0.06388212865740339,0.06388212865740339,DEFICIT_PRESSURE,20
6822.09,2026-06-22 06:00:00,11,42,5.476170813589603,40.18263697186406,34.70646615827446,34.70646615827446,SURPLUS_PRESSURE,1
6233.04,2026-06-22 06:00:00,3,25,4.549109844679268,20.788084058482845,16.238974213803576,16.238974213803576,SURPLUS_PRESSURE,2
6364.07,2026-06-22 06:00:00,18,6,14.564325729613426,5.394799804877111,-9.169525924736316,9.169525924736316,DEFICIT_PRESSURE,3
6726.01,2026-06-22 06:00:00,31,8,15.998887575461724,8.157703662036237,-7.841183913425487,7.841183913425487,DEFICIT_PRESSURE,4
6432.09,2026-06-22 06:00:00,16,28,14.9276235339754,22.51182159867898,7.584198064703582,7.584198064703582,SURPLUS_PRESSURE,5
6912.01,2026-06-22 06:00:00,6,14,5.7586842906524085,12.69819027168831,6.939505981035901,6.939505981035901,SURPLUS_PRESSURE,6
6173.08,2026-06-22 06:00:00,2,10,6.435230403974368,11.35012700871375,4.914896604739382,4.914896604739382,SURPLUS_PRESSURE,7
6459.07,2026-06-22 06:00:00,12,9,10.948015458219482,6.608665043290045,-4.339350414929437,4.339350414929437,DEFICIT_PRESSURE,8
6948.10,2026-06-22 06:00:00,6,12,7.3039076345226075,11.567399446107862,4.263491811585254,4.263491811585254,SURPLUS_PRESSURE,9
5980.10,2026-06-22 06:00:00,12,1,5.473317193453955,2.1690497663210597,-3.304267427132895,3.304267427132895,DEFICIT_PRESSURE,10
5905.14,2026-06-22 06:00:00,6,14,5.564568838621602,7.853579973110049,2.2890111344884474,2.2890111344884474,SURPLUS_PRESSURE,11
6072.06,2026-06-22 06:00:00,9,9,5.036600725285671,7.229330200088644,2.1927294748029738,2.1927294748029738,SURPLUS_PRESSURE,12
5905.12,2026-06-22 06:00:00,7,16,9.060012536741414,11.201655855720498,2.1416433189790833,2.1416433189790833,SURPLUS_PRESSURE,13
6492.08,2026-06-22 06:00:00,14,17,10.571941661102137,12.433057347174502,1.861115686072365,1.861115686072365,SURPLUS_PRESSURE,14
5492.05,2026-06-22 06:00:00,3,1,6.389774801035684,4.8719451756958545,-1.5178296253398296,1.5178296253398296,DEFICIT_PRESSURE,15
6140.05,2026-06-22 06:00:00,7,12,10.37608991365247,11.844123793712388,1.4680338800599184,1.4680338800599184,SURPLUS_PRESSURE,16
5374.01,2026-06-22 06:00:00,9,5,5.641912958425064,6.691140384287496,1.0492274258624317,1.0492274258624317,SURPLUS_PRESSURE,17
5712.03,2026-06-22 06:00:00,2,12,6.772822849766855,7.353178276234709,0.5803554264678539,0.5803554264678539,SURPLUS_PRESSURE,18
5763.03,2026-06-22 06:00:00,17,5,7.645332084326493,7.118769092019092,-0.5265629923074009,0.5265629923074009,DEFICIT_PRESSURE,19
6331.01,2026-06-22 06:00:00,14,16,9.593980660946958,9.174454085892132,-0.41952657505482627,0.41952657505482627,DEFICIT_PRESSURE,20
6822.09,2026-06-22 07:00:00,14,52,21.128445741758245,43.72459405965397,22.59614831789572,22.59614831789572,SURPLUS_PRESSURE,1
5712.03,2026-06-22 07:00:00,23,38,12.268670583213195,32.29830111131479,20.0296305281016,20.0296305281016,SURPLUS_PRESSURE,2
6173.08,2026-06-22 07:00:00,8,22,5.766171266352318,21.292955073758723,15.526783807406405,15.526783807406405,SURPLUS_PRESSURE,3
6364.07,2026-06-22 07:00:00,13,13,31.37427267952983,15.890410786076181,-15.48386189345365,15.48386189345365,DEFICIT_PRESSURE,4
6726.01,2026-06-22 07:00:00,21,10,25.73415416413867,11.048517133052378,-14.68563703108629,14.68563703108629,DEFICIT_PRESSURE,5
5980.10,2026-06-22 07:00:00,16,1,17.961504903181194,3.7849845945983707,-14.176520308582823,14.176520308582823,DEFICIT_PRESSURE,6
6432.09,2026-06-22 07:00:00,38,54,34.94201715767401,48.60109698002731,13.659079822353299,13.659079822353299,SURPLUS_PRESSURE,7
6492.08,2026-06-22 07:00:00,21,37,21.666974322503073,31.67280072353311,10.005826401030038,10.005826401030038,SURPLUS_PRESSURE,8
5905.12,2026-06-22 07:00:00,9,23,12.477514340111325,22.277396923926695,9.79988258381537,9.79988258381537,SURPLUS_PRESSURE,9
5763.03,2026-06-22 07:00:00,21,6,14.815872578731076,7.630340010615303,-7.185532568115773,7.185532568115773,DEFICIT_PRESSURE,10
6072.06,2026-06-22 07:00:00,10,7,17.691449720333967,11.264571420799369,-6.426878299534598,6.426878299534598,DEFICIT_PRESSURE,11
6948.10,2026-06-22 07:00:00,17,31,17.115852124687297,21.89922213816132,4.783370013474023,4.783370013474023,SURPLUS_PRESSURE,12
5905.14,2026-06-22 07:00:00,16,20,17.012173876138075,21.560962257141604,4.548788381003529,4.548788381003529,SURPLUS_PRESSURE,13
6140.05,2026-06-22 07:00:00,22,25,19.647962826777015,22.940673509838106,3.2927106830610917,3.2927106830610917,SURPLUS_PRESSURE,14
6331.01,2026-06-22 07:00:00,20,17,21.384650087449323,20.487265299556903,-0.8973847878924204,0.8973847878924204,DEFICIT_PRESSURE,15
6459.07,2026-06-22 07:00:00,12,13,21.09823859176561,20.22309535845055,-0.875143233315061,0.875143233315061,DEFICIT_PRESSURE,16
6233.04,2026-06-22 07:00:00,21,21,26.196696115288233,26.988200168718755,0.791504053430522,0.791504053430522,SURPLUS_PRESSURE,17
6912.01,2026-06-22 07:00:00,11,15,21.482138575605678,22.102249228362506,0.6201106527568285,0.6201106527568285,SURPLUS_PRESSURE,18
5374.01,2026-06-22 07:00:00,9,14,12.27490716655624,11.92525000457488,-0.34965716198136043,0.34965716198136043,DEFICIT_PRESSURE,19
5492.05,2026-06-22 07:00:00,7,18,14.009846922084153,13.76949359842397,-0.24035332366018203,0.24035332366018203,DEFICIT_PRESSURE,20
6492.08,2026-06-22 08:00:00,37,98,44.39740702400708,79.76085164835165,35.36344462434457,35.36344462434457,SURPLUS_PRESSURE,1
6173.08,2026-06-22 08:00:00,17,68,20.92713455096571,56.087920329670354,35.16078577870464,35.16078577870464,SURPLUS_PRESSURE,2
5980.10,2026-06-22 08:00:00,27,8,37.23694791515722,2.1616971451169618,-35.075250770040256,35.075250770040256,DEFICIT_PRESSURE,3
6822.09,2026-06-22 08:00:00,37,56,34.052200286097346,57.29429607892108,23.242095792823733,23.242095792823733,SURPLUS_PRESSURE,4
5905.12,2026-06-22 08:00:00,32,56,25.194761456136444,47.70523214285714,22.510470686720698,22.510470686720698,SURPLUS_PRESSURE,5
5712.03,2026-06-22 08:00:00,38,48,44.14109353126316,62.83830583305586,18.697212301792703,18.697212301792703,SURPLUS_PRESSURE,6
6233.04,2026-06-22 08:00:00,51,32,50.20907367241154,34.76451026441273,-15.444563407998814,15.444563407998814,DEFICIT_PRESSURE,7
6140.05,2026-06-22 08:00:00,57,59,38.455985677167774,53.5229880952381,15.067002418070324,15.067002418070324,SURPLUS_PRESSURE,8
6912.01,2026-06-22 08:00:00,29,45,30.824740259740246,43.61540070478047,12.790660445040224,12.790660445040224,SURPLUS_PRESSURE,9
5763.03,2026-06-22 08:00:00,19,22,26.991631610718184,14.878547524939435,-12.113084085778748,12.113084085778748,DEFICIT_PRESSURE,10
5905.14,2026-06-22 08:00:00,29,32,26.06043313484513,35.55119031243522,9.490757177590087,9.490757177590087,SURPLUS_PRESSURE,11
6432.09,2026-06-22 08:00:00,52,66,51.71111242040244,59.75825618131867,8.047143760916228,8.047143760916228,SURPLUS_PRESSURE,12
5492.05,2026-06-22 08:00:00,15,24,19.667864456349754,27.517541702807353,7.849677246457599,7.849677246457599,SURPLUS_PRESSURE,13
6726.01,2026-06-22 08:00:00,19,20,25.730362041433196,20.7867786987846,-4.943583342648594,4.943583342648594,DEFICIT_PRESSURE,14
6948.10,2026-06-22 08:00:00,39,36,31.388234550889717,35.943306776304226,4.555072225414509,4.555072225414509,SURPLUS_PRESSURE,15
6072.06,2026-06-22 08:00:00,16,19,22.604759047711422,19.985085351396304,-2.619673696315118,2.619673696315118,DEFICIT_PRESSURE,16
5374.01,2026-06-22 08:00:00,29,22,28.292659690564868,26.397641748516932,-1.8950179420479358,1.8950179420479358,DEFICIT_PRESSURE,17
6364.07,2026-06-22 08:00:00,25,25,23.753353287480895,25.59206980176459,1.8387165142836963,1.8387165142836963,SURPLUS_PRESSURE,18
6459.07,2026-06-22 08:00:00,50,62,33.96351669849807,35.6924463397011,1.728929641203031,1.728929641203031,SURPLUS_PRESSURE,19
6331.01,2026-06-22 08:00:00,28,34,27.026065782701448,28.720569126220667,1.6945033435192194,1.6945033435192194,SURPLUS_PRESSURE,20
6492.08,2026-06-22 09:00:00,22,66,28.08623998517508,75.80834523809523,47.722105252920144,47.722105252920144,SURPLUS_PRESSURE,1
6173.08,2026-06-22 09:00:00,15,37,17.91157716533146,52.43215824814075,34.52058108280929,34.52058108280929,SURPLUS_PRESSURE,2
5980.10,2026-06-22 09:00:00,32,11,36.54900980255122,9.764787160868465,-26.784222641682753,26.784222641682753,DEFICIT_PRESSURE,3
6822.09,2026-06-22 09:00:00,16,41,23.883760610278017,48.781813893475395,24.898053283197378,24.898053283197378,SURPLUS_PRESSURE,4
6140.05,2026-06-22 09:00:00,35,62,39.46165711704375,61.791138711265404,22.329481594221654,22.329481594221654,SURPLUS_PRESSURE,5
6432.09,2026-06-22 09:00:00,27,59,31.44647472522704,50.30510959704627,18.858634871819227,18.858634871819227,SURPLUS_PRESSURE,6
6912.01,2026-06-22 09:00:00,13,50,26.753135710414412,41.44670516544609,14.693569455031678,14.693569455031678,SURPLUS_PRESSURE,7
6459.07,2026-06-22 09:00:00,19,16,34.35726158955042,47.19112115601688,12.833859566466458,12.833859566466458,SURPLUS_PRESSURE,8
5905.12,2026-06-22 09:00:00,42,34,25.68735775313118,35.05645722627486,9.369099473143677,9.369099473143677,SURPLUS_PRESSURE,9
5374.01,2026-06-22 09:00:00,24,18,27.977906092114264,21.045677200925976,-6.932228891188288,6.932228891188288,DEFICIT_PRESSURE,10
6726.01,2026-06-22 09:00:00,5,6,23.006513059871725,16.926440795876793,-6.080072263994932,6.080072263994932,DEFICIT_PRESSURE,11
5712.03,2026-06-22 09:00:00,31,52,33.51821445406513,39.051319357614304,5.533104903549173,5.533104903549173,SURPLUS_PRESSURE,12
6331.01,2026-06-22 09:00:00,37,31,26.44147135319934,31.235024741001247,4.793553387801907,4.793553387801907,SURPLUS_PRESSURE,13
5492.05,2026-06-22 09:00:00,19,24,17.319074067656935,21.165851784156857,3.846777716499922,3.846777716499922,SURPLUS_PRESSURE,14
6072.06,2026-06-22 09:00:00,27,27,18.49096072282586,21.44922021439975,2.958259491573891,2.958259491573891,SURPLUS_PRESSURE,15
6233.04,2026-06-22 09:00:00,25,25,36.370325107832926,34.229465877889226,-2.1408592299437004,2.1408592299437004,DEFICIT_PRESSURE,16
5763.03,2026-06-22 09:00:00,22,19,17.215676054051347,16.086143012328126,-1.1295330417232208,1.1295330417232208,DEFICIT_PRESSURE,17
6948.10,2026-06-22 09:00:00,27,38,38.196836983723955,38.94935214460272,0.7525151608787652,0.7525151608787652,SURPLUS_PRESSURE,18
6364.07,2026-06-22 09:00:00,28,29,20.84713304725813,21.494310160464032,0.6471771132059025,0.6471771132059025,SURPLUS_PRESSURE,19
5905.14,2026-06-22 09:00:00,21,31,25.356705122718566,25.366281876972817,0.009576754254251085,0.009576754254251085,SURPLUS_PRESSURE,20
5980.10,2026-06-22 10:00:00,23,6,20.062902027697348,10.649343624494225,-9.413558403203123,9.413558403203123,DEFICIT_PRESSURE,1
6072.06,2026-06-22 10:00:00,12,17,16.603556233853517,23.895517163444293,7.2919609295907755,7.2919609295907755,SURPLUS_PRESSURE,2
5492.05,2026-06-22 10:00:00,9,11,15.625110969101089,21.57413188184083,5.949020912739742,5.949020912739742,SURPLUS_PRESSURE,3
6140.05,2026-06-22 10:00:00,28,45,24.9263321428656,30.1691265503615,5.2427944074959,5.2427944074959,SURPLUS_PRESSURE,4
6233.04,2026-06-22 10:00:00,20,19,22.284140856525628,27.314413482633878,5.03027262610825,5.03027262610825,SURPLUS_PRESSURE,5
5905.12,2026-06-22 10:00:00,19,18,28.656547803052703,23.915908765097097,-4.7406390379556065,4.7406390379556065,DEFICIT_PRESSURE,6
6492.08,2026-06-22 10:00:00,18,26,18.44303094107038,23.176493103853254,4.733462162782875,4.733462162782875,SURPLUS_PRESSURE,7
6822.09,2026-06-22 10:00:00,8,17,13.298013289529722,17.805901709006854,4.507888419477132,4.507888419477132,SURPLUS_PRESSURE,8
6912.01,2026-06-22 10:00:00,17,12,25.413938408383615,29.42770315050574,4.013764742122124,4.013764742122124,SURPLUS_PRESSURE,9
6432.09,2026-06-22 10:00:00,10,11,14.926589864755922,17.919641819366653,2.9930519546107313,2.9930519546107313,SURPLUS_PRESSURE,10
5905.14,2026-06-22 10:00:00,12,10,15.657688375224977,18.59679431381268,2.939105938587703,2.939105938587703,SURPLUS_PRESSURE,11
6173.08,2026-06-22 10:00:00,13,16,17.434422067118064,15.24438798470757,-2.1900340824104934,2.1900340824104934,DEFICIT_PRESSURE,12
6331.01,2026-06-22 10:00:00,15,16,18.476073780140524,20.463299442448537,1.9872256623080133,1.9872256623080133,SURPLUS_PRESSURE,13
5712.03,2026-06-22 10:00:00,23,23,22.795853800192475,21.222820650863966,-1.5730331493285092,1.5730331493285092,DEFICIT_PRESSURE,14
6726.01,2026-06-22 10:00:00,10,14,9.386939678948696,10.696808879262337,1.3098692003136403,1.3098692003136403,SURPLUS_PRESSURE,15
6948.10,2026-06-22 10:00:00,27,23,23.569496333143366,24.63494779655026,1.0654514634068946,1.0654514634068946,SURPLUS_PRESSURE,16
5763.03,2026-06-22 10:00:00,15,18,16.429697428952515,17.122200747628504,0.692503318675989,0.692503318675989,SURPLUS_PRESSURE,17
5374.01,2026-06-22 10:00:00,20,13,17.71903819075003,17.210073844474934,-0.5089643462750963,0.5089643462750963,DEFICIT_PRESSURE,18
6364.07,2026-06-22 10:00:00,11,19,18.50104412944841,18.69060294123328,0.18955881178487033,0.18955881178487033,SURPLUS_PRESSURE,19
6459.07,2026-06-22 10:00:00,17,20,19.198909534036396,19.015852441594735,-0.18305709244166124,0.18305709244166124,DEFICIT_PRESSURE,20
5980.10,2026-06-22 11:00:00,22,9,29.042608595132585,9.309050191955851,-19.733558403176733,19.733558403176733,DEFICIT_PRESSURE,1
6492.08,2026-06-22 11:00:00,16,18,19.46801640076925,29.223206476817914,9.755190076048663,9.755190076048663,SURPLUS_PRESSURE,2
5763.03,2026-06-22 11:00:00,12,13,11.723289919488323,19.609569171057437,7.886279251569114,7.886279251569114,SURPLUS_PRESSURE,3
6459.07,2026-06-22 11:00:00,16,9,15.95214613987134,21.998469803294434,6.0463236634230935,6.0463236634230935,SURPLUS_PRESSURE,4
6948.10,2026-06-22 11:00:00,26,20,26.873645776356952,21.595927754089267,-5.277718022267685,5.277718022267685,DEFICIT_PRESSURE,5
6822.09,2026-06-22 11:00:00,19,14,11.60453843877943,16.458462158875633,4.853923720096203,4.853923720096203,SURPLUS_PRESSURE,6
5905.12,2026-06-22 11:00:00,8,19,24.12910768818485,19.445280737187232,-4.6838269509976165,4.6838269509976165,DEFICIT_PRESSURE,7
6912.01,2026-06-22 11:00:00,23,14,25.817495455577262,21.950676880733926,-3.866818574843336,3.866818574843336,DEFICIT_PRESSURE,8
5374.01,2026-06-22 11:00:00,10,12,19.032257811568194,15.995867213613446,-3.036390597954748,3.036390597954748,DEFICIT_PRESSURE,9
6140.05,2026-06-22 11:00:00,23,31,31.50124704323899,34.48378774126712,2.9825406980281315,2.9825406980281315,SURPLUS_PRESSURE,10
6726.01,2026-06-22 11:00:00,15,11,14.981014163986693,12.898607388295957,-2.0824067756907354,2.0824067756907354,DEFICIT_PRESSURE,11
6364.07,2026-06-22 11:00:00,16,14,15.934922844186058,17.822831126493835,1.8879082823077766,1.8879082823077766,SURPLUS_PRESSURE,12
5712.03,2026-06-22 11:00:00,10,17,25.05994960448465,23.253613307972316,-1.8063362965123346,1.8063362965123346,DEFICIT_PRESSURE,13
5492.05,2026-06-22 11:00:00,11,9,18.589292812289013,17.142654169272237,-1.446638643016776,1.446638643016776,DEFICIT_PRESSURE,14
6331.01,2026-06-22 11:00:00,15,16,19.625353110931204,18.493291783539075,-1.1320613273921296,1.1320613273921296,DEFICIT_PRESSURE,15
6233.04,2026-06-22 11:00:00,12,24,25.95854294329618,24.871726399877183,-1.0868165434189976,1.0868165434189976,DEFICIT_PRESSURE,16
6072.06,2026-06-22 11:00:00,17,13,15.988342110998422,16.99983678608882,1.0114946750903986,1.0114946750903986,SURPLUS_PRESSURE,17
6173.08,2026-06-22 11:00:00,17,17,18.829096253676823,18.03705902441641,-0.7920372292604121,0.7920372292604121,DEFICIT_PRESSURE,18
6432.09,2026-06-22 11:00:00,11,3,14.736611592581731,14.483580055657672,-0.253031536924059,0.253031536924059,DEFICIT_PRESSURE,19
5905.14,2026-06-22 11:00:00,9,11,16.94968770383803,17.00840640194114,0.058718698103110256,0.058718698103110256,SURPLUS_PRESSURE,20
5980.10,2026-06-22 12:00:00,25,4,23.456645631399546,10.512364182071801,-12.944281449327745,12.944281449327745,DEFICIT_PRESSURE,1
6233.04,2026-06-22 12:00:00,28,24,22.70291830391875,34.559281569327645,11.856363265408895,11.856363265408895,SURPLUS_PRESSURE,2
6140.05,2026-06-22 12:00:00,30,30,24.833209629635835,34.21502887337727,9.381819243741436,9.381819243741436,SURPLUS_PRESSURE,3
5905.12,2026-06-22 12:00:00,26,24,17.270349675277156,22.501841299099084,5.231491623821928,5.231491623821928,SURPLUS_PRESSURE,4
6432.09,2026-06-22 12:00:00,13,14,14.329033334416211,9.347280756925636,-4.981752577490575,4.981752577490575,DEFICIT_PRESSURE,5
6459.07,2026-06-22 12:00:00,23,13,21.909763970816144,17.267533108079714,-4.6422308627364295,4.6422308627364295,DEFICIT_PRESSURE,6
6492.08,2026-06-22 12:00:00,31,22,25.483742297215827,21.324739761986265,-4.159002535229561,4.159002535229561,DEFICIT_PRESSURE,7
6912.01,2026-06-22 12:00:00,15,23,37.68816836295727,33.62325059038459,-4.064917772572677,4.064917772572677,DEFICIT_PRESSURE,8
5712.03,2026-06-22 12:00:00,20,15,19.9675261198916,23.335914221952585,3.3683881020609867,3.3683881020609867,SURPLUS_PRESSURE,9
5905.14,2026-06-22 12:00:00,23,33,16.561220810259098,19.829642453032587,3.2684216427734896,3.2684216427734896,SURPLUS_PRESSURE,10
6822.09,2026-06-22 12:00:00,19,18,19.560932026651134,16.630263222139128,-2.930668804512006,2.930668804512006,DEFICIT_PRESSURE,11
6173.08,2026-06-22 12:00:00,18,16,20.163653030816374,22.73550238855864,2.5718493577422663,2.5718493577422663,SURPLUS_PRESSURE,12
5492.05,2026-06-22 12:00:00,25,23,16.015876586587652,17.519931978159565,1.5040553915719137,1.5040553915719137,SURPLUS_PRESSURE,13
6948.10,2026-06-22 12:00:00,34,24,27.002727389074423,25.679524947145794,-1.323202441928629,1.323202441928629,DEFICIT_PRESSURE,14
5763.03,2026-06-22 12:00:00,17,11,17.525187456631357,18.785993440845203,1.260805984213846,1.260805984213846,SURPLUS_PRESSURE,15
6072.06,2026-06-22 12:00:00,14,20,18.22086173720409,19.34528685980326,1.1244251225991704,1.1244251225991704,SURPLUS_PRESSURE,16
5374.01,2026-06-22 12:00:00,11,11,15.308255665685254,14.438033422321336,-0.8702222433639175,0.8702222433639175,DEFICIT_PRESSURE,17
6331.01,2026-06-22 12:00:00,16,28,19.438218256308303,20.233099570188223,0.7948813138799196,0.7948813138799196,SURPLUS_PRESSURE,18
6364.07,2026-06-22 12:00:00,17,24,18.016490952351244,17.452114395862935,-0.564376556488309,0.564376556488309,DEFICIT_PRESSURE,19
6726.01,2026-06-22 12:00:00,10,14,20.56785044735585,20.590168625798995,0.022318178443146763,0.022318178443146763,SURPLUS_PRESSURE,20
5980.10,2026-06-22 13:00:00,21,5,26.76614134581722,4.438690419061523,-22.3274509267557,22.3274509267557,DEFICIT_PRESSURE,1
6912.01,2026-06-22 13:00:00,24,21,21.0761666410733,35.28250998138321,14.206343340309907,14.206343340309907,SURPLUS_PRESSURE,2
6492.08,2026-06-22 13:00:00,30,27,29.322458413290825,20.371012971046547,-8.951445442244278,8.951445442244278,DEFICIT_PRESSURE,3
6140.05,2026-06-22 13:00:00,40,35,34.932418294962275,27.887272140268998,-7.045146154693278,7.045146154693278,DEFICIT_PRESSURE,4
6072.06,2026-06-22 13:00:00,18,19,14.545163003892087,20.040262776729577,5.49509977283749,5.49509977283749,SURPLUS_PRESSURE,5
6459.07,2026-06-22 13:00:00,31,24,24.018070118326932,18.8528910583661,-5.165179059960831,5.165179059960831,DEFICIT_PRESSURE,6
6726.01,2026-06-22 13:00:00,19,30,17.817470791421588,22.50644484646421,4.688974055042621,4.688974055042621,SURPLUS_PRESSURE,7
5492.05,2026-06-22 13:00:00,21,24,25.41811566878875,20.881617195629225,-4.536498473159526,4.536498473159526,DEFICIT_PRESSURE,8
6331.01,2026-06-22 13:00:00,18,26,22.070886219402492,26.275245828449165,4.204359609046673,4.204359609046673,SURPLUS_PRESSURE,9
6432.09,2026-06-22 13:00:00,15,12,10.27511394516103,14.236511641324116,3.961397696163086,3.961397696163086,SURPLUS_PRESSURE,10
5905.14,2026-06-22 13:00:00,31,26,24.717382163166757,28.257608988551368,3.540226825384611,3.540226825384611,SURPLUS_PRESSURE,11
6364.07,2026-06-22 13:00:00,15,24,17.58427344180629,21.035683071275827,3.4514096294695378,3.4514096294695378,SURPLUS_PRESSURE,12
6822.09,2026-06-22 13:00:00,18,11,14.04112650455018,17.06431520731905,3.0231887027688717,3.0231887027688717,SURPLUS_PRESSURE,13
5763.03,2026-06-22 13:00:00,12,17,15.8572166054977,18.41965395178456,2.5624373462868615,2.5624373462868615,SURPLUS_PRESSURE,14
5712.03,2026-06-22 13:00:00,28,25,23.74617702223202,21.382426451688325,-2.3637505705436936,2.3637505705436936,DEFICIT_PRESSURE,15
6173.08,2026-06-22 13:00:00,34,27,20.369512827633088,22.687650710275236,2.318137882642148,2.318137882642148,SURPLUS_PRESSURE,16
5374.01,2026-06-22 13:00:00,25,22,16.63198944334579,18.51709589960061,1.8851064562548174,1.8851064562548174,SURPLUS_PRESSURE,17
6233.04,2026-06-22 13:00:00,33,15,33.8603716412366,35.03743097628507,1.177059335048476,1.177059335048476,SURPLUS_PRESSURE,18
6948.10,2026-06-22 13:00:00,28,26,31.554688001880468,30.387346022931116,-1.1673419789493522,1.1673419789493522,DEFICIT_PRESSURE,19
5905.12,2026-06-22 13:00:00,28,31,28.083759218782927,27.31998258031881,-0.7637766384641154,0.7637766384641154,DEFICIT_PRESSURE,20
5980.10,2026-06-22 14:00:00,22,4,24.51568646341065,6.278296666330823,-18.237389797079828,18.237389797079828,DEFICIT_PRESSURE,1
6233.04,2026-06-22 14:00:00,16,18,33.51448264151067,22.234155662555658,-11.28032697895501,11.28032697895501,DEFICIT_PRESSURE,2
6331.01,2026-06-22 14:00:00,24,47,22.00853433520268,32.818604596146926,10.810070260944247,10.810070260944247,SURPLUS_PRESSURE,3
6459.07,2026-06-22 14:00:00,12,11,36.372669486955544,29.28114669035105,-7.091522796604494,7.091522796604494,DEFICIT_PRESSURE,4
5905.14,2026-06-22 14:00:00,13,16,31.880876874611953,27.06246440932835,-4.818412465283604,4.818412465283604,DEFICIT_PRESSURE,5
6364.07,2026-06-22 14:00:00,14,20,16.116074816864124,20.834513742451463,4.718438925587339,4.718438925587339,SURPLUS_PRESSURE,6
6173.08,2026-06-22 14:00:00,20,22,32.22186745062957,27.847377133055293,-4.374490317574274,4.374490317574274,DEFICIT_PRESSURE,7
6822.09,2026-06-22 14:00:00,15,12,21.80063719849275,17.536804798945376,-4.2638323995473755,4.2638323995473755,DEFICIT_PRESSURE,8
6726.01,2026-06-22 14:00:00,14,16,25.45324450946464,29.65530494784444,4.2020604383797995,4.2020604383797995,SURPLUS_PRESSURE,9
6492.08,2026-06-22 14:00:00,16,18,30.895080728582798,26.893479102159432,-4.001601626423366,4.001601626423366,DEFICIT_PRESSURE,10
6432.09,2026-06-22 14:00:00,11,18,18.71084098974545,14.744451394256966,-3.966389595488483,3.966389595488483,DEFICIT_PRESSURE,11
5905.12,2026-06-22 14:00:00,21,30,27.31629008499508,30.65055995811589,3.3342698731208067,3.3342698731208067,SURPLUS_PRESSURE,12
5763.03,2026-06-22 14:00:00,8,9,17.67479564960059,20.980242158456612,3.305446508856022,3.305446508856022,SURPLUS_PRESSURE,13
6948.10,2026-06-22 14:00:00,21,23,28.049660402138105,29.92088669620456,1.871226294066453,1.871226294066453,SURPLUS_PRESSURE,14
5712.03,2026-06-22 14:00:00,17,14,27.827707750698323,26.608428145503694,-1.2192796051946289,1.2192796051946289,DEFICIT_PRESSURE,15
5492.05,2026-06-22 14:00:00,6,5,28.807958493440104,29.48175928585278,0.6738007924126777,0.6738007924126777,SURPLUS_PRESSURE,16
5374.01,2026-06-22 14:00:00,8,13,25.728895703900022,25.152586051618197,-0.5763096522818252,0.5763096522818252,DEFICIT_PRESSURE,17
6140.05,2026-06-22 14:00:00,28,25,39.099459805421446,39.66606854485504,0.5666087394335904,0.5666087394335904,SURPLUS_PRESSURE,18
6072.06,2026-06-22 14:00:00,20,18,20.134232884949494,19.667460812125572,-0.46677207282392175,0.46677207282392175,DEFICIT_PRESSURE,19
6912.01,2026-06-22 14:00:00,12,20,30.80539527504642,31.226152863991892,0.42075758894547377,0.42075758894547377,SURPLUS_PRESSURE,20
5980.10,2026-06-22 15:00:00,18,2,26.03940724046462,3.279695361565224,-22.759711878899395,22.759711878899395,DEFICIT_PRESSURE,1
6331.01,2026-06-22 15:00:00,21,21,30.55047473852486,48.561945678986305,18.011470940461447,18.011470940461447,SURPLUS_PRESSURE,2
6912.01,2026-06-22 15:00:00,12,12,21.89769011985688,33.76709079830387,11.86940067844699,11.86940067844699,SURPLUS_PRESSURE,3
6364.07,2026-06-22 15:00:00,5,19,17.61546819614196,28.036325683762442,10.42085748762048,10.42085748762048,SURPLUS_PRESSURE,4
6432.09,2026-06-22 15:00:00,17,15,16.37909652272286,23.483032853761074,7.103936331038213,7.103936331038213,SURPLUS_PRESSURE,5
6140.05,2026-06-22 15:00:00,12,22,34.27519981492717,30.095069292426547,-4.1801305225006224,4.1801305225006224,DEFICIT_PRESSURE,6
5905.14,2026-06-22 15:00:00,14,16,19.60345394523344,23.325334030761063,3.721880085527623,3.721880085527623,SURPLUS_PRESSURE,7
6233.04,2026-06-22 15:00:00,17,20,25.568368216296435,28.78790505442808,3.2195368381316456,3.2195368381316456,SURPLUS_PRESSURE,8
6822.09,2026-06-22 15:00:00,16,9,21.948943759360112,18.737637127100303,-3.2113066322598094,3.2113066322598094,DEFICIT_PRESSURE,9
6726.01,2026-06-22 15:00:00,10,18,18.968777234309094,22.110669566623304,3.1418923323142103,3.1418923323142103,SURPLUS_PRESSURE,10
6072.06,2026-06-22 15:00:00,7,18,23.851851810245616,20.736655225216673,-3.1151965850289436,3.1151965850289436,DEFICIT_PRESSURE,11
5905.12,2026-06-22 15:00:00,21,24,31.767395421099813,29.618658765111324,-2.1487366559884897,2.1487366559884897,DEFICIT_PRESSURE,12
6948.10,2026-06-22 15:00:00,7,14,30.823474960965587,28.764082130647356,-2.059392830318231,2.059392830318231,DEFICIT_PRESSURE,13
6492.08,2026-06-22 15:00:00,10,14,24.398484714552097,22.617402230006913,-1.781082484545184,1.781082484545184,DEFICIT_PRESSURE,14
5492.05,2026-06-22 15:00:00,23,17,10.778059718262682,11.995873264832563,1.2178135465698805,1.2178135465698805,SURPLUS_PRESSURE,15
5712.03,2026-06-22 15:00:00,12,17,26.440632583480898,25.27487655630895,-1.1657560271719483,1.1657560271719483,DEFICIT_PRESSURE,16
5763.03,2026-06-22 15:00:00,9,15,18.035292952224253,16.924296433176075,-1.1109965190481788,1.1109965190481788,DEFICIT_PRESSURE,17
6459.07,2026-06-22 15:00:00,11,10,17.29016734792836,18.33799393852814,1.0478265905997795,1.0478265905997795,SURPLUS_PRESSURE,18
5374.01,2026-06-22 15:00:00,12,12,18.30843465312129,18.37333331808937,0.06489866496808006,0.06489866496808006,SURPLUS_PRESSURE,19
6173.08,2026-06-22 15:00:00,18,20,25.156496641107445,25.18962560284553,0.033128961738086105,0.033128961738086105,SURPLUS_PRESSURE,20
5980.10,2026-06-22 16:00:00,8,1,26.610801032568993,5.223603024662254,-21.38719800790674,21.38719800790674,DEFICIT_PRESSURE,1
6948.10,2026-06-22 16:00:00,4,3,12.204592011352036,27.679873332903448,15.475281321551412,15.475281321551412,SURPLUS_PRESSURE,2
6459.07,2026-06-22 16:00:00,2,5,25.90587640567458,15.146528101701085,-10.759348303973495,10.759348303973495,DEFICIT_PRESSURE,3
6331.01,2026-06-22 16:00:00,4,7,27.73957517139627,38.23799974479073,10.498424573394455,10.498424573394455,SURPLUS_PRESSURE,4
6364.07,2026-06-22 16:00:00,3,6,14.53873950908649,24.872130842734077,10.333391333647587,10.333391333647587,SURPLUS_PRESSURE,5
6072.06,2026-06-22 16:00:00,6,8,16.218804591608645,25.724857206999516,9.506052615390871,9.506052615390871,SURPLUS_PRESSURE,6
6140.05,2026-06-22 16:00:00,6,0,26.46532268441304,34.412491525439926,7.947168841026887,7.947168841026887,SURPLUS_PRESSURE,7
5905.14,2026-06-22 16:00:00,2,2,24.279202052674606,32.16233271509932,7.883130662424712,7.883130662424712,SURPLUS_PRESSURE,8
5492.05,2026-06-22 16:00:00,3,6,28.50003625283983,21.16677911148611,-7.3332571413537195,7.3332571413537195,DEFICIT_PRESSURE,9
6822.09,2026-06-22 16:00:00,6,2,23.52717822843032,16.517090716811744,-7.0100875116185755,7.0100875116185755,DEFICIT_PRESSURE,10
6912.01,2026-06-22 16:00:00,4,2,27.878888153148274,34.352241853481225,6.47335370033295,6.47335370033295,SURPLUS_PRESSURE,11
6726.01,2026-06-22 16:00:00,3,4,22.45856727187438,28.63794008526058,6.179372813386202,6.179372813386202,SURPLUS_PRESSURE,12
5763.03,2026-06-22 16:00:00,6,0,19.444011905662432,25.5060593646589,6.062047458996467,6.062047458996467,SURPLUS_PRESSURE,13
6432.09,2026-06-22 16:00:00,3,4,33.28901864267839,27.423371702666174,-5.865646940012219,5.865646940012219,DEFICIT_PRESSURE,14
5712.03,2026-06-22 16:00:00,4,1,24.917987068614334,28.457282704514352,3.539295635900018,3.539295635900018,SURPLUS_PRESSURE,15
5374.01,2026-06-22 16:00:00,2,3,21.266753007315078,19.17897495488069,-2.0877780524343876,2.0877780524343876,DEFICIT_PRESSURE,16
6233.04,2026-06-22 16:00:00,11,3,30.19584690123363,32.20962499999999,2.013778098766359,2.013778098766359,SURPLUS_PRESSURE,17
6173.08,2026-06-22 16:00:00,7,5,24.691853807691196,25.804558803882706,1.1127049961915105,1.1127049961915105,SURPLUS_PRESSURE,18
5905.12,2026-06-22 16:00:00,7,4,27.566730687145945,27.00605517383763,-0.5606755133083148,0.5606755133083148,DEFICIT_PRESSURE,19
6492.08,2026-06-22 16:00:00,3,3,22.02228446275946,22.100074614315528,0.07779015155606928,0.07779015155606928,SURPLUS_PRESSURE,20
5980.10,2026-06-22 17:00:00,13,0,17.72054402333609,2.962921438274332,-14.757622585061757,14.757622585061757,DEFICIT_PRESSURE,1
6072.06,2026-06-22 17:00:00,7,14,8.004356327260204,22.151867967197468,14.147511639937264,14.147511639937264,SURPLUS_PRESSURE,2
6233.04,2026-06-22 17:00:00,26,25,27.122581681872024,14.194318728587909,-12.928262953284115,12.928262953284115,DEFICIT_PRESSURE,3
6331.01,2026-06-22 17:00:00,22,27,6.458831395502115,16.569761437027058,10.110930041524943,10.110930041524943,SURPLUS_PRESSURE,4
5492.05,2026-06-22 17:00:00,17,3,8.431806928296085,18.11780967260471,9.686002744308626,9.686002744308626,SURPLUS_PRESSURE,5
6364.07,2026-06-22 17:00:00,11,21,8.089388328735852,13.833753184228003,5.744364855492151,5.744364855492151,SURPLUS_PRESSURE,6
5763.03,2026-06-22 17:00:00,4,4,12.66327034667507,7.238869300235121,-5.424401046439948,5.424401046439948,DEFICIT_PRESSURE,7
6822.09,2026-06-22 17:00:00,37,4,9.22994880691238,14.610136288054266,5.380187481141885,5.380187481141885,SURPLUS_PRESSURE,8
6912.01,2026-06-22 17:00:00,21,13,8.172192151275913,13.467575397641577,5.295383246365663,5.295383246365663,SURPLUS_PRESSURE,9
6459.07,2026-06-22 17:00:00,18,9,8.785255508796668,13.362209508641286,4.576953999844617,4.576953999844617,SURPLUS_PRESSURE,10
6492.08,2026-06-22 17:00:00,49,16,7.431575141372585,10.927079672475536,3.4955045311029505,3.4955045311029505,SURPLUS_PRESSURE,11
6726.01,2026-06-22 17:00:00,21,36,8.748416762026501,11.782413275323611,3.03399651329711,3.03399651329711,SURPLUS_PRESSURE,12
6173.08,2026-06-22 17:00:00,30,8,10.360241248108501,13.380211598405126,3.0199703502966244,3.0199703502966244,SURPLUS_PRESSURE,13
5905.12,2026-06-22 17:00:00,12,5,8.68041498829515,11.072722197421397,2.3923072091262476,2.3923072091262476,SURPLUS_PRESSURE,14
6948.10,2026-06-22 17:00:00,18,10,7.685533841661726,9.973343962808844,2.2878101211471185,2.2878101211471185,SURPLUS_PRESSURE,15
6432.09,2026-06-22 17:00:00,17,20,9.357905799686456,11.031632848149808,1.673727048463352,1.673727048463352,SURPLUS_PRESSURE,16
5374.01,2026-06-22 17:00:00,19,21,10.252408606963504,8.729265406093305,-1.5231432008701997,1.5231432008701997,DEFICIT_PRESSURE,17
6140.05,2026-06-22 17:00:00,28,14,7.508104398915646,9.011313775922506,1.5032093770068604,1.5032093770068604,SURPLUS_PRESSURE,18
5905.14,2026-06-22 17:00:00,15,15,8.485970921610315,8.975347175032626,0.4893762534223107,0.4893762534223107,SURPLUS_PRESSURE,19
5712.03,2026-06-22 17:00:00,16,21,7.788386352983531,7.67214294294285,-0.11624341004068128,0.11624341004068128,DEFICIT_PRESSURE,20
6173.08,2026-06-22 18:00:00,10,6,48.42609044290994,18.932923682485946,-29.493166760423993,29.493166760423993,DEFICIT_PRESSURE,1
6822.09,2026-06-22 18:00:00,13,4,37.670141608219986,16.202417620729605,-21.46772398749038,21.46772398749038,DEFICIT_PRESSURE,2
5980.10,2026-06-22 18:00:00,10,1,23.507814029537098,2.2133505514200578,-21.29446347811704,21.29446347811704,DEFICIT_PRESSURE,3
6072.06,2026-06-22 18:00:00,8,17,8.996158456167002,29.07609283413155,20.07993437796455,20.07993437796455,SURPLUS_PRESSURE,4
6492.08,2026-06-22 18:00:00,36,6,46.35231071074522,29.571507179056567,-16.780803531688655,16.780803531688655,DEFICIT_PRESSURE,5
5492.05,2026-06-22 18:00:00,9,10,28.72508034820812,12.558981815729869,-16.16609853247825,16.16609853247825,DEFICIT_PRESSURE,6
5712.03,2026-06-22 18:00:00,22,22,30.007223976754776,41.57790211104683,11.570678134292056,11.570678134292056,SURPLUS_PRESSURE,7
6726.01,2026-06-22 18:00:00,18,28,32.330065025613685,43.22914087187547,10.899075846261788,10.899075846261788,SURPLUS_PRESSURE,8
6140.05,2026-06-22 18:00:00,21,21,49.489389379998485,39.117703573091305,-10.37168580690718,10.37168580690718,DEFICIT_PRESSURE,9
6912.01,2026-06-22 18:00:00,16,12,36.6119445187166,28.429025332336856,-8.182919186379742,8.182919186379742,DEFICIT_PRESSURE,10
6459.07,2026-06-22 18:00:00,17,16,27.674956166340063,19.78219207069591,-7.892764095644154,7.892764095644154,DEFICIT_PRESSURE,11
6364.07,2026-06-22 18:00:00,13,18,18.903848033268172,26.262202080426803,7.358354047158631,7.358354047158631,SURPLUS_PRESSURE,12
5905.12,2026-06-22 18:00:00,20,14,20.46929913654807,14.82085383470247,-5.6484453018456,5.6484453018456,DEFICIT_PRESSURE,13
5763.03,2026-06-22 18:00:00,8,11,7.358111074841259,12.391219072467646,5.033107997626387,5.033107997626387,SURPLUS_PRESSURE,14
5374.01,2026-06-22 18:00:00,11,11,30.385733998594716,35.1107519693014,4.725017970706681,4.725017970706681,SURPLUS_PRESSURE,15
6233.04,2026-06-22 18:00:00,20,29,45.53591915287574,50.09498784054529,4.559068687669551,4.559068687669551,SURPLUS_PRESSURE,16
6432.09,2026-06-22 18:00:00,18,12,33.355230763596595,30.446036483913883,-2.909194279682712,2.909194279682712,DEFICIT_PRESSURE,17
5905.14,2026-06-22 18:00:00,14,13,26.34937219247541,29.028918476979563,2.679546284504152,2.679546284504152,SURPLUS_PRESSURE,18
6948.10,2026-06-22 18:00:00,15,11,30.447458420083773,28.18452561327561,-2.2629328068081627,2.2629328068081627,DEFICIT_PRESSURE,19
6331.01,2026-06-22 18:00:00,8,12,32.826378126378124,34.87680379067934,2.0504256643012155,2.0504256643012155,SURPLUS_PRESSURE,20
6233.04,2026-06-22 19:00:00,21,16,32.900853535353534,49.932802838193375,17.03194930283984,17.03194930283984,SURPLUS_PRESSURE,1
5980.10,2026-06-22 19:00:00,10,0,18.82618660016223,3.416296832761179,-15.40988976740105,15.40988976740105,DEFICIT_PRESSURE,2
6492.08,2026-06-22 19:00:00,10,5,27.12296644117233,12.606747122464679,-14.516219318707652,14.516219318707652,DEFICIT_PRESSURE,3
6726.01,2026-06-22 19:00:00,21,20,21.901759484843247,31.006617904868477,9.10485842002523,9.10485842002523,SURPLUS_PRESSURE,4
6173.08,2026-06-22 19:00:00,0,0,22.129766327522006,14.592202266063943,-7.537564061458063,7.537564061458063,DEFICIT_PRESSURE,5
6822.09,2026-06-22 19:00:00,10,3,21.845087441237883,15.711764984477442,-6.133322456760441,6.133322456760441,DEFICIT_PRESSURE,6
6459.07,2026-06-22 19:00:00,8,6,28.902676654469143,34.53144328777636,5.628766633307219,5.628766633307219,SURPLUS_PRESSURE,7
5712.03,2026-06-22 19:00:00,27,22,34.706224220224215,30.3797174747261,-4.326506745498115,4.326506745498115,DEFICIT_PRESSURE,8
5763.03,2026-06-22 19:00:00,7,6,19.03089240748643,23.2812677098101,4.250375302323668,4.250375302323668,SURPLUS_PRESSURE,9
6072.06,2026-06-22 19:00:00,14,10,19.94587607767971,23.27071403360185,3.3248379559221384,3.3248379559221384,SURPLUS_PRESSURE,10
6140.05,2026-06-22 19:00:00,27,13,29.069960260778046,31.911295824343274,2.8413355635652273,2.8413355635652273,SURPLUS_PRESSURE,11
5905.12,2026-06-22 19:00:00,12,6,26.356842561169533,23.57221503929593,-2.7846275218736025,2.7846275218736025,DEFICIT_PRESSURE,12
6948.10,2026-06-22 19:00:00,7,5,21.779043258653687,19.137987345697987,-2.6410559129557,2.6410559129557,DEFICIT_PRESSURE,13
6432.09,2026-06-22 19:00:00,17,7,18.269962605674035,16.379937902651413,-1.8900247030226218,1.8900247030226218,DEFICIT_PRESSURE,14
6331.01,2026-06-22 19:00:00,11,9,14.040841399075497,15.909491289035582,1.8686498899600856,1.8686498899600856,SURPLUS_PRESSURE,15
6364.07,2026-06-22 19:00:00,7,5,23.827686214740257,22.111788069920266,-1.7158981448199917,1.7158981448199917,DEFICIT_PRESSURE,16
5905.14,2026-06-22 19:00:00,18,15,22.31217114818867,21.621869379823757,-0.6903017683649146,0.6903017683649146,DEFICIT_PRESSURE,17
6912.01,2026-06-22 19:00:00,11,2,20.340173685243194,20.70466900950334,0.3644953242601474,0.3644953242601474,SURPLUS_PRESSURE,18
5374.01,2026-06-22 19:00:00,7,16,22.36913691010688,22.539865022017008,0.17072811191012605,0.17072811191012605,SURPLUS_PRESSURE,19
5492.05,2026-06-22 19:00:00,5,5,18.239939830936827,18.399580536606546,0.15964070566971955,0.15964070566971955,SURPLUS_PRESSURE,20
5980.10,2026-06-22 20:00:00,23,1,19.73560453316722,1.472130957138487,-18.263473576028733,18.263473576028733,DEFICIT_PRESSURE,1
5905.12,2026-06-22 20:00:00,13,10,20.48169904726788,12.653357975781724,-7.828341071486157,7.828341071486157,DEFICIT_PRESSURE,2
6459.07,2026-06-22 20:00:00,15,10,18.510978764285696,11.768342695842202,-6.742636068443494,6.742636068443494,DEFICIT_PRESSURE,3
6912.01,2026-06-22 20:00:00,11,4,14.64201818195571,8.64312720427046,-5.9988909776852495,5.9988909776852495,DEFICIT_PRESSURE,4
6072.06,2026-06-22 20:00:00,18,16,19.998095791090584,15.37383093725585,-4.624264853834735,4.624264853834735,DEFICIT_PRESSURE,5
6822.09,2026-06-22 20:00:00,8,8,14.780754850588131,10.318284021492836,-4.462470829095295,4.462470829095295,DEFICIT_PRESSURE,6
5712.03,2026-06-22 20:00:00,28,15,32.230266460626865,28.095176634910658,-4.135089825716207,4.135089825716207,DEFICIT_PRESSURE,7
5374.01,2026-06-22 20:00:00,12,12,12.165415579140017,15.85189727887478,3.686481699734763,3.686481699734763,SURPLUS_PRESSURE,8
6331.01,2026-06-22 20:00:00,14,15,16.0713567625329,12.542948264908086,-3.528408497624815,3.528408497624815,DEFICIT_PRESSURE,9
5492.05,2026-06-22 20:00:00,19,15,10.819492452702644,14.245333619820133,3.4258411671174898,3.4258411671174898,SURPLUS_PRESSURE,10
5763.03,2026-06-22 20:00:00,11,17,11.353900703694917,14.53685609151424,3.182955387819323,3.182955387819323,SURPLUS_PRESSURE,11
6364.07,2026-06-22 20:00:00,8,11,14.090191758562,11.37229739744662,-2.7178943611153805,2.7178943611153805,DEFICIT_PRESSURE,12
6432.09,2026-06-22 20:00:00,12,6,12.663646318763353,9.973173190150224,-2.69047312861313,2.69047312861313,DEFICIT_PRESSURE,13
6948.10,2026-06-22 20:00:00,6,7,12.440040956542727,9.839558110582537,-2.6004828459601903,2.6004828459601903,DEFICIT_PRESSURE,14
6173.08,2026-06-22 20:00:00,0,0,3.036062714647436,5.400861314729608,2.3647986000821715,2.3647986000821715,SURPLUS_PRESSURE,15
6233.04,2026-06-22 20:00:00,21,15,30.947924345169792,28.649216223505647,-2.298708121664145,2.298708121664145,DEFICIT_PRESSURE,16
6140.05,2026-06-22 20:00:00,32,26,25.651308655209558,23.39430368853708,-2.257004966672479,2.257004966672479,DEFICIT_PRESSURE,17
5905.14,2026-06-22 20:00:00,18,14,18.815381056174427,16.581782722403965,-2.2335983337704626,2.2335983337704626,DEFICIT_PRESSURE,18
6726.01,2026-06-22 20:00:00,21,15,19.325794181620207,20.61365387062967,1.287859689009462,1.287859689009462,SURPLUS_PRESSURE,19
6492.08,2026-06-22 20:00:00,17,15,12.39769637870253,13.125055950111612,0.7273595714090817,0.7273595714090817,SURPLUS_PRESSURE,20
5980.10,2026-06-22 21:00:00,7,3,17.3702885456056,1.1724850020380253,-16.197803543567574,16.197803543567574,DEFICIT_PRESSURE,1
5712.03,2026-06-22 21:00:00,18,10,27.48720956819814,20.25029037582964,-7.2369191923685,7.2369191923685,DEFICIT_PRESSURE,2
6726.01,2026-06-22 21:00:00,7,15,23.96621962236453,16.86989988509096,-7.096319737273571,7.096319737273571,DEFICIT_PRESSURE,3
6492.08,2026-06-22 21:00:00,5,1,17.721070914950708,10.679791746575342,-7.041279168375366,7.041279168375366,DEFICIT_PRESSURE,4
5905.12,2026-06-22 21:00:00,10,17,19.184185950016186,12.826439203717653,-6.357746746298533,6.357746746298533,DEFICIT_PRESSURE,5
6140.05,2026-06-22 21:00:00,21,9,18.024468140281027,13.742968188994562,-4.281499951286465,4.281499951286465,DEFICIT_PRESSURE,6
6822.09,2026-06-22 21:00:00,4,1,12.053028041183063,7.835555874329319,-4.217472166853744,4.217472166853744,DEFICIT_PRESSURE,7
6364.07,2026-06-22 21:00:00,9,11,15.492492920822288,11.327631146211216,-4.164861774611072,4.164861774611072,DEFICIT_PRESSURE,8
5374.01,2026-06-22 21:00:00,18,10,16.104236706905553,11.986468440696287,-4.117768266209266,4.117768266209266,DEFICIT_PRESSURE,9
5492.05,2026-06-22 21:00:00,6,7,15.47713709639013,12.227545087657631,-3.249592008732499,3.249592008732499,DEFICIT_PRESSURE,10
6432.09,2026-06-22 21:00:00,8,5,11.758916436865201,8.595158024361291,-3.1637584125039098,3.1637584125039098,DEFICIT_PRESSURE,11
6233.04,2026-06-22 21:00:00,14,12,18.272064827668583,15.54662388606941,-2.7254409415991727,2.7254409415991727,DEFICIT_PRESSURE,12
6459.07,2026-06-22 21:00:00,5,4,15.693395504483727,14.030985898877667,-1.6624096056060598,1.6624096056060598,DEFICIT_PRESSURE,13
5905.14,2026-06-22 21:00:00,14,9,18.342832549364644,17.011478759562973,-1.3313537898016712,1.3313537898016712,DEFICIT_PRESSURE,14
5763.03,2026-06-22 21:00:00,9,8,16.327083124045256,15.166551580157252,-1.1605315438880037,1.1605315438880037,DEFICIT_PRESSURE,15
6331.01,2026-06-22 21:00:00,11,6,12.55320015364287,13.670989756984715,1.117789603341846,1.117789603341846,SURPLUS_PRESSURE,16
6912.01,2026-06-22 21:00:00,9,5,8.862045480301637,7.770321421823792,-1.091724058477845,1.091724058477845,DEFICIT_PRESSURE,17
6173.08,2026-06-22 21:00:00,8,8,2.92626759593484,2.2166838800923814,-0.7095837158424585,0.7095837158424585,DEFICIT_PRESSURE,18
6072.06,2026-06-22 21:00:00,18,14,15.353899265273663,15.806100137343957,0.4522008720702946,0.4522008720702946,SURPLUS_PRESSURE,19
6948.10,2026-06-22 21:00:00,7,7,9.938254335003286,10.358484017047697,0.42022968204441113,0.42022968204441113,SURPLUS_PRESSURE,20
5712.03,2026-06-22 22:00:00,15,4,20.368892304448966,9.036364294619503,-11.332528009829463,11.332528009829463,DEFICIT_PRESSURE,1
5980.10,2026-06-22 22:00:00,4,0,8.415374068005667,2.705234424675311,-5.710139643330356,5.710139643330356,DEFICIT_PRESSURE,2
6331.01,2026-06-22 22:00:00,11,4,11.340219139377753,7.125727162618124,-4.214491976759629,4.214491976759629,DEFICIT_PRESSURE,3
5905.14,2026-06-22 22:00:00,6,5,11.616375691337963,8.727298886712951,-2.8890768046250113,2.8890768046250113,DEFICIT_PRESSURE,4
6364.07,2026-06-22 22:00:00,5,6,11.27890478323502,8.416748150223567,-2.8621566330114536,2.8621566330114536,DEFICIT_PRESSURE,5
6173.08,2026-06-22 22:00:00,18,2,7.879210597083447,5.078871887621656,-2.8003387094617915,2.8003387094617915,DEFICIT_PRESSURE,6
6822.09,2026-06-22 22:00:00,3,4,2.5529446941473917,5.142523222238145,2.5895785280907533,2.5895785280907533,SURPLUS_PRESSURE,7
6140.05,2026-06-22 22:00:00,6,6,9.635087377331987,7.097449971501132,-2.5376374058308544,2.5376374058308544,DEFICIT_PRESSURE,8
6726.01,2026-06-22 22:00:00,7,7,7.468073310270407,9.859246691090656,2.3911733808202484,2.3911733808202484,SURPLUS_PRESSURE,9
6072.06,2026-06-22 22:00:00,2,5,14.527212248906745,12.642835513638685,-1.8843767352680594,1.8843767352680594,DEFICIT_PRESSURE,10
6432.09,2026-06-22 22:00:00,6,3,7.8441304007664305,6.12631805960707,-1.7178123411593607,1.7178123411593607,DEFICIT_PRESSURE,11
5492.05,2026-06-22 22:00:00,1,7,7.289960756816365,8.35875576223527,1.068795005418906,1.068795005418906,SURPLUS_PRESSURE,12
6948.10,2026-06-22 22:00:00,4,5,7.00644026445758,8.074072998679606,1.067632734222026,1.067632734222026,SURPLUS_PRESSURE,13
6912.01,2026-06-22 22:00:00,8,6,7.063328613273523,6.1433173160919,-0.920011297181623,0.920011297181623,DEFICIT_PRESSURE,14
5905.12,2026-06-22 22:00:00,4,7,11.235112173573787,10.884180622868909,-0.35093155070487825,0.35093155070487825,DEFICIT_PRESSURE,15
5374.01,2026-06-22 22:00:00,5,9,13.885241478254663,14.195651582657144,0.3104101044024805,0.3104101044024805,SURPLUS_PRESSURE,16
6233.04,2026-06-22 22:00:00,0,0,10.189841405331409,9.882154517859897,-0.30768688747151174,0.30768688747151174,DEFICIT_PRESSURE,17
6492.08,2026-06-22 22:00:00,4,3,3.096125759009581,2.8052621902488077,-0.29086356876077346,0.29086356876077346,DEFICIT_PRESSURE,18
6459.07,2026-06-22 22:00:00,1,7,7.876467725706471,7.973960525243438,0.09749279953696721,0.09749279953696721,SURPLUS_PRESSURE,19
5763.03,2026-06-22 22:00:00,4,5,12.01265331472785,12.037011592447298,0.02435827771944865,0.02435827771944865,SURPLUS_PRESSURE,20
5712.03,2026-06-22 23:00:00,0,4,15.121779742337486,7.237805885028312,-7.883973857309174,7.883973857309174,DEFICIT_PRESSURE,1
6173.08,2026-06-22 23:00:00,3,2,10.537713287039479,3.197966682166854,-7.339746604872625,7.339746604872625,DEFICIT_PRESSURE,2
5374.01,2026-06-22 23:00:00,5,2,7.874938016520549,12.70510259833329,4.830164581812742,4.830164581812742,SURPLUS_PRESSURE,3
5980.10,2026-06-22 23:00:00,3,0,5.728785780303919,0.9916425003572029,-4.737143279946716,4.737143279946716,DEFICIT_PRESSURE,4
6072.06,2026-06-22 23:00:00,0,0,3.10539303942105,7.237687502518031,4.132294463096981,4.132294463096981,SURPLUS_PRESSURE,5
6459.07,2026-06-22 23:00:00,1,4,4.100977971979604,6.804269802975682,2.7032918309960783,2.7032918309960783,SURPLUS_PRESSURE,6
5763.03,2026-06-22 23:00:00,1,1,8.283320034598967,5.662305241474908,-2.6210147931240586,2.6210147931240586,DEFICIT_PRESSURE,7
6726.01,2026-06-22 23:00:00,3,1,6.941853840887169,8.956252507860533,2.0143986669733644,2.0143986669733644,SURPLUS_PRESSURE,8
6948.10,2026-06-22 23:00:00,3,1,4.806529284994951,2.8071973142722624,-1.9993319707226882,1.9993319707226882,DEFICIT_PRESSURE,9
6912.01,2026-06-22 23:00:00,3,0,6.884647729238654,5.139089702966101,-1.745558026272553,1.745558026272553,DEFICIT_PRESSURE,10
6331.01,2026-06-22 23:00:00,33,2,8.854425407236254,7.12495035631749,-1.7294750509187642,1.7294750509187642,DEFICIT_PRESSURE,11
6364.07,2026-06-22 23:00:00,3,3,4.102307816616527,5.818943088470434,1.7166352718539066,1.7166352718539066,SURPLUS_PRESSURE,12
6432.09,2026-06-22 23:00:00,1,1,4.766122598817466,6.363058192420919,1.5969355936034528,1.5969355936034528,SURPLUS_PRESSURE,13
5492.05,2026-06-22 23:00:00,0,2,5.070904963494186,6.623922195411506,1.5530172319173197,1.5530172319173197,SURPLUS_PRESSURE,14
5905.12,2026-06-22 23:00:00,3,0,4.7622040345092795,5.840917330238938,1.0787132957296581,1.0787132957296581,SURPLUS_PRESSURE,15
6140.05,2026-06-22 23:00:00,2,0,5.047152609754941,6.03847655193072,0.9913239421757787,0.9913239421757787,SURPLUS_PRESSURE,16
5905.14,2026-06-22 23:00:00,2,1,6.084772385870497,5.138607041712726,-0.9461653441577713,0.9461653441577713,DEFICIT_PRESSURE,17
6492.08,2026-06-22 23:00:00,2,0,3.67734827284483,2.8991172021541844,-0.7782310706906457,0.7782310706906457,DEFICIT_PRESSURE,18
6233.04,2026-06-22 23:00:00,0,0,2.472829928331815,2.0841510226890816,-0.38867890564273333,0.38867890564273333,DEFICIT_PRESSURE,19
6822.09,2026-06-22 23:00:00,1,0,3.821689957761887,4.093436502239445,0.2717465444775584,0.2717465444775584,SURPLUS_PRESSURE,20
6331.01,2026-06-23 00:00:00,8,4,19.481140582125107,4.188908956941636,-15.292231625183472,15.292231625183472,DEFICIT_PRESSURE,1
5712.03,2026-06-23 00:00:00,3,2,2.0929792337571977,5.145795479917078,3.0528162461598805,3.0528162461598805,SURPLUS_PRESSURE,2
5980.10,2026-06-23 00:00:00,0,2,3.145800519243889,0.5931639591400955,-2.5526365601037937,2.5526365601037937,DEFICIT_PRESSURE,3
5374.01,2026-06-23 00:00:00,3,1,7.576222646486801,5.402459476516162,-2.1737631699706395,2.1737631699706395,DEFICIT_PRESSURE,4
6948.10,2026-06-23 00:00:00,0,4,3.5201313943849923,1.8279373555716432,-1.6921940388133492,1.6921940388133492,DEFICIT_PRESSURE,5
6822.09,2026-06-23 00:00:00,1,1,3.7891646087393434,2.2312723237424477,-1.5578922849968957,1.5578922849968957,DEFICIT_PRESSURE,6
6726.01,2026-06-23 00:00:00,3,3,3.593808213954365,2.278465230632021,-1.3153429833223438,1.3153429833223438,DEFICIT_PRESSURE,7
6364.07,2026-06-23 00:00:00,1,1,5.85151201879005,4.7430528546274635,-1.1084591641625865,1.1084591641625865,DEFICIT_PRESSURE,8
6173.08,2026-06-23 00:00:00,2,0,2.1705428346086695,3.065885980859301,0.8953431462506316,0.8953431462506316,SURPLUS_PRESSURE,9
6072.06,2026-06-23 00:00:00,4,2,2.2061331240326605,1.5269703721419214,-0.679162751890739,0.679162751890739,DEFICIT_PRESSURE,10
5763.03,2026-06-23 00:00:00,3,4,3.5503296646183866,2.92479526990264,-0.6255343947157468,0.6255343947157468,DEFICIT_PRESSURE,11
6233.04,2026-06-23 00:00:00,0,0,1.291788397011143,0.72707376716926,-0.564714629841883,0.564714629841883,DEFICIT_PRESSURE,12
6140.05,2026-06-23 00:00:00,1,1,2.3783199309666645,1.8516020230204149,-0.5267179079462496,0.5267179079462496,DEFICIT_PRESSURE,13
5905.12,2026-06-23 00:00:00,3,8,3.196804688345312,2.6842098783031902,-0.5125948100421218,0.5125948100421218,DEFICIT_PRESSURE,14
6492.08,2026-06-23 00:00:00,1,2,1.5883028099481737,2.0518132850068254,0.4635104750586516,0.4635104750586516,SURPLUS_PRESSURE,15
5492.05,2026-06-23 00:00:00,2,2,1.6199525305778695,2.0396201969293957,0.4196676663515262,0.4196676663515262,SURPLUS_PRESSURE,16
5905.14,2026-06-23 00:00:00,2,1,1.8386398172796599,1.624842266148697,-0.21379755113096288,0.21379755113096288,DEFICIT_PRESSURE,17
6912.01,2026-06-23 00:00:00,2,0,2.403091478371762,2.225855416794723,-0.1772360615770392,0.1772360615770392,DEFICIT_PRESSURE,18
6459.07,2026-06-23 00:00:00,0,3,1.9235576043626483,1.9966506831312898,0.07309307876864146,0.07309307876864146,SURPLUS_PRESSURE,19
6432.09,2026-06-23 00:00:00,4,3,2.2583776637307142,2.2908714194818907,0.03249375575117641,0.03249375575117641,SURPLUS_PRESSURE,20
6331.01,2026-06-23 01:00:00,2,0,3.756240925593835,1.530923411191931,-2.2253175144019037,2.2253175144019037,DEFICIT_PRESSURE,1
5712.03,2026-06-23 01:00:00,0,0,5.098265181759277,3.053708417066974,-2.0445567646923024,2.0445567646923024,DEFICIT_PRESSURE,2
5905.12,2026-06-23 01:00:00,1,1,1.5914406639235978,3.5741379037314767,1.9826972398078788,1.9826972398078788,SURPLUS_PRESSURE,3
6726.01,2026-06-23 01:00:00,5,1,3.029643082162765,1.0768468152414723,-1.9527962669212928,1.9527962669212928,DEFICIT_PRESSURE,4
5492.05,2026-06-23 01:00:00,0,0,0.9587577003387434,2.2471316846625853,1.288373984323842,1.288373984323842,SURPLUS_PRESSURE,5
6948.10,2026-06-23 01:00:00,2,0,1.7293054581622818,2.847417104952027,1.1181116467897454,1.1181116467897454,SURPLUS_PRESSURE,6
6364.07,2026-06-23 01:00:00,0,0,2.355432484616289,3.4718906208672333,1.1164581362509445,1.1164581362509445,SURPLUS_PRESSURE,7
6459.07,2026-06-23 01:00:00,0,0,1.2159003484482407,2.1422203698190456,0.9263200213708049,0.9263200213708049,SURPLUS_PRESSURE,8
6912.01,2026-06-23 01:00:00,0,1,1.0229855005541362,0.4456645147079209,-0.5773209858462153,0.5773209858462153,DEFICIT_PRESSURE,9
6173.08,2026-06-23 01:00:00,1,1,1.0020046745785711,0.4291137615885729,-0.5728909129899982,0.5728909129899982,DEFICIT_PRESSURE,10
6822.09,2026-06-23 01:00:00,0,1,1.6032178029038096,1.0472689272263656,-0.555948875677444,0.555948875677444,DEFICIT_PRESSURE,11
5374.01,2026-06-23 01:00:00,2,1,1.4108153864646247,1.9270216912361218,0.5162063047714971,0.5162063047714971,SURPLUS_PRESSURE,12
5980.10,2026-06-23 01:00:00,11,0,1.1226148812069203,0.699510281928972,-0.4231045992779483,0.4231045992779483,DEFICIT_PRESSURE,13
6140.05,2026-06-23 01:00:00,0,0,0.7154958081650407,0.40942894254341455,-0.3060668656216261,0.3060668656216261,DEFICIT_PRESSURE,14
5905.14,2026-06-23 01:00:00,0,1,1.1488836191343923,0.8845088222183803,-0.26437479691601196,0.26437479691601196,DEFICIT_PRESSURE,15
6072.06,2026-06-23 01:00:00,1,0,2.214907192040704,2.4184320987901957,0.20352490674949175,0.20352490674949175,SURPLUS_PRESSURE,16
6492.08,2026-06-23 01:00:00,1,0,1.1534692374501083,1.3559582629870643,0.20248902553695602,0.20248902553695602,SURPLUS_PRESSURE,17
5763.03,2026-06-23 01:00:00,0,0,2.571507170554126,2.695754683079289,0.1242475125251632,0.1242475125251632,SURPLUS_PRESSURE,18
6432.09,2026-06-23 01:00:00,0,0,2.137716169010916,2.2368456976022397,0.09912952859132362,0.09912952859132362,SURPLUS_PRESSURE,19
6233.04,2026-06-23 01:00:00,0,0,0.2669273190503269,0.265916528333589,-0.0010107907167379304,0.0010107907167379304,DEFICIT_PRESSURE,20
5980.10,2026-06-23 02:00:00,1,0,3.278324985089315,0.20598591268685912,-3.072339072402456,3.072339072402456,DEFICIT_PRESSURE,1
5763.03,2026-06-23 02:00:00,1,2,2.675757869041223,0.42173296809439764,-2.2540249009468254,2.2540249009468254,DEFICIT_PRESSURE,2
6364.07,2026-06-23 02:00:00,1,1,2.1946225136047417,0.9290620400399989,-1.2655604735647428,1.2655604735647428,DEFICIT_PRESSURE,3
6432.09,2026-06-23 02:00:00,1,0,1.2372805228746673,0.5388801888390905,-0.6984003340355768,0.6984003340355768,DEFICIT_PRESSURE,4
6726.01,2026-06-23 02:00:00,1,1,1.5606475993964006,1.0527338785954106,-0.5079137208009901,0.5079137208009901,DEFICIT_PRESSURE,5
6459.07,2026-06-23 02:00:00,0,1,1.7717179442032296,1.2893469102880561,-0.48237103391517344,0.48237103391517344,DEFICIT_PRESSURE,6
6912.01,2026-06-23 02:00:00,3,2,0.9539402732786093,0.5491134557232771,-0.40482681755533223,0.40482681755533223,DEFICIT_PRESSURE,7
6331.01,2026-06-23 02:00:00,2,0,0.8696554996615062,0.47796831260127826,-0.391687187060228,0.391687187060228,DEFICIT_PRESSURE,8
6822.09,2026-06-23 02:00:00,0,0,0.849357706895105,1.2070850772544495,0.35772737035934443,0.35772737035934443,SURPLUS_PRESSURE,9
5374.01,2026-06-23 02:00:00,1,0,1.092306785993911,0.7757655519466244,-0.3165412340472866,0.3165412340472866,DEFICIT_PRESSURE,10
6948.10,2026-06-23 02:00:00,2,1,0.6176172441807217,0.8756556662175045,0.25803842203678273,0.25803842203678273,SURPLUS_PRESSURE,11
5905.12,2026-06-23 02:00:00,2,0,0.8127505986612232,1.0464877122314211,0.23373711357019789,0.23373711357019789,SURPLUS_PRESSURE,12
5492.05,2026-06-23 02:00:00,1,1,0.3575954930278016,0.5787180673208884,0.2211225742930868,0.2211225742930868,SURPLUS_PRESSURE,13
6072.06,2026-06-23 02:00:00,0,0,0.5551234644062805,0.7487113646684387,0.19358790026215822,0.19358790026215822,SURPLUS_PRESSURE,14
5905.14,2026-06-23 02:00:00,0,0,0.8800981498406724,1.0146570480574637,0.13455889821679134,0.13455889821679134,SURPLUS_PRESSURE,15
6233.04,2026-06-23 02:00:00,0,0,0.18741557947902193,0.30843815207593894,0.12102257259691701,0.12102257259691701,SURPLUS_PRESSURE,16
5712.03,2026-06-23 02:00:00,0,2,0.49563830262633374,0.4456019221104481,-0.05003638051588566,0.05003638051588566,DEFICIT_PRESSURE,17
6140.05,2026-06-23 02:00:00,0,0,0.48673175611160796,0.4500693790591297,-0.03666237705247827,0.03666237705247827,DEFICIT_PRESSURE,18
6173.08,2026-06-23 02:00:00,1,0,0.492131047501115,0.5235235770702411,0.03139252956912608,0.03139252956912608,SURPLUS_PRESSURE,19
6492.08,2026-06-23 02:00:00,0,0,0.42948683753403727,0.4525143481173112,0.023027510583273958,0.023027510583273958,SURPLUS_PRESSURE,20
6364.07,2026-06-23 03:00:00,1,0,2.8997403143801272,0.7884963194860655,-2.111243994894062,2.111243994894062,DEFICIT_PRESSURE,1
6726.01,2026-06-23 03:00:00,0,1,0.3969685611083641,1.8452241949778923,1.448255633869528,1.448255633869528,SURPLUS_PRESSURE,2
6459.07,2026-06-23 03:00:00,1,2,0.5627309792336549,1.7688877965280319,1.206156817294377,1.206156817294377,SURPLUS_PRESSURE,3
6912.01,2026-06-23 03:00:00,0,1,1.2004698533399507,0.6303828912648091,-0.5700869620751416,0.5700869620751416,DEFICIT_PRESSURE,4
5980.10,2026-06-23 03:00:00,1,0,0.7101962509200219,0.16768115300738579,-0.5425150979126361,0.5425150979126361,DEFICIT_PRESSURE,5
5712.03,2026-06-23 03:00:00,0,0,0.46648424196647903,0.8163360086439644,0.34985176667748535,0.34985176667748535,SURPLUS_PRESSURE,6
5374.01,2026-06-23 03:00:00,0,0,1.0446590042662498,0.7469818344000996,-0.2976771698661502,0.2976771698661502,DEFICIT_PRESSURE,7
6072.06,2026-06-23 03:00:00,1,1,0.5355451771145205,0.2729070882453366,-0.26263808886918394,0.26263808886918394,DEFICIT_PRESSURE,8
6331.01,2026-06-23 03:00:00,0,1,0.9696483100143831,0.7442683655299804,-0.22537994448440268,0.22537994448440268,DEFICIT_PRESSURE,9
6140.05,2026-06-23 03:00:00,0,0,0.4668231919349175,0.25225114084935557,-0.21457205108556193,0.21457205108556193,DEFICIT_PRESSURE,10
5763.03,2026-06-23 03:00:00,0,1,0.48321714374557045,0.6893582513982479,0.20614110765267746,0.20614110765267746,SURPLUS_PRESSURE,11
6822.09,2026-06-23 03:00:00,1,1,0.45390701458072674,0.32747831606672556,-0.12642869851400118,0.12642869851400118,DEFICIT_PRESSURE,12
5905.12,2026-06-23 03:00:00,3,0,0.8175951629676459,0.6943788932759205,-0.12321626969172539,0.12321626969172539,DEFICIT_PRESSURE,13
6173.08,2026-06-23 03:00:00,0,0,0.35312238404478974,0.24565677515540726,-0.10746560888938247,0.10746560888938247,DEFICIT_PRESSURE,14
5492.05,2026-06-23 03:00:00,0,0,0.6229325906219392,0.7043895786475971,0.08145698802565793,0.08145698802565793,SURPLUS_PRESSURE,15
6492.08,2026-06-23 03:00:00,0,1,0.45515160395234894,0.5196333736824329,0.06448176973008396,0.06448176973008396,SURPLUS_PRESSURE,16
5905.14,2026-06-23 03:00:00,0,0,0.5015926383069229,0.4612703433960471,-0.0403222949108758,0.0403222949108758,DEFICIT_PRESSURE,17
6948.10,2026-06-23 03:00:00,0,0,0.6599103278524621,0.621685287888273,-0.03822503996418902,0.03822503996418902,DEFICIT_PRESSURE,18
6233.04,2026-06-23 03:00:00,0,0,0.1886940038031485,0.22022503548199676,0.03153103167884827,0.03153103167884827,SURPLUS_PRESSURE,19
6432.09,2026-06-23 03:00:00,0,0,0.520406055341724,0.5383692501611921,0.017963194819468065,0.017963194819468065,SURPLUS_PRESSURE,20
6364.07,2026-06-23 04:00:00,3,1,2.831292811332742,0.9986139139426823,-1.8326788973900596,1.8326788973900596,DEFICIT_PRESSURE,1
6492.08,2026-06-23 04:00:00,0,0,0.3570142584196696,1.4281698782084202,1.0711556197887506,1.0711556197887506,SURPLUS_PRESSURE,2
6459.07,2026-06-23 04:00:00,0,3,0.45200233617270213,1.521776946394763,1.0697746102220609,1.0697746102220609,SURPLUS_PRESSURE,3
6912.01,2026-06-23 04:00:00,1,2,0.7193930950328259,1.7822007820131682,1.0628076869803422,1.0628076869803422,SURPLUS_PRESSURE,4
6822.09,2026-06-23 04:00:00,0,1,0.49770802190567354,1.4376456564817945,0.939937634576121,0.939937634576121,SURPLUS_PRESSURE,5
5905.14,2026-06-23 04:00:00,0,2,0.3908592718677334,1.3059640267639463,0.9151047548962129,0.9151047548962129,SURPLUS_PRESSURE,6
5712.03,2026-06-23 04:00:00,9,1,0.9570285689728568,1.839969482481233,0.8829409135083761,0.8829409135083761,SURPLUS_PRESSURE,7
6140.05,2026-06-23 04:00:00,0,1,0.6339935182267373,1.4539838629522635,0.8199903447255261,0.8199903447255261,SURPLUS_PRESSURE,8
5763.03,2026-06-23 04:00:00,2,3,1.089109632726475,1.8618689690406232,0.7727593363141481,0.7727593363141481,SURPLUS_PRESSURE,9
6331.01,2026-06-23 04:00:00,2,1,1.1659907724241902,1.7914871504871923,0.6254963780630021,0.6254963780630021,SURPLUS_PRESSURE,10
6948.10,2026-06-23 04:00:00,1,1,0.9842945184888885,0.4746583336661255,-0.5096361848227631,0.5096361848227631,DEFICIT_PRESSURE,11
5905.12,2026-06-23 04:00:00,1,2,0.9128112446813393,1.4060480167457876,0.49323677206444827,0.49323677206444827,SURPLUS_PRESSURE,12
6726.01,2026-06-23 04:00:00,2,3,1.6568674162907848,2.1165540649213654,0.4596866486305806,0.4596866486305806,SURPLUS_PRESSURE,13
5980.10,2026-06-23 04:00:00,2,0,0.42679488490928286,0.1879220384449912,-0.23887284646429166,0.23887284646429166,DEFICIT_PRESSURE,14
5374.01,2026-06-23 04:00:00,1,1,1.2382249633455453,1.4472676626842076,0.20904269933866226,0.20904269933866226,SURPLUS_PRESSURE,15
6432.09,2026-06-23 04:00:00,0,1,0.4307576363740313,0.5497974772346838,0.11903984086065245,0.11903984086065245,SURPLUS_PRESSURE,16
5492.05,2026-06-23 04:00:00,1,1,0.3406549208546535,0.3111090911597005,-0.029545829694953007,0.029545829694953007,DEFICIT_PRESSURE,17
6173.08,2026-06-23 04:00:00,0,0,0.303947392711104,0.28918566296641823,-0.014761729744685759,0.014761729744685759,DEFICIT_PRESSURE,18
6233.04,2026-06-23 04:00:00,0,0,0.2444876741966366,0.2500909094860494,0.0056032352894127835,0.0056032352894127835,SURPLUS_PRESSURE,19
6072.06,2026-06-23 04:00:00,2,1,0.5361272145675827,0.5322571204882857,-0.0038700940792970595,0.0038700940792970595,DEFICIT_PRESSURE,20
6233.04,2026-06-23 05:00:00,0,22,0.41864691525816733,13.248837171816369,12.830190256558202,12.830190256558202,SURPLUS_PRESSURE,1
6364.07,2026-06-23 05:00:00,5,0,7.746408013497054,2.126596128199361,-5.619811885297693,5.619811885297693,DEFICIT_PRESSURE,2
6822.09,2026-06-23 05:00:00,0,7,2.8177186123762885,7.192449582354357,4.374730969978068,4.374730969978068,SURPLUS_PRESSURE,3
6173.08,2026-06-23 05:00:00,0,3,0.9956269762934538,4.914287207862933,3.918660231569479,3.918660231569479,SURPLUS_PRESSURE,4
6912.01,2026-06-23 05:00:00,10,3,0.7355741511110638,3.4622220100673604,2.7266478589562966,2.7266478589562966,SURPLUS_PRESSURE,5
6140.05,2026-06-23 05:00:00,0,5,2.260356872364808,4.877039978648096,2.6166831062832876,2.6166831062832876,SURPLUS_PRESSURE,6
6459.07,2026-06-23 05:00:00,5,3,3.7712138856166253,1.7004790922862938,-2.0707347933303315,2.0707347933303315,DEFICIT_PRESSURE,7
5905.14,2026-06-23 05:00:00,2,4,2.2164929126215513,4.134714210115212,1.9182212974936608,1.9182212974936608,SURPLUS_PRESSURE,8
6726.01,2026-06-23 05:00:00,5,3,4.535561103691698,2.6709062276675866,-1.8646548760241117,1.8646548760241117,DEFICIT_PRESSURE,9
5712.03,2026-06-23 05:00:00,4,1,2.8699158946514722,1.3385373451104456,-1.5313785495410266,1.5313785495410266,DEFICIT_PRESSURE,10
6331.01,2026-06-23 05:00:00,9,7,7.226791627533981,5.799959138125485,-1.426832489408496,1.426832489408496,DEFICIT_PRESSURE,11
5492.05,2026-06-23 05:00:00,2,1,2.2127899851608612,1.4500367221151178,-0.7627532630457434,0.7627532630457434,DEFICIT_PRESSURE,12
5905.12,2026-06-23 05:00:00,1,3,2.429116611729382,2.952519589252466,0.5234029775230842,0.5234029775230842,SURPLUS_PRESSURE,13
6432.09,2026-06-23 05:00:00,9,5,5.219615812645076,5.656163555805368,0.43654774316029243,0.43654774316029243,SURPLUS_PRESSURE,14
5980.10,2026-06-23 05:00:00,5,1,1.0541946147525985,0.6968687006455586,-0.35732591410703984,0.35732591410703984,DEFICIT_PRESSURE,15
6072.06,2026-06-23 05:00:00,3,1,1.8676343195529572,2.190796582960485,0.32316226340752774,0.32316226340752774,SURPLUS_PRESSURE,16
5374.01,2026-06-23 05:00:00,0,1,2.0298489597613893,1.8968464399067881,-0.1330025198546012,0.1330025198546012,DEFICIT_PRESSURE,17
5763.03,2026-06-23 05:00:00,1,9,3.198257507273738,3.081740171468273,-0.1165173358054652,0.1165173358054652,DEFICIT_PRESSURE,18
6492.08,2026-06-23 05:00:00,5,4,2.5981852831768744,2.4845640250667014,-0.11362125811017298,0.11362125811017298,DEFICIT_PRESSURE,19
6948.10,2026-06-23 05:00:00,6,11,1.9274970944979075,2.0389201091862845,0.11142301468837701,0.11142301468837701,SURPLUS_PRESSURE,20
6822.09,2026-06-23 06:00:00,3,9,8.546745239144322,41.439643819143804,32.89289857999948,32.89289857999948,SURPLUS_PRESSURE,1
6233.04,2026-06-23 06:00:00,4,17,4.742586302398841,20.02904960636036,15.286463303961519,15.286463303961519,SURPLUS_PRESSURE,2
6726.01,2026-06-23 06:00:00,25,7,16.0240486278767,7.274849504914311,-8.749199122962388,8.749199122962388,DEFICIT_PRESSURE,3
6364.07,2026-06-23 06:00:00,22,6,11.55339299497818,3.1463114100999707,-8.40708158487821,8.40708158487821,DEFICIT_PRESSURE,4
5980.10,2026-06-23 06:00:00,4,0,9.92519891557379,1.5271353351387935,-8.398063580434997,8.398063580434997,DEFICIT_PRESSURE,5
6912.01,2026-06-23 06:00:00,11,15,7.4212498106186855,14.01177890396155,6.590529093342865,6.590529093342865,SURPLUS_PRESSURE,6
5905.12,2026-06-23 06:00:00,6,12,9.1565161725726,15.18015769297345,6.023641520400851,6.023641520400851,SURPLUS_PRESSURE,7
6173.08,2026-06-23 06:00:00,1,5,3.758386405059996,9.41494016874493,5.656553763684935,5.656553763684935,SURPLUS_PRESSURE,8
6432.09,2026-06-23 06:00:00,22,25,16.736956977667703,21.869039959206983,5.1320829815392806,5.1320829815392806,SURPLUS_PRESSURE,9
6140.05,2026-06-23 06:00:00,6,11,9.838646386471096,14.83077138836556,4.992125001894465,4.992125001894465,SURPLUS_PRESSURE,10
6072.06,2026-06-23 06:00:00,9,4,8.321949700207927,4.544203383618296,-3.7777463165896314,3.7777463165896314,DEFICIT_PRESSURE,11
5905.14,2026-06-23 06:00:00,8,13,7.8189171506724255,11.4481971544001,3.6292800037276747,3.6292800037276747,SURPLUS_PRESSURE,12
5712.03,2026-06-23 06:00:00,5,22,11.121470807830486,13.450301542500638,2.3288307346701522,2.3288307346701522,SURPLUS_PRESSURE,13
5763.03,2026-06-23 06:00:00,11,5,6.624860111421202,8.804006221124109,2.1791461097029066,2.1791461097029066,SURPLUS_PRESSURE,14
6948.10,2026-06-23 06:00:00,7,20,9.780207208232499,11.908984112729033,2.128776904496535,2.128776904496535,SURPLUS_PRESSURE,15
5374.01,2026-06-23 06:00:00,2,5,7.078113495622175,9.114042445569526,2.0359289499473503,2.0359289499473503,SURPLUS_PRESSURE,16
6331.01,2026-06-23 06:00:00,12,12,14.011180834862834,12.435797952101513,-1.5753828827613212,1.5753828827613212,DEFICIT_PRESSURE,17
5492.05,2026-06-23 06:00:00,10,7,7.058915977920426,6.184068895386036,-0.8748470825343899,0.8748470825343899,DEFICIT_PRESSURE,18
6492.08,2026-06-23 06:00:00,18,11,12.330985012150322,12.079739611192988,-0.25124540095733394,0.25124540095733394,DEFICIT_PRESSURE,19
6459.07,2026-06-23 06:00:00,5,7,9.527920031026857,9.682183525072114,0.15426349404525652,0.15426349404525652,SURPLUS_PRESSURE,20
6822.09,2026-06-23 07:00:00,19,40,19.43784893920925,45.914392857142836,26.476543917933586,26.476543917933586,SURPLUS_PRESSURE,1
6432.09,2026-06-23 07:00:00,42,40,32.901566920375096,52.38983334515533,19.488266424780235,19.488266424780235,SURPLUS_PRESSURE,2
5712.03,2026-06-23 07:00:00,21,36,18.73175201330532,37.09221868972628,18.36046667642096,18.36046667642096,SURPLUS_PRESSURE,3
6726.01,2026-06-23 07:00:00,24,13,25.86578092258269,11.468498129048237,-14.397282793534453,14.397282793534453,DEFICIT_PRESSURE,4
6492.08,2026-06-23 07:00:00,27,37,23.442371089025656,37.42712029452755,13.984749205501892,13.984749205501892,SURPLUS_PRESSURE,5
5980.10,2026-06-23 07:00:00,12,0,11.512011312217199,1.111260487897435,-10.400750824319765,10.400750824319765,DEFICIT_PRESSURE,6
5763.03,2026-06-23 07:00:00,12,8,14.767865310435438,6.796156361066494,-7.971708949368944,7.971708949368944,DEFICIT_PRESSURE,7
6173.08,2026-06-23 07:00:00,12,23,7.507283429572549,15.379856923226845,7.872573493654295,7.872573493654295,SURPLUS_PRESSURE,8
6364.07,2026-06-23 07:00:00,35,21,19.293530844166302,12.514302473588787,-6.779228370577515,6.779228370577515,DEFICIT_PRESSURE,9
6948.10,2026-06-23 07:00:00,15,21,18.468769204706366,24.831816228974205,6.363047024267839,6.363047024267839,SURPLUS_PRESSURE,10
5905.12,2026-06-23 07:00:00,16,18,15.338677979474076,21.443530880945737,6.104852901471661,6.104852901471661,SURPLUS_PRESSURE,11
6140.05,2026-06-23 07:00:00,26,21,20.082246597014514,24.671937516696016,4.589690919681502,4.589690919681502,SURPLUS_PRESSURE,12
6072.06,2026-06-23 07:00:00,10,12,16.664213181294848,12.620492748886779,-4.043720432408069,4.043720432408069,DEFICIT_PRESSURE,13
6331.01,2026-06-23 07:00:00,21,21,22.5061298783596,19.32454655368319,-3.18158332467641,3.18158332467641,DEFICIT_PRESSURE,14
6912.01,2026-06-23 07:00:00,13,11,22.1062181372549,19.400889042257447,-2.7053290949974524,2.7053290949974524,DEFICIT_PRESSURE,15
5905.14,2026-06-23 07:00:00,14,15,18.371852376642828,20.65025125602449,2.278398879381662,2.278398879381662,SURPLUS_PRESSURE,16
6459.07,2026-06-23 07:00:00,15,21,17.142943882098294,19.099793397113853,1.9568495150155591,1.9568495150155591,SURPLUS_PRESSURE,17
5374.01,2026-06-23 07:00:00,13,16,8.658506841124426,10.526050515485265,1.8675436743608387,1.8675436743608387,SURPLUS_PRESSURE,18
6233.04,2026-06-23 07:00:00,17,17,21.335085317460315,22.850409545613044,1.5153242281527284,1.5153242281527284,SURPLUS_PRESSURE,19
5492.05,2026-06-23 07:00:00,8,10,12.93911500346248,13.578572060403507,0.6394570569410281,0.6394570569410281,SURPLUS_PRESSURE,20
6492.08,2026-06-23 08:00:00,35,114,38.623585695080884,96.38053571428567,57.75695001920479,57.75695001920479,SURPLUS_PRESSURE,1
6173.08,2026-06-23 08:00:00,14,44,26.868705819096725,63.34505069786531,36.476344878768586,36.476344878768586,SURPLUS_PRESSURE,2
6459.07,2026-06-23 08:00:00,31,47,37.985447420634934,71.56462499999999,33.57917757936506,33.57917757936506,SURPLUS_PRESSURE,3
5980.10,2026-06-23 08:00:00,20,8,30.928850794504502,2.436715565373922,-28.49213522913058,28.49213522913058,DEFICIT_PRESSURE,4
5905.12,2026-06-23 08:00:00,28,40,28.780782525346453,54.92581514474548,26.145032619399025,26.145032619399025,SURPLUS_PRESSURE,5
6822.09,2026-06-23 08:00:00,19,51,32.73827574416958,56.00670082001333,23.26842507584375,23.26842507584375,SURPLUS_PRESSURE,6
6432.09,2026-06-23 08:00:00,43,79,52.449206188124705,69.73627537593985,17.28706918781515,17.28706918781515,SURPLUS_PRESSURE,7
5712.03,2026-06-23 08:00:00,57,56,38.9280220881172,52.852560054571285,13.924537966454082,13.924537966454082,SURPLUS_PRESSURE,8
6233.04,2026-06-23 08:00:00,54,37,43.95597519841269,32.77546924603173,-11.180505952380955,11.180505952380955,DEFICIT_PRESSURE,9
6140.05,2026-06-23 08:00:00,39,50,48.30908333333334,59.1817046130952,10.872621279761859,10.872621279761859,SURPLUS_PRESSURE,10
6912.01,2026-06-23 08:00:00,22,43,33.69231345401274,44.51650595238096,10.82419249836822,10.82419249836822,SURPLUS_PRESSURE,11
5763.03,2026-06-23 08:00:00,24,13,23.733740077068283,14.049284848344655,-9.684455228723628,9.684455228723628,DEFICIT_PRESSURE,12
6726.01,2026-06-23 08:00:00,31,14,28.51367930336169,19.0752031590209,-9.43847614434079,9.43847614434079,DEFICIT_PRESSURE,13
5374.01,2026-06-23 08:00:00,27,16,28.953797198172197,20.380830708517113,-8.572966489655084,8.572966489655084,DEFICIT_PRESSURE,14
5492.05,2026-06-23 08:00:00,18,30,20.482769536019536,28.025014652011933,7.542245115992397,7.542245115992397,SURPLUS_PRESSURE,15
6331.01,2026-06-23 08:00:00,40,47,27.784041206347975,34.86897141887613,7.084930212528153,7.084930212528153,SURPLUS_PRESSURE,16
6948.10,2026-06-23 08:00:00,21,28,33.29064470970206,28.471245519100773,-4.819399190601285,4.819399190601285,DEFICIT_PRESSURE,17
6072.06,2026-06-23 08:00:00,26,14,28.153470899470914,23.470089870736473,-4.683381028734441,4.683381028734441,DEFICIT_PRESSURE,18
5905.14,2026-06-23 08:00:00,29,30,27.848814926674734,31.426085223524368,3.5772702968496333,3.5772702968496333,SURPLUS_PRESSURE,19
6364.07,2026-06-23 08:00:00,48,35,25.239063041044375,27.181961662598106,1.9428986215537307,1.9428986215537307,SURPLUS_PRESSURE,20
6492.08,2026-06-23 09:00:00,30,78,32.15460661500399,85.74094642857145,53.586339813567456,53.586339813567456,SURPLUS_PRESSURE,1
6173.08,2026-06-23 09:00:00,19,18,18.41910940326747,50.00233355746921,31.583224154201737,31.583224154201737,SURPLUS_PRESSURE,2
6432.09,2026-06-23 09:00:00,40,40,35.97480761488317,64.80608243145743,28.831274816574258,28.831274816574258,SURPLUS_PRESSURE,3
6948.10,2026-06-23 09:00:00,47,53,24.92788368874245,47.75525307944667,22.827369390704217,22.827369390704217,SURPLUS_PRESSURE,4
6912.01,2026-06-23 09:00:00,29,52,26.050788930862424,48.1947711940837,22.143982263221275,22.143982263221275,SURPLUS_PRESSURE,5
6822.09,2026-06-23 09:00:00,15,38,19.323107520271257,40.95772313919173,21.63461561892047,21.63461561892047,SURPLUS_PRESSURE,6
5980.10,2026-06-23 09:00:00,26,11,29.340188683949336,11.146299729125126,-18.19388895482421,18.19388895482421,DEFICIT_PRESSURE,7
6140.05,2026-06-23 09:00:00,31,62,39.57700158773476,54.14318691369881,14.56618532596405,14.56618532596405,SURPLUS_PRESSURE,8
5712.03,2026-06-23 09:00:00,37,37,44.988874765354005,56.0675577568324,11.078682991478395,11.078682991478395,SURPLUS_PRESSURE,9
6233.04,2026-06-23 09:00:00,32,18,44.09235555913549,35.65949249525111,-8.432863063884383,8.432863063884383,DEFICIT_PRESSURE,10
6072.06,2026-06-23 09:00:00,25,22,24.95015424541847,17.40928321115136,-7.540871034267109,7.540871034267109,DEFICIT_PRESSURE,11
6726.01,2026-06-23 09:00:00,11,12,17.906387808096028,10.433247366686915,-7.473140441409113,7.473140441409113,DEFICIT_PRESSURE,12
5492.05,2026-06-23 09:00:00,9,9,22.482886272310385,29.12486105168815,6.641974779377765,6.641974779377765,SURPLUS_PRESSURE,13
5374.01,2026-06-23 09:00:00,25,14,23.95874388677285,17.682674941409438,-6.276068945363413,6.276068945363413,DEFICIT_PRESSURE,14
5905.14,2026-06-23 09:00:00,18,36,24.762794141997148,29.171180658509634,4.408386516512486,4.408386516512486,SURPLUS_PRESSURE,15
6459.07,2026-06-23 09:00:00,31,31,27.520660155725626,31.556658547416045,4.03599839169042,4.03599839169042,SURPLUS_PRESSURE,16
5763.03,2026-06-23 09:00:00,16,18,19.540782288069096,16.16834327546848,-3.3724390126006156,3.3724390126006156,DEFICIT_PRESSURE,17
6331.01,2026-06-23 09:00:00,40,40,36.62759960035009,38.44981517416859,1.8222155738185037,1.8222155738185037,SURPLUS_PRESSURE,18
5905.12,2026-06-23 09:00:00,26,19,29.510324501912727,30.453803117208086,0.9434786152953585,0.9434786152953585,SURPLUS_PRESSURE,19
6364.07,2026-06-23 09:00:00,34,29,37.499085010048184,37.75434310336246,0.25525809331427496,0.25525809331427496,SURPLUS_PRESSURE,20
5980.10,2026-06-23 10:00:00,12,3,29.494793325845148,10.411541120217455,-19.083252205627694,19.083252205627694,DEFICIT_PRESSURE,1
6140.05,2026-06-23 10:00:00,28,34,30.167072823214863,43.3496569768983,13.18258415368344,13.18258415368344,SURPLUS_PRESSURE,2
6492.08,2026-06-23 10:00:00,9,18,18.55658893397008,30.909216727716707,12.352627793746628,12.352627793746628,SURPLUS_PRESSURE,3
6331.01,2026-06-23 10:00:00,17,23,19.419097391127263,31.046653745236526,11.627556354109263,11.627556354109263,SURPLUS_PRESSURE,4
6948.10,2026-06-23 10:00:00,35,27,33.84705982277247,44.47555410683028,10.628494284057808,10.628494284057808,SURPLUS_PRESSURE,5
6822.09,2026-06-23 10:00:00,11,9,19.213949197639472,26.445776569539344,7.231827371899872,7.231827371899872,SURPLUS_PRESSURE,6
5905.14,2026-06-23 10:00:00,15,12,16.162609519812307,21.925288943256675,5.762679423444368,5.762679423444368,SURPLUS_PRESSURE,7
6912.01,2026-06-23 10:00:00,12,19,25.91050340744888,30.872564975083026,4.962061567634148,4.962061567634148,SURPLUS_PRESSURE,8
6432.09,2026-06-23 10:00:00,19,19,25.213549875466093,28.416947069626488,3.203397194160395,3.203397194160395,SURPLUS_PRESSURE,9
6459.07,2026-06-23 10:00:00,20,15,21.805226295108213,24.24031563892537,2.4350893438171575,2.4350893438171575,SURPLUS_PRESSURE,10
5492.05,2026-06-23 10:00:00,9,9,10.629735821192526,12.710000023520543,2.080264202328017,2.080264202328017,SURPLUS_PRESSURE,11
5905.12,2026-06-23 10:00:00,18,22,21.808145400048733,19.889297050920963,-1.9188483491277708,1.9188483491277708,DEFICIT_PRESSURE,12
5374.01,2026-06-23 10:00:00,15,16,17.281013525857894,15.480480230349285,-1.8005332955086093,1.8005332955086093,DEFICIT_PRESSURE,13
6233.04,2026-06-23 10:00:00,13,22,21.8245600153252,23.53325377788898,1.7086937625637795,1.7086937625637795,SURPLUS_PRESSURE,14
6364.07,2026-06-23 10:00:00,18,16,20.401601383655606,18.73481676856649,-1.6667846150891172,1.6667846150891172,DEFICIT_PRESSURE,15
5712.03,2026-06-23 10:00:00,19,17,30.509881864110366,31.74318752429644,1.2333056601860761,1.2333056601860761,SURPLUS_PRESSURE,16
6173.08,2026-06-23 10:00:00,10,11,15.658183643886424,16.837650949001446,1.179467305115022,1.179467305115022,SURPLUS_PRESSURE,17
6726.01,2026-06-23 10:00:00,12,12,16.06491671817174,16.65773573885532,0.592819020683578,0.592819020683578,SURPLUS_PRESSURE,18
6072.06,2026-06-23 10:00:00,23,20,16.763872653138307,16.514734115671537,-0.24913853746677006,0.24913853746677006,DEFICIT_PRESSURE,19
5763.03,2026-06-23 10:00:00,14,10,16.04509116302134,16.102146448978477,0.05705528595713716,0.05705528595713716,SURPLUS_PRESSURE,20
6331.01,2026-06-23 11:00:00,28,14,19.757768313152543,33.09589744792417,13.33812913477163,13.33812913477163,SURPLUS_PRESSURE,1
5980.10,2026-06-23 11:00:00,21,4,18.211297502593144,5.069692361798115,-13.14160514079503,13.14160514079503,DEFICIT_PRESSURE,2
6948.10,2026-06-23 11:00:00,15,21,33.917468691514685,26.887606255366073,-7.029862436148612,7.029862436148612,DEFICIT_PRESSURE,3
6492.08,2026-06-23 11:00:00,16,15,15.9983480709434,22.067753861059295,6.069405790115894,6.069405790115894,SURPLUS_PRESSURE,4
6233.04,2026-06-23 11:00:00,13,19,18.433086240531384,23.66577137047898,5.232685129947594,5.232685129947594,SURPLUS_PRESSURE,5
6822.09,2026-06-23 11:00:00,4,9,16.331904603772973,13.203171950890678,-3.128732652882295,3.128732652882295,DEFICIT_PRESSURE,6
5712.03,2026-06-23 11:00:00,19,24,23.17584660737127,20.628038749034754,-2.5478078583365154,2.5478078583365154,DEFICIT_PRESSURE,7
6173.08,2026-06-23 11:00:00,10,10,18.082794017771125,15.544195815590344,-2.538598202180781,2.538598202180781,DEFICIT_PRESSURE,8
6364.07,2026-06-23 11:00:00,14,16,17.832181077404808,19.83319654528123,2.001015467876421,2.001015467876421,SURPLUS_PRESSURE,9
6459.07,2026-06-23 11:00:00,15,12,17.624348771265794,15.652232681122964,-1.9721160901428298,1.9721160901428298,DEFICIT_PRESSURE,10
6432.09,2026-06-23 11:00:00,10,10,17.950092492923122,19.46303259576752,1.5129401028443965,1.5129401028443965,SURPLUS_PRESSURE,11
6140.05,2026-06-23 11:00:00,19,18,29.981182161687343,31.40328984741002,1.4221076857226755,1.4221076857226755,SURPLUS_PRESSURE,12
6912.01,2026-06-23 11:00:00,13,13,22.390722263737874,21.10594862746661,-1.2847736362712645,1.2847736362712645,DEFICIT_PRESSURE,13
6726.01,2026-06-23 11:00:00,7,11,13.507459350421847,14.364645664301765,0.8571863138799181,0.8571863138799181,SURPLUS_PRESSURE,14
5374.01,2026-06-23 11:00:00,17,11,16.817190359120513,16.225063963889895,-0.5921263952306184,0.5921263952306184,DEFICIT_PRESSURE,15
5905.12,2026-06-23 11:00:00,13,25,20.646848877056915,21.20704196448844,0.5601930874315251,0.5601930874315251,SURPLUS_PRESSURE,16
5492.05,2026-06-23 11:00:00,9,9,15.086218746329967,14.619223444024017,-0.4669953023059499,0.4669953023059499,DEFICIT_PRESSURE,17
5763.03,2026-06-23 11:00:00,8,5,13.934468191027685,13.57544668329421,-0.3590215077334751,0.3590215077334751,DEFICIT_PRESSURE,18
5905.14,2026-06-23 11:00:00,19,17,15.955993691746993,15.690893668650379,-0.26510002309661473,0.26510002309661473,DEFICIT_PRESSURE,19
6072.06,2026-06-23 11:00:00,10,21,16.737212185878324,16.640993749466627,-0.09621843641169647,0.09621843641169647,DEFICIT_PRESSURE,20
5980.10,2026-06-23 12:00:00,13,1,29.796265337105996,3.223684370027814,-26.57258096707818,26.57258096707818,DEFICIT_PRESSURE,1
6364.07,2026-06-23 12:00:00,17,20,18.037340009870626,27.50507648314666,9.467736473276034,9.467736473276034,SURPLUS_PRESSURE,2
6331.01,2026-06-23 12:00:00,6,8,19.70468848198009,27.58355313487546,7.87886465289537,7.87886465289537,SURPLUS_PRESSURE,3
5905.12,2026-06-23 12:00:00,22,24,17.274013002071808,23.872234316774815,6.598221314703007,6.598221314703007,SURPLUS_PRESSURE,4
6726.01,2026-06-23 12:00:00,14,11,12.638960891579819,18.716563582601925,6.077602691022106,6.077602691022106,SURPLUS_PRESSURE,5
6140.05,2026-06-23 12:00:00,23,23,29.748842630153316,23.891686910990057,-5.857155719163259,5.857155719163259,DEFICIT_PRESSURE,6
6072.06,2026-06-23 12:00:00,12,9,12.860651500770127,18.31731816846473,5.456666667694604,5.456666667694604,SURPLUS_PRESSURE,7
6948.10,2026-06-23 12:00:00,9,20,21.905470341093665,26.371548850692438,4.466078509598773,4.466078509598773,SURPLUS_PRESSURE,8
6459.07,2026-06-23 12:00:00,11,11,19.33524385649359,15.14929169294973,-4.1859521635438615,4.1859521635438615,DEFICIT_PRESSURE,9
6492.08,2026-06-23 12:00:00,21,14,23.81139528305385,20.321372963394857,-3.490022319658994,3.490022319658994,DEFICIT_PRESSURE,10
5763.03,2026-06-23 12:00:00,8,9,13.516553068042946,10.810414886401684,-2.7061381816412613,2.7061381816412613,DEFICIT_PRESSURE,11
5712.03,2026-06-23 12:00:00,15,17,21.60512784177771,24.19866429718426,2.59353645540655,2.59353645540655,SURPLUS_PRESSURE,12
5492.05,2026-06-23 12:00:00,6,6,14.847080926782759,16.92050842997207,2.0734275031893112,2.0734275031893112,SURPLUS_PRESSURE,13
6173.08,2026-06-23 12:00:00,17,15,18.441173965050943,16.554412974681128,-1.8867609903698153,1.8867609903698153,DEFICIT_PRESSURE,14
6822.09,2026-06-23 12:00:00,13,9,11.061372797655595,12.902184260498679,1.8408114628430834,1.8408114628430834,SURPLUS_PRESSURE,15
5905.14,2026-06-23 12:00:00,11,11,22.476490073738923,20.66466195996075,-1.8118281137781729,1.8118281137781729,DEFICIT_PRESSURE,16
6912.01,2026-06-23 12:00:00,12,10,19.843512596280842,21.325864497762495,1.4823519014816533,1.4823519014816533,SURPLUS_PRESSURE,17
5374.01,2026-06-23 12:00:00,16,25,17.623507300867246,16.37477878043481,-1.2487285204324365,1.2487285204324365,DEFICIT_PRESSURE,18
6432.09,2026-06-23 12:00:00,7,7,13.16764443218231,13.626242890146335,0.4585984579640243,0.4585984579640243,SURPLUS_PRESSURE,19
6233.04,2026-06-23 12:00:00,11,20,21.330397200371443,21.24567040862804,-0.08472679174340314,0.08472679174340314,DEFICIT_PRESSURE,20
5980.10,2026-06-23 13:00:00,16,3,21.444904242718405,2.5222175644855964,-18.922686678232807,18.922686678232807,DEFICIT_PRESSURE,1
6331.01,2026-06-23 13:00:00,14,15,11.302448497469424,16.42125887109034,5.118810373620917,5.118810373620917,SURPLUS_PRESSURE,2
6140.05,2026-06-23 13:00:00,30,30,32.833444760071416,28.737939993889132,-4.095504766182284,4.095504766182284,DEFICIT_PRESSURE,3
6948.10,2026-06-23 13:00:00,24,16,16.983661870092114,21.05812302295304,4.074461152860927,4.074461152860927,SURPLUS_PRESSURE,4
5374.01,2026-06-23 13:00:00,15,13,17.259145656394125,21.182211259108087,3.9230656027139617,3.9230656027139617,SURPLUS_PRESSURE,5
6492.08,2026-06-23 13:00:00,14,9,26.029660091975387,22.35446520357443,-3.6751948884009558,3.6751948884009558,DEFICIT_PRESSURE,6
6912.01,2026-06-23 13:00:00,18,10,20.91431743306901,17.541996414074653,-3.3723210189943558,3.3723210189943558,DEFICIT_PRESSURE,7
6726.01,2026-06-23 13:00:00,8,11,20.17196718913072,17.042772164838116,-3.1291950242926028,3.1291950242926028,DEFICIT_PRESSURE,8
5712.03,2026-06-23 13:00:00,20,14,20.98632153855383,23.787122833364243,2.8008012948104124,2.8008012948104124,SURPLUS_PRESSURE,9
5763.03,2026-06-23 13:00:00,5,6,13.569680121095722,10.82362950727864,-2.746050613817081,2.746050613817081,DEFICIT_PRESSURE,10
5905.12,2026-06-23 13:00:00,16,16,26.431568004187067,23.88205823717421,-2.5495097670128573,2.5495097670128573,DEFICIT_PRESSURE,11
6364.07,2026-06-23 13:00:00,7,14,15.91473928215246,18.45773664542279,2.542997363270331,2.542997363270331,SURPLUS_PRESSURE,12
6822.09,2026-06-23 13:00:00,12,13,16.12209838824841,17.71474501330128,1.5926466250528684,1.5926466250528684,SURPLUS_PRESSURE,13
5492.05,2026-06-23 13:00:00,14,6,10.170483950073315,9.278347341201755,-0.8921366088715601,0.8921366088715601,DEFICIT_PRESSURE,14
6459.07,2026-06-23 13:00:00,15,13,16.603661274164477,17.486074017828177,0.8824127436636999,0.8824127436636999,SURPLUS_PRESSURE,15
5905.14,2026-06-23 13:00:00,7,14,18.06887396132779,17.198289295621404,-0.8705846657063852,0.8705846657063852,DEFICIT_PRESSURE,16
6233.04,2026-06-23 13:00:00,22,22,18.646699580453696,19.417143078365132,0.7704434979114367,0.7704434979114367,SURPLUS_PRESSURE,17
6072.06,2026-06-23 13:00:00,11,14,17.43491835205462,16.71700524476595,-0.7179131072886697,0.7179131072886697,DEFICIT_PRESSURE,18
6432.09,2026-06-23 13:00:00,10,7,12.315042267565678,11.659764440628852,-0.6552778269368265,0.6552778269368265,DEFICIT_PRESSURE,19
6173.08,2026-06-23 13:00:00,20,17,19.04306384115767,18.467430907515038,-0.575632933642634,0.575632933642634,DEFICIT_PRESSURE,20
5980.10,2026-06-23 14:00:00,22,1,22.309838500907798,2.3212884763852997,-19.9885500245225,19.9885500245225,DEFICIT_PRESSURE,1
6331.01,2026-06-23 14:00:00,23,30,18.13275828327015,36.753895904772655,18.621137621502506,18.621137621502506,SURPLUS_PRESSURE,2
5712.03,2026-06-23 14:00:00,13,14,29.143130815875825,18.589798189173916,-10.55333262670191,10.55333262670191,DEFICIT_PRESSURE,3
6948.10,2026-06-23 14:00:00,15,13,29.914301454087244,20.11795323953063,-9.796348214556613,9.796348214556613,DEFICIT_PRESSURE,4
6912.01,2026-06-23 14:00:00,10,15,22.673566082996782,15.424134212879347,-7.249431870117435,7.249431870117435,DEFICIT_PRESSURE,5
5492.05,2026-06-23 14:00:00,15,17,16.944358986860767,10.538772308254051,-6.405586678606715,6.405586678606715,DEFICIT_PRESSURE,6
5905.14,2026-06-23 14:00:00,28,26,10.984029012076427,16.985854749228643,6.001825737152217,6.001825737152217,SURPLUS_PRESSURE,7
6173.08,2026-06-23 14:00:00,21,11,25.119434818507557,20.743379668058548,-4.376055150449009,4.376055150449009,DEFICIT_PRESSURE,8
6233.04,2026-06-23 14:00:00,28,15,28.168899576730947,24.05469992408684,-4.114199652644107,4.114199652644107,DEFICIT_PRESSURE,9
6364.07,2026-06-23 14:00:00,14,17,11.538485355920523,15.148655341368405,3.6101699854478824,3.6101699854478824,SURPLUS_PRESSURE,10
6726.01,2026-06-23 14:00:00,13,10,14.611116364371185,18.144121439918184,3.533005075546999,3.533005075546999,SURPLUS_PRESSURE,11
5763.03,2026-06-23 14:00:00,15,19,6.680182809945788,9.844466960592037,3.1642841506462487,3.1642841506462487,SURPLUS_PRESSURE,12
5905.12,2026-06-23 14:00:00,18,23,24.964018826561166,22.148789928892757,-2.8152288976684083,2.8152288976684083,DEFICIT_PRESSURE,13
6432.09,2026-06-23 14:00:00,15,13,15.75607971619981,13.46066671675585,-2.295412999443961,2.295412999443961,DEFICIT_PRESSURE,14
6140.05,2026-06-23 14:00:00,27,23,33.60754533940931,31.454111687579893,-2.1534336518294204,2.1534336518294204,DEFICIT_PRESSURE,15
6492.08,2026-06-23 14:00:00,23,18,23.326296684285598,21.37111979607454,-1.9551768882110565,1.9551768882110565,DEFICIT_PRESSURE,16
6072.06,2026-06-23 14:00:00,20,23,16.457295361271886,15.159033136055335,-1.2982622252165505,1.2982622252165505,DEFICIT_PRESSURE,17
5374.01,2026-06-23 14:00:00,12,3,17.392367400123,16.404500243732908,-0.9878671563900916,0.9878671563900916,DEFICIT_PRESSURE,18
6822.09,2026-06-23 14:00:00,15,19,17.16798993921815,16.284639411653792,-0.8833505275643567,0.8833505275643567,DEFICIT_PRESSURE,19
6459.07,2026-06-23 14:00:00,16,12,18.189680522566835,17.540270845756456,-0.6494096768103788,0.6494096768103788,DEFICIT_PRESSURE,20
5980.10,2026-06-23 15:00:00,35,13,26.88871884630424,2.764772177172402,-24.12394666913184,24.12394666913184,DEFICIT_PRESSURE,1
5374.01,2026-06-23 15:00:00,12,14,16.596997191619096,7.689773286286643,-8.907223905332453,8.907223905332453,DEFICIT_PRESSURE,2
6912.01,2026-06-23 15:00:00,14,18,15.886670910267712,23.40004726354903,7.513376353281318,7.513376353281318,SURPLUS_PRESSURE,3
6233.04,2026-06-23 15:00:00,17,25,31.320243975472494,24.107430335484867,-7.212813639987626,7.212813639987626,DEFICIT_PRESSURE,4
6140.05,2026-06-23 15:00:00,31,23,35.35621834946003,29.524936736663072,-5.831281612796957,5.831281612796957,DEFICIT_PRESSURE,5
6072.06,2026-06-23 15:00:00,12,19,19.55114444159609,24.229524874048476,4.678380432452386,4.678380432452386,SURPLUS_PRESSURE,6
6173.08,2026-06-23 15:00:00,19,22,27.23934019288626,23.106745006573938,-4.132595186312322,4.132595186312322,DEFICIT_PRESSURE,7
6432.09,2026-06-23 15:00:00,9,11,23.556833971425114,19.726835878675914,-3.8299980927492,3.8299980927492,DEFICIT_PRESSURE,8
5763.03,2026-06-23 15:00:00,13,17,17.149268236719866,20.78241806034431,3.633149823624443,3.633149823624443,SURPLUS_PRESSURE,9
5905.14,2026-06-23 15:00:00,14,17,27.661887448514285,25.014747240238748,-2.6471402082755375,2.6471402082755375,DEFICIT_PRESSURE,10
6459.07,2026-06-23 15:00:00,11,14,17.41007567074829,14.769615655765277,-2.640460014983015,2.640460014983015,DEFICIT_PRESSURE,11
6331.01,2026-06-23 15:00:00,20,49,29.646533507620752,32.26012520900958,2.6135917013888275,2.6135917013888275,SURPLUS_PRESSURE,12
6492.08,2026-06-23 15:00:00,24,22,26.345591470758723,23.773339321276683,-2.57225214948204,2.57225214948204,DEFICIT_PRESSURE,13
6948.10,2026-06-23 15:00:00,27,19,19.5442880608402,21.441899998660002,1.8976119378198035,1.8976119378198035,SURPLUS_PRESSURE,14
6726.01,2026-06-23 15:00:00,12,33,19.674057802519773,17.874401761720243,-1.7996560407995297,1.7996560407995297,DEFICIT_PRESSURE,15
5712.03,2026-06-23 15:00:00,22,20,18.539158485161057,19.548812156362786,1.009653671201729,1.009653671201729,SURPLUS_PRESSURE,16
5492.05,2026-06-23 15:00:00,23,24,18.315150404834284,19.259184180917792,0.9440337760835078,0.9440337760835078,SURPLUS_PRESSURE,17
6822.09,2026-06-23 15:00:00,22,13,20.84901999108722,20.165382293851803,-0.6836376972354188,0.6836376972354188,DEFICIT_PRESSURE,18
6364.07,2026-06-23 15:00:00,10,19,19.625846377546686,19.114991046363357,-0.510855331183329,0.510855331183329,DEFICIT_PRESSURE,19
5905.12,2026-06-23 15:00:00,34,26,22.604390755715645,22.399091053442397,-0.20529970227324768,0.20529970227324768,DEFICIT_PRESSURE,20
5980.10,2026-06-23 16:00:00,34,2,33.755183044566984,10.505644995668677,-23.24953804889831,23.24953804889831,DEFICIT_PRESSURE,1
6822.09,2026-06-23 16:00:00,48,14,37.01895420180595,16.82270221109181,-20.19625199071414,20.19625199071414,DEFICIT_PRESSURE,2
6492.08,2026-06-23 16:00:00,37,25,43.99767051516162,24.683960216520912,-19.31371029864071,19.31371029864071,DEFICIT_PRESSURE,3
6948.10,2026-06-23 16:00:00,29,36,39.39201180696608,25.82166290192135,-13.570348905044732,13.570348905044732,DEFICIT_PRESSURE,4
6726.01,2026-06-23 16:00:00,17,37,16.020361791947796,29.566240277540945,13.54587848559315,13.54587848559315,SURPLUS_PRESSURE,5
6140.05,2026-06-23 16:00:00,35,32,37.78473184173253,24.748960209803748,-13.035771631928782,13.035771631928782,DEFICIT_PRESSURE,6
6364.07,2026-06-23 16:00:00,19,40,15.05220115493123,26.172379439595897,11.120178284664666,11.120178284664666,SURPLUS_PRESSURE,7
6331.01,2026-06-23 16:00:00,31,68,30.53608601135617,41.47160396182064,10.935517950464472,10.935517950464472,SURPLUS_PRESSURE,8
5905.12,2026-06-23 16:00:00,32,26,35.10630717910293,25.36533499384746,-9.740972185255469,9.740972185255469,DEFICIT_PRESSURE,9
6459.07,2026-06-23 16:00:00,27,28,14.520519231164105,22.304976332505817,7.784457101341712,7.784457101341712,SURPLUS_PRESSURE,10
6432.09,2026-06-23 16:00:00,33,33,15.982855444895856,21.975405764407398,5.992550319511542,5.992550319511542,SURPLUS_PRESSURE,11
6072.06,2026-06-23 16:00:00,28,26,16.369817952274133,22.23400476929133,5.864186817017199,5.864186817017199,SURPLUS_PRESSURE,12
6173.08,2026-06-23 16:00:00,27,19,28.60509745020448,22.822069281120008,-5.783028169084471,5.783028169084471,DEFICIT_PRESSURE,13
6912.01,2026-06-23 16:00:00,21,18,19.202637112681145,24.795645420502815,5.59300830782167,5.59300830782167,SURPLUS_PRESSURE,14
5374.01,2026-06-23 16:00:00,16,27,15.802050311453472,20.463299370949002,4.66124905949553,4.66124905949553,SURPLUS_PRESSURE,15
5905.14,2026-06-23 16:00:00,39,31,19.498339105006288,23.883234444327254,4.384895339320966,4.384895339320966,SURPLUS_PRESSURE,16
5712.03,2026-06-23 16:00:00,33,30,28.47089153932858,25.17939564748984,-3.291495891838739,3.291495891838739,DEFICIT_PRESSURE,17
6233.04,2026-06-23 16:00:00,25,34,22.415614704623003,25.214528225639146,2.798913521016143,2.798913521016143,SURPLUS_PRESSURE,18
5763.03,2026-06-23 16:00:00,11,17,18.378569783285506,20.974007489937,2.595437706651495,2.595437706651495,SURPLUS_PRESSURE,19
5492.05,2026-06-23 16:00:00,25,24,26.00151191898369,24.818831690546244,-1.182680228437448,1.182680228437448,DEFICIT_PRESSURE,20
6492.08,2026-06-23 17:00:00,51,19,105.78445436507934,40.54470368497495,-65.2397506801044,65.2397506801044,DEFICIT_PRESSURE,1
5980.10,2026-06-23 17:00:00,25,3,53.518853912642214,2.7555576871796705,-50.76329622546255,50.76329622546255,DEFICIT_PRESSURE,2
6822.09,2026-06-23 17:00:00,37,13,58.51652153110047,26.869732311607518,-31.646789219492955,31.646789219492955,DEFICIT_PRESSURE,3
6173.08,2026-06-23 17:00:00,24,17,68.63683333333336,39.70114181973422,-28.93569151359914,28.93569151359914,DEFICIT_PRESSURE,4
6726.01,2026-06-23 17:00:00,17,26,29.31744704021908,51.605804060082285,22.288357019863206,22.288357019863206,SURPLUS_PRESSURE,5
5763.03,2026-06-23 17:00:00,8,18,15.941809318928934,32.22928485436321,16.287475535434275,16.287475535434275,SURPLUS_PRESSURE,6
6432.09,2026-06-23 17:00:00,39,40,64.24818317099567,48.012386511759516,-16.235796659236158,16.235796659236158,DEFICIT_PRESSURE,7
6459.07,2026-06-23 17:00:00,30,16,51.874455513784454,36.63816172665217,-15.236293787132283,15.236293787132283,DEFICIT_PRESSURE,8
6364.07,2026-06-23 17:00:00,22,24,36.11260944026733,49.336097954549565,13.223488514282238,13.223488514282238,SURPLUS_PRESSURE,9
5905.14,2026-06-23 17:00:00,12,20,51.165796134771945,38.129719071814904,-13.036077062957041,13.036077062957041,DEFICIT_PRESSURE,10
6140.05,2026-06-23 17:00:00,29,35,62.398529049654044,49.787348037179946,-12.611181012474098,12.611181012474098,DEFICIT_PRESSURE,11
6331.01,2026-06-23 17:00:00,30,35,53.12272691137365,42.80749774968467,-10.315229161688976,10.315229161688976,DEFICIT_PRESSURE,12
5374.01,2026-06-23 17:00:00,14,23,26.472630515047637,34.54990598069161,8.077275465643975,8.077275465643975,SURPLUS_PRESSURE,13
5712.03,2026-06-23 17:00:00,32,29,51.082735484238995,44.61879007293932,-6.463945411299676,6.463945411299676,DEFICIT_PRESSURE,14
6912.01,2026-06-23 17:00:00,17,19,39.78518551587301,33.57099825879315,-6.214187257079857,6.214187257079857,DEFICIT_PRESSURE,15
5492.05,2026-06-23 17:00:00,20,24,37.46188440671008,32.510950624018335,-4.950933782691742,4.950933782691742,DEFICIT_PRESSURE,16
6948.10,2026-06-23 17:00:00,18,28,39.00592678881978,42.371574230805145,3.3656474419853666,3.3656474419853666,SURPLUS_PRESSURE,17
6233.04,2026-06-23 17:00:00,25,26,45.0578207013556,47.7348804941622,2.6770597928065953,2.6770597928065953,SURPLUS_PRESSURE,18
5905.12,2026-06-23 17:00:00,26,21,38.090479760450975,36.63496260371095,-1.4555171567400222,1.4555171567400222,DEFICIT_PRESSURE,19
6072.06,2026-06-23 17:00:00,9,18,35.92728417163213,35.50353598087082,-0.42374819076130876,0.42374819076130876,DEFICIT_PRESSURE,20
5980.10,2026-06-23 18:00:00,31,3,37.62412459413836,2.6987393964579196,-34.92538519768044,34.92538519768044,DEFICIT_PRESSURE,1
5763.03,2026-06-23 18:00:00,21,20,14.705181906088725,41.060701914128366,26.35552000803964,26.35552000803964,SURPLUS_PRESSURE,2
6072.06,2026-06-23 18:00:00,12,26,15.9845338817985,37.694296814502835,21.709762932704336,21.709762932704336,SURPLUS_PRESSURE,3
6331.01,2026-06-23 18:00:00,23,20,54.58846085925823,33.41751428100289,-21.17094657825534,21.17094657825534,DEFICIT_PRESSURE,4
6492.08,2026-06-23 18:00:00,65,22,44.11214093780733,24.586967289942812,-19.52517364786452,19.52517364786452,DEFICIT_PRESSURE,5
5374.01,2026-06-23 18:00:00,18,29,19.37745926475706,36.18315379558408,16.805694530827022,16.805694530827022,SURPLUS_PRESSURE,6
5492.05,2026-06-23 18:00:00,36,26,26.34412640736189,41.23206199677939,14.887935589417502,14.887935589417502,SURPLUS_PRESSURE,7
6173.08,2026-06-23 18:00:00,44,19,33.56836544164648,22.386946645355287,-11.18141879629119,11.18141879629119,DEFICIT_PRESSURE,8
6822.09,2026-06-23 18:00:00,32,12,34.875303793156114,25.597464474892575,-9.277839318263538,9.277839318263538,DEFICIT_PRESSURE,9
5712.03,2026-06-23 18:00:00,47,47,59.53622661932929,50.31270133073228,-9.22352528859701,9.22352528859701,DEFICIT_PRESSURE,10
6726.01,2026-06-23 18:00:00,22,20,26.419988554063075,33.024074143574055,6.60408558951098,6.60408558951098,SURPLUS_PRESSURE,11
6364.07,2026-06-23 18:00:00,23,29,35.32880272955273,29.495751379374177,-5.83305135017855,5.83305135017855,DEFICIT_PRESSURE,12
6140.05,2026-06-23 18:00:00,64,36,51.63336836905989,46.401296009489336,-5.232072359570552,5.232072359570552,DEFICIT_PRESSURE,13
5905.14,2026-06-23 18:00:00,30,18,19.21498702819918,24.40383950694435,5.188852478745172,5.188852478745172,SURPLUS_PRESSURE,14
6432.09,2026-06-23 18:00:00,56,34,46.05813974518313,41.21565527228771,-4.842484472895414,4.842484472895414,DEFICIT_PRESSURE,15
6459.07,2026-06-23 18:00:00,32,19,29.50310093608997,24.733076002283997,-4.770024933805974,4.770024933805974,DEFICIT_PRESSURE,16
6233.04,2026-06-23 18:00:00,41,45,49.991823366595455,46.67586847780767,-3.315954888787786,3.315954888787786,DEFICIT_PRESSURE,17
5905.12,2026-06-23 18:00:00,38,25,43.02127476450258,46.12523453006553,3.103959765562955,3.103959765562955,SURPLUS_PRESSURE,18
6948.10,2026-06-23 18:00:00,38,26,27.768307583722866,30.85767243933675,3.0893648556138835,3.0893648556138835,SURPLUS_PRESSURE,19
6912.01,2026-06-23 18:00:00,24,16,25.220356322476164,26.823415256935697,1.6030589344595327,1.6030589344595327,SURPLUS_PRESSURE,20
5980.10,2026-06-23 19:00:00,40,6,26.397740231053604,2.311643615149821,-24.086096615903784,24.086096615903784,DEFICIT_PRESSURE,1
6822.09,2026-06-23 19:00:00,34,20,26.955813225068496,15.646904732299316,-11.30890849276918,11.30890849276918,DEFICIT_PRESSURE,2
6331.01,2026-06-23 19:00:00,32,34,32.213086720316866,22.122907966515267,-10.090178753801599,10.090178753801599,DEFICIT_PRESSURE,3
6492.08,2026-06-23 19:00:00,46,17,31.76828073174499,21.733676930847036,-10.034603800897955,10.034603800897955,DEFICIT_PRESSURE,4
6432.09,2026-06-23 19:00:00,57,18,33.32669655527746,24.265328593349572,-9.061367961927886,9.061367961927886,DEFICIT_PRESSURE,5
6726.01,2026-06-23 19:00:00,41,45,25.730767923599245,34.70236131767481,8.971593394075562,8.971593394075562,SURPLUS_PRESSURE,6
6912.01,2026-06-23 19:00:00,31,17,26.041894747679912,17.12811177035031,-8.913782977329603,8.913782977329603,DEFICIT_PRESSURE,7
6072.06,2026-06-23 19:00:00,35,26,18.499287432924966,26.77777609093451,8.278488658009543,8.278488658009543,SURPLUS_PRESSURE,8
6173.08,2026-06-23 19:00:00,44,18,31.564988970767946,24.296355426693427,-7.268633544074518,7.268633544074518,DEFICIT_PRESSURE,9
5712.03,2026-06-23 19:00:00,48,29,41.378600430903155,34.20235272366522,-7.176247707237934,7.176247707237934,DEFICIT_PRESSURE,10
6233.04,2026-06-23 19:00:00,43,43,55.602646839757924,49.207043478890135,-6.3956033608677885,6.3956033608677885,DEFICIT_PRESSURE,11
5374.01,2026-06-23 19:00:00,35,29,20.82630896494441,27.15124284779974,6.32493388285533,6.32493388285533,SURPLUS_PRESSURE,12
6948.10,2026-06-23 19:00:00,26,22,28.81254289819102,23.416522577237565,-5.396020320953454,5.396020320953454,DEFICIT_PRESSURE,13
6140.05,2026-06-23 19:00:00,44,39,36.51245704295707,31.76102246904708,-4.751434573909986,4.751434573909986,DEFICIT_PRESSURE,14
5492.05,2026-06-23 19:00:00,33,32,25.867453993766016,23.306997074566958,-2.5604569191990585,2.5604569191990585,DEFICIT_PRESSURE,15
6364.07,2026-06-23 19:00:00,20,36,27.081641948954502,29.488852791370164,2.4072108424156617,2.4072108424156617,SURPLUS_PRESSURE,16
6459.07,2026-06-23 19:00:00,28,25,24.114584776047465,25.870195827584624,1.7556110515371586,1.7556110515371586,SURPLUS_PRESSURE,17
5905.12,2026-06-23 19:00:00,25,17,29.363803436386704,28.462866279739146,-0.9009371566475579,0.9009371566475579,DEFICIT_PRESSURE,18
5763.03,2026-06-23 19:00:00,25,41,23.53612099236196,23.68664448160137,0.1505234892394114,0.1505234892394114,SURPLUS_PRESSURE,19
5905.14,2026-06-23 19:00:00,35,30,23.214947484718856,23.313231502072114,0.09828401735325798,0.09828401735325798,SURPLUS_PRESSURE,20
5980.10,2026-06-23 20:00:00,35,10,22.647252121656678,5.084230464594366,-17.56302165706231,17.56302165706231,DEFICIT_PRESSURE,1
5712.03,2026-06-23 20:00:00,36,25,35.79563457813968,21.579746488600982,-14.215888089538701,14.215888089538701,DEFICIT_PRESSURE,2
6492.08,2026-06-23 20:00:00,28,16,26.87415347186756,15.958377492882516,-10.915775978985046,10.915775978985046,DEFICIT_PRESSURE,3
6432.09,2026-06-23 20:00:00,19,20,23.331349734092115,12.648574760000358,-10.682774974091757,10.682774974091757,DEFICIT_PRESSURE,4
5905.14,2026-06-23 20:00:00,23,28,30.351321088060736,20.38344875392422,-9.967872334136516,9.967872334136516,DEFICIT_PRESSURE,5
5905.12,2026-06-23 20:00:00,24,20,24.967048992478635,16.0918262576072,-8.875222734871436,8.875222734871436,DEFICIT_PRESSURE,6
5374.01,2026-06-23 20:00:00,25,23,27.525630251594663,19.036626872421365,-8.489003379173298,8.489003379173298,DEFICIT_PRESSURE,7
6459.07,2026-06-23 20:00:00,35,31,21.29817176876233,14.049618108917983,-7.248553659844347,7.248553659844347,DEFICIT_PRESSURE,8
6173.08,2026-06-23 20:00:00,41,23,19.841654473140803,13.400423150072958,-6.441231323067845,6.441231323067845,DEFICIT_PRESSURE,9
6912.01,2026-06-23 20:00:00,34,15,20.528307155820848,14.413384688683829,-6.114922467137019,6.114922467137019,DEFICIT_PRESSURE,10
6364.07,2026-06-23 20:00:00,28,18,27.889606701885032,22.41833932172249,-5.471267380162541,5.471267380162541,DEFICIT_PRESSURE,11
6822.09,2026-06-23 20:00:00,18,9,18.21263198905253,12.921757179476662,-5.290874809575866,5.290874809575866,DEFICIT_PRESSURE,12
5763.03,2026-06-23 20:00:00,24,23,33.58416104761895,38.75556152762847,5.171400480009524,5.171400480009524,SURPLUS_PRESSURE,13
6072.06,2026-06-23 20:00:00,31,24,23.589904715591683,19.011930301308272,-4.5779744142834105,4.5779744142834105,DEFICIT_PRESSURE,14
6140.05,2026-06-23 20:00:00,38,27,34.669966418373825,31.1349094443519,-3.5350569740219235,3.5350569740219235,DEFICIT_PRESSURE,15
6233.04,2026-06-23 20:00:00,70,42,47.7812385188608,49.932033837295506,2.150795318434703,2.150795318434703,SURPLUS_PRESSURE,16
6331.01,2026-06-23 20:00:00,26,24,24.032903552844818,21.950066213553768,-2.08283733929105,2.08283733929105,DEFICIT_PRESSURE,17
6726.01,2026-06-23 20:00:00,24,24,29.10972356900205,27.38935374394372,-1.7203698250583308,1.7203698250583308,DEFICIT_PRESSURE,18
6948.10,2026-06-23 20:00:00,29,15,17.040445602535314,15.61371286966826,-1.4267327328670536,1.4267327328670536,DEFICIT_PRESSURE,19
5492.05,2026-06-23 20:00:00,31,25,25.773353866939818,26.16861611257449,0.3952622456346724,0.3952622456346724,SURPLUS_PRESSURE,20
5980.10,2026-06-23 21:00:00,17,1,20.356808095469706,8.573185683826654,-11.783622411643051,11.783622411643051,DEFICIT_PRESSURE,1
6912.01,2026-06-23 21:00:00,15,15,20.915226851379348,9.788424242416935,-11.126802608962413,11.126802608962413,DEFICIT_PRESSURE,2
5374.01,2026-06-23 21:00:00,42,23,25.33350446233517,14.294102882672854,-11.039401579662316,11.039401579662316,DEFICIT_PRESSURE,3
6173.08,2026-06-23 21:00:00,16,8,19.98328971285183,11.177790631154844,-8.805499081696984,8.805499081696984,DEFICIT_PRESSURE,4
6140.05,2026-06-23 21:00:00,15,9,23.77297579142227,15.239360170875027,-8.533615620547241,8.533615620547241,DEFICIT_PRESSURE,5
6948.10,2026-06-23 21:00:00,19,14,16.987001401662095,8.876542458166734,-8.110458943495361,8.110458943495361,DEFICIT_PRESSURE,6
6233.04,2026-06-23 21:00:00,18,12,24.722460208973803,16.647029816211614,-8.07543039276219,8.07543039276219,DEFICIT_PRESSURE,7
6822.09,2026-06-23 21:00:00,14,7,12.95401790260397,6.657586786157793,-6.296431116446177,6.296431116446177,DEFICIT_PRESSURE,8
6492.08,2026-06-23 21:00:00,27,8,14.172592793004844,8.00274101860476,-6.169851774400083,6.169851774400083,DEFICIT_PRESSURE,9
5712.03,2026-06-23 21:00:00,26,22,21.310206506904272,16.672934287442477,-4.637272219461796,4.637272219461796,DEFICIT_PRESSURE,10
5905.14,2026-06-23 21:00:00,17,18,18.83731406436687,14.23846900806592,-4.598845056300949,4.598845056300949,DEFICIT_PRESSURE,11
6459.07,2026-06-23 21:00:00,8,13,17.427188202327983,13.283336770099742,-4.1438514322282405,4.1438514322282405,DEFICIT_PRESSURE,12
6364.07,2026-06-23 21:00:00,17,12,18.362575308978002,14.864140062129803,-3.4984352468481994,3.4984352468481994,DEFICIT_PRESSURE,13
6072.06,2026-06-23 21:00:00,22,11,21.450650597403232,18.085978991547684,-3.3646716058555484,3.3646716058555484,DEFICIT_PRESSURE,14
5763.03,2026-06-23 21:00:00,36,20,19.66817306303269,16.756116027250986,-2.9120570357817037,2.9120570357817037,DEFICIT_PRESSURE,15
5905.12,2026-06-23 21:00:00,23,18,19.257224620229533,16.36494258263754,-2.8922820375919933,2.8922820375919933,DEFICIT_PRESSURE,16
6726.01,2026-06-23 21:00:00,24,10,14.60394209626711,16.88542741878314,2.2814853225160316,2.2814853225160316,SURPLUS_PRESSURE,17
6432.09,2026-06-23 21:00:00,14,12,14.021538189344891,11.985691959168385,-2.0358462301765066,2.0358462301765066,DEFICIT_PRESSURE,18
6331.01,2026-06-23 21:00:00,26,16,16.320711233764044,14.875099387681002,-1.4456118460830414,1.4456118460830414,DEFICIT_PRESSURE,19
5492.05,2026-06-23 21:00:00,21,17,22.019493106362294,21.90672850544076,-0.11276460092153329,0.11276460092153329,DEFICIT_PRESSURE,20
5980.10,2026-06-23 22:00:00,15,1,12.637612543598214,1.2522873878644716,-11.385325155733742,11.385325155733742,DEFICIT_PRESSURE,1
5763.03,2026-06-23 22:00:00,19,12,24.725095456372568,14.236554467678747,-10.48854098869382,10.48854098869382,DEFICIT_PRESSURE,2
6331.01,2026-06-23 22:00:00,43,14,17.748723539530623,7.314097479223966,-10.434626060306657,10.434626060306657,DEFICIT_PRESSURE,3
5374.01,2026-06-23 22:00:00,16,16,26.805181509896773,16.624796875124666,-10.180384634772107,10.180384634772107,DEFICIT_PRESSURE,4
6492.08,2026-06-23 22:00:00,14,15,15.550227738708848,7.470899142333177,-8.079328596375671,8.079328596375671,DEFICIT_PRESSURE,5
6173.08,2026-06-23 22:00:00,9,13,12.371108558310823,4.900699823205348,-7.470408735105475,7.470408735105475,DEFICIT_PRESSURE,6
6072.06,2026-06-23 22:00:00,16,17,17.705822570582228,11.027105705556373,-6.678716865025855,6.678716865025855,DEFICIT_PRESSURE,7
6459.07,2026-06-23 22:00:00,17,17,6.194918177191698,11.46282992054348,5.267911743351783,5.267911743351783,SURPLUS_PRESSURE,8
6726.01,2026-06-23 22:00:00,29,18,13.30913303799176,10.777863546209389,-2.5312694917823713,2.5312694917823713,DEFICIT_PRESSURE,9
6912.01,2026-06-23 22:00:00,26,2,11.983546178365017,9.697498418180764,-2.2860477601842533,2.2860477601842533,DEFICIT_PRESSURE,10
6948.10,2026-06-23 22:00:00,11,7,8.885782650515234,6.640996774371803,-2.244785876143431,2.244785876143431,DEFICIT_PRESSURE,11
5492.05,2026-06-23 22:00:00,15,16,15.661043761358233,13.732882980830341,-1.9281607805278913,1.9281607805278913,DEFICIT_PRESSURE,12
5905.14,2026-06-23 22:00:00,22,13,10.439058508605934,12.243914064582269,1.804855555976335,1.804855555976335,SURPLUS_PRESSURE,13
6364.07,2026-06-23 22:00:00,18,14,14.505815156571574,13.04028622049322,-1.4655289360783534,1.4655289360783534,DEFICIT_PRESSURE,14
6822.09,2026-06-23 22:00:00,8,12,7.954763830550321,6.494081281529182,-1.460682549021139,1.460682549021139,DEFICIT_PRESSURE,15
6233.04,2026-06-23 22:00:00,11,13,6.19054237199459,5.340905425191176,-0.8496369468034137,0.8496369468034137,DEFICIT_PRESSURE,16
5905.12,2026-06-23 22:00:00,14,6,10.825567394663244,11.5874832798694,0.7619158852061556,0.7619158852061556,SURPLUS_PRESSURE,17
6140.05,2026-06-23 22:00:00,16,18,7.104204500459073,6.542284499065256,-0.5619200013938164,0.5619200013938164,DEFICIT_PRESSURE,18
5712.03,2026-06-23 22:00:00,16,14,18.081185095247303,17.53074918699888,-0.5504359082484243,0.5504359082484243,DEFICIT_PRESSURE,19
6432.09,2026-06-23 22:00:00,4,5,7.745165434338771,8.26518628723148,0.5200208528927082,0.5200208528927082,SURPLUS_PRESSURE,20
6331.01,2026-06-23 23:00:00,12,4,36.19444336855563,6.511013608025756,-29.683429760529876,29.683429760529876,DEFICIT_PRESSURE,1
6912.01,2026-06-23 23:00:00,11,6,17.547282019472636,2.8033982871392356,-14.743883732333401,14.743883732333401,DEFICIT_PRESSURE,2
5763.03,2026-06-23 23:00:00,7,13,12.472971994473465,5.186042224547474,-7.28692976992599,7.28692976992599,DEFICIT_PRESSURE,3
5980.10,2026-06-23 23:00:00,5,1,7.489017054275995,0.49486316084431065,-6.994153893431684,6.994153893431684,DEFICIT_PRESSURE,4
6726.01,2026-06-23 23:00:00,4,14,15.11888088098546,11.113684188522104,-4.005196692463356,4.005196692463356,DEFICIT_PRESSURE,5
5905.12,2026-06-23 23:00:00,12,4,8.639469707391674,5.386227716055043,-3.2532419913366315,3.2532419913366315,DEFICIT_PRESSURE,6
6822.09,2026-06-23 23:00:00,8,7,6.642776590993707,9.34166959410517,2.698893003111463,2.698893003111463,SURPLUS_PRESSURE,7
6492.08,2026-06-23 23:00:00,9,4,4.6118928737388405,7.0691258688111045,2.457232995072264,2.457232995072264,SURPLUS_PRESSURE,8
5905.14,2026-06-23 23:00:00,12,6,8.122119594665998,5.955848617980939,-2.166270976685059,2.166270976685059,DEFICIT_PRESSURE,9
6233.04,2026-06-23 23:00:00,3,1,3.763807625957297,5.595998494308362,1.832190868351065,1.832190868351065,SURPLUS_PRESSURE,10
6364.07,2026-06-23 23:00:00,7,10,9.13650354326406,7.309364501522275,-1.8271390417417859,1.8271390417417859,DEFICIT_PRESSURE,11
6173.08,2026-06-23 23:00:00,7,2,4.815930979821578,6.634688124607472,1.8187571447858932,1.8187571447858932,SURPLUS_PRESSURE,12
6948.10,2026-06-23 23:00:00,8,6,6.850619197925829,5.625410243701023,-1.2252089542248052,1.2252089542248052,DEFICIT_PRESSURE,13
6459.07,2026-06-23 23:00:00,5,9,12.152715395239891,13.08035637063751,0.9276409753976189,0.9276409753976189,SURPLUS_PRESSURE,14
5712.03,2026-06-23 23:00:00,9,10,10.423651487121047,11.143889258143574,0.7202377710225267,0.7202377710225267,SURPLUS_PRESSURE,15
6432.09,2026-06-23 23:00:00,10,7,4.327935538052697,3.7395609625407853,-0.5883745755119114,0.5883745755119114,DEFICIT_PRESSURE,16
6140.05,2026-06-23 23:00:00,6,2,10.600263425585279,10.173089264954651,-0.42717416063062785,0.42717416063062785,DEFICIT_PRESSURE,17
5492.05,2026-06-23 23:00:00,6,3,12.033904927298492,12.427011378210919,0.3931064509124269,0.3931064509124269,SURPLUS_PRESSURE,18
5374.01,2026-06-23 23:00:00,10,10,9.497657283243997,9.351967256124972,-0.14569002711902534,0.14569002711902534,DEFICIT_PRESSURE,19
6072.06,2026-06-23 23:00:00,11,12,10.28677059855459,10.283764749593802,-0.003005848960787816,0.003005848960787816,DEFICIT_PRESSURE,20
5905.12,2026-06-24 00:00:00,8,8,7.887120504801914,4.294076060338386,-3.593044444463528,3.593044444463528,DEFICIT_PRESSURE,1
6331.01,2026-06-24 00:00:00,8,9,6.879230321213222,4.358550636029977,-2.5206796851832447,2.5206796851832447,DEFICIT_PRESSURE,2
5492.05,2026-06-24 00:00:00,2,6,4.11357443659476,1.8262186652208434,-2.2873557713739165,2.2873557713739165,DEFICIT_PRESSURE,3
6492.08,2026-06-24 00:00:00,4,4,4.929564337277313,2.66176576422596,-2.267798573051353,2.267798573051353,DEFICIT_PRESSURE,4
6822.09,2026-06-24 00:00:00,3,3,5.06253716612984,2.8474835445256432,-2.215053621604197,2.215053621604197,DEFICIT_PRESSURE,5
5763.03,2026-06-24 00:00:00,10,6,3.715582227263354,5.7212913466214035,2.0057091193580496,2.0057091193580496,SURPLUS_PRESSURE,6
5980.10,2026-06-24 00:00:00,3,0,3.0111077621169198,1.239046809690088,-1.7720609524268318,1.7720609524268318,DEFICIT_PRESSURE,7
6459.07,2026-06-24 00:00:00,8,2,2.5456475341612186,4.23939474620829,1.6937472120470711,1.6937472120470711,SURPLUS_PRESSURE,8
6726.01,2026-06-24 00:00:00,2,5,3.8803278676491124,5.317302490588198,1.4369746229390858,1.4369746229390858,SURPLUS_PRESSURE,9
6173.08,2026-06-24 00:00:00,2,2,3.738300247442264,2.3957542917433043,-1.3425459556989598,1.3425459556989598,DEFICIT_PRESSURE,10
5905.14,2026-06-24 00:00:00,3,4,4.584767730898159,3.274013334543252,-1.3107543963549073,1.3107543963549073,DEFICIT_PRESSURE,11
6432.09,2026-06-24 00:00:00,5,5,4.873620276879462,3.764766258327113,-1.1088540185523494,1.1088540185523494,DEFICIT_PRESSURE,12
6140.05,2026-06-24 00:00:00,1,3,2.6412545665857277,1.6665881738206827,-0.974666392765045,0.974666392765045,DEFICIT_PRESSURE,13
6233.04,2026-06-24 00:00:00,5,4,1.251668052162314,0.3744249241005884,-0.8772431280617257,0.8772431280617257,DEFICIT_PRESSURE,14
6912.01,2026-06-24 00:00:00,0,3,3.7198008424344686,3.085378788410079,-0.6344220540243897,0.6344220540243897,DEFICIT_PRESSURE,15
6364.07,2026-06-24 00:00:00,4,1,2.651255477516804,3.1696582780413003,0.5184028005244965,0.5184028005244965,SURPLUS_PRESSURE,16
5374.01,2026-06-24 00:00:00,8,13,5.886374626309436,6.256945017856757,0.37057039154732063,0.37057039154732063,SURPLUS_PRESSURE,17
6072.06,2026-06-24 00:00:00,12,3,6.153317830125169,6.007280307736326,-0.14603752238884304,0.14603752238884304,DEFICIT_PRESSURE,18
5712.03,2026-06-24 00:00:00,5,5,4.301647446102882,4.201767816348879,-0.09987962975400233,0.09987962975400233,DEFICIT_PRESSURE,19
6948.10,2026-06-24 00:00:00,4,10,3.1516557509907637,3.2073259761715622,0.05567022518079856,0.05567022518079856,SURPLUS_PRESSURE,20
6072.06,2026-06-24 01:00:00,0,1,7.46958603325223,0.9940708743679372,-6.475515158884293,6.475515158884293,DEFICIT_PRESSURE,1
5980.10,2026-06-24 01:00:00,0,1,2.7239095636081667,0.3342129037225641,-2.3896966598856024,2.3896966598856024,DEFICIT_PRESSURE,2
5374.01,2026-06-24 01:00:00,6,4,3.101813408088234,5.21417895212079,2.112365544032556,2.112365544032556,SURPLUS_PRESSURE,3
5763.03,2026-06-24 01:00:00,1,1,5.686367255055301,3.664114935266618,-2.022252319788683,2.022252319788683,DEFICIT_PRESSURE,4
6822.09,2026-06-24 01:00:00,2,6,0.817882890803087,2.5675126525327583,1.7496297617296714,1.7496297617296714,SURPLUS_PRESSURE,5
6331.01,2026-06-24 01:00:00,2,1,3.7923634717007495,2.0953941062330284,-1.6969693654677211,1.6969693654677211,DEFICIT_PRESSURE,6
5905.12,2026-06-24 01:00:00,3,1,2.964714836255169,4.488659776900605,1.5239449406454364,1.5239449406454364,SURPLUS_PRESSURE,7
6912.01,2026-06-24 01:00:00,0,0,0.5738188552079955,1.7423625665790683,1.1685437113710728,1.1685437113710728,SURPLUS_PRESSURE,8
5712.03,2026-06-24 01:00:00,3,2,2.855127430945355,1.7554608518443886,-1.0996665791009663,1.0996665791009663,DEFICIT_PRESSURE,9
6948.10,2026-06-24 01:00:00,2,3,1.7003786790135857,2.4875021529408126,0.7871234739272268,0.7871234739272268,SURPLUS_PRESSURE,10
6459.07,2026-06-24 01:00:00,1,3,2.7764192249495436,2.0813409708631174,-0.6950782540864262,0.6950782540864262,DEFICIT_PRESSURE,11
6233.04,2026-06-24 01:00:00,0,0,1.4767315585853047,0.921423813281441,-0.5553077453038637,0.5553077453038637,DEFICIT_PRESSURE,12
6140.05,2026-06-24 01:00:00,1,0,0.669015568732108,1.1588447110602704,0.48982914232816244,0.48982914232816244,SURPLUS_PRESSURE,13
5905.14,2026-06-24 01:00:00,1,3,1.1670473184763543,1.5587667231719107,0.39171940469555633,0.39171940469555633,SURPLUS_PRESSURE,14
5492.05,2026-06-24 01:00:00,1,1,2.9168491023184693,2.5538762808177866,-0.36297282150068266,0.36297282150068266,DEFICIT_PRESSURE,15
6364.07,2026-06-24 01:00:00,4,1,1.8414866232784788,1.57314680887089,-0.2683398144075888,0.2683398144075888,DEFICIT_PRESSURE,16
6492.08,2026-06-24 01:00:00,3,2,1.4091112647707913,1.5058180336241722,0.09670676885338092,0.09670676885338092,SURPLUS_PRESSURE,17
6726.01,2026-06-24 01:00:00,2,3,2.3646072423217164,2.4596375721270984,0.09503032980538206,0.09503032980538206,SURPLUS_PRESSURE,18
6432.09,2026-06-24 01:00:00,4,6,1.9428032260005688,2.036522613201858,0.09371938720128914,0.09371938720128914,SURPLUS_PRESSURE,19
6173.08,2026-06-24 01:00:00,0,1,1.1510943708902952,1.1446191456594783,-0.0064752252308168945,0.0064752252308168945,DEFICIT_PRESSURE,20
6726.01,2026-06-24 02:00:00,0,1,0.9533995373255653,2.1373937822633495,1.1839942449377843,1.1839942449377843,SURPLUS_PRESSURE,1
5905.12,2026-06-24 02:00:00,1,2,1.7184033943542159,0.5887731185995421,-1.129630275754674,1.129630275754674,DEFICIT_PRESSURE,2
6364.07,2026-06-24 02:00:00,1,0,2.005340676058197,1.0464906088327246,-0.9588500672254723,0.9588500672254723,DEFICIT_PRESSURE,3
5980.10,2026-06-24 02:00:00,2,0,1.0203037223628528,0.30341757585263274,-0.7168861465102201,0.7168861465102201,DEFICIT_PRESSURE,4
6822.09,2026-06-24 02:00:00,1,0,0.8093199258761946,1.4857125304682723,0.6763926045920777,0.6763926045920777,SURPLUS_PRESSURE,5
5712.03,2026-06-24 02:00:00,1,0,1.5434070204361923,1.0684667865768902,-0.47494023385930206,0.47494023385930206,DEFICIT_PRESSURE,6
5374.01,2026-06-24 02:00:00,3,2,1.677698547951901,1.2399799999042131,-0.43771854804768795,0.43771854804768795,DEFICIT_PRESSURE,7
6140.05,2026-06-24 02:00:00,0,0,0.666037376319857,0.2920450378825462,-0.37399233843731083,0.37399233843731083,DEFICIT_PRESSURE,8
5905.14,2026-06-24 02:00:00,0,0,0.42079702994649737,0.7300608039123042,0.30926377396580684,0.30926377396580684,SURPLUS_PRESSURE,9
6948.10,2026-06-24 02:00:00,0,1,1.0632888711177015,0.8123645760950814,-0.25092429502262015,0.25092429502262015,DEFICIT_PRESSURE,10
5763.03,2026-06-24 02:00:00,1,0,0.8709455081824895,0.6918289036287569,-0.17911660455373257,0.17911660455373257,DEFICIT_PRESSURE,11
6459.07,2026-06-24 02:00:00,0,1,1.0054414266882434,0.8485574618940422,-0.1568839647942012,0.1568839647942012,DEFICIT_PRESSURE,12
5492.05,2026-06-24 02:00:00,0,0,0.5658005163118935,0.7197120416827449,0.1539115253708514,0.1539115253708514,SURPLUS_PRESSURE,13
6072.06,2026-06-24 02:00:00,1,1,0.8295820587742139,0.9343516720045973,0.10476961323038347,0.10476961323038347,SURPLUS_PRESSURE,14
6492.08,2026-06-24 02:00:00,0,1,0.8672628431307712,0.7649656939933099,-0.10229714913746124,0.10229714913746124,DEFICIT_PRESSURE,15
6173.08,2026-06-24 02:00:00,1,0,0.5374016836169719,0.4583328197555944,-0.07906886386137751,0.07906886386137751,DEFICIT_PRESSURE,16
6233.04,2026-06-24 02:00:00,1,1,0.07076206015770467,0.13674422669330435,0.06598216653559968,0.06598216653559968,SURPLUS_PRESSURE,17
6432.09,2026-06-24 02:00:00,1,0,1.385897665860336,1.328840170652489,-0.057057495207846864,0.057057495207846864,DEFICIT_PRESSURE,18
6912.01,2026-06-24 02:00:00,0,3,1.0892530119303665,1.0548755139887491,-0.034377497941617374,0.034377497941617374,DEFICIT_PRESSURE,19
6331.01,2026-06-24 02:00:00,1,0,1.2404518564812064,1.2220163730140545,-0.018435483467151847,0.018435483467151847,DEFICIT_PRESSURE,20
5980.10,2026-06-24 03:00:00,2,0,1.0122327379053242,0.22420686456161668,-0.7880258733437076,0.7880258733437076,DEFICIT_PRESSURE,1
6492.08,2026-06-24 03:00:00,1,0,0.3555339627795583,0.772995670821206,0.4174617080416477,0.4174617080416477,SURPLUS_PRESSURE,2
6459.07,2026-06-24 03:00:00,0,0,0.4409414398333658,0.8411235547924537,0.4001821149590879,0.4001821149590879,SURPLUS_PRESSURE,3
6364.07,2026-06-24 03:00:00,2,2,1.0549914881855065,0.6560359446579115,-0.398955543527595,0.398955543527595,DEFICIT_PRESSURE,4
6331.01,2026-06-24 03:00:00,0,0,0.6852515973330588,0.34942604121521326,-0.3358255561178456,0.3358255561178456,DEFICIT_PRESSURE,5
5374.01,2026-06-24 03:00:00,1,1,1.282077231202142,0.9673474332027737,-0.3147297979993683,0.3147297979993683,DEFICIT_PRESSURE,6
6948.10,2026-06-24 03:00:00,0,1,0.35509967074501014,0.6347597669993663,0.27966009625435617,0.27966009625435617,SURPLUS_PRESSURE,7
6726.01,2026-06-24 03:00:00,0,2,0.45315757666381407,0.7222462329943988,0.26908865633058476,0.26908865633058476,SURPLUS_PRESSURE,8
5905.12,2026-06-24 03:00:00,2,0,0.9200097036214575,0.7233498942309206,-0.19665980939053695,0.19665980939053695,DEFICIT_PRESSURE,9
5763.03,2026-06-24 03:00:00,0,3,0.46450756840411567,0.2967870721254499,-0.16772049627866575,0.16772049627866575,DEFICIT_PRESSURE,10
6233.04,2026-06-24 03:00:00,0,0,0.13396508947367153,0.29909460344172323,0.1651295139680517,0.1651295139680517,SURPLUS_PRESSURE,11
6140.05,2026-06-24 03:00:00,2,0,0.3716332317683677,0.22665012131075696,-0.14498311045761075,0.14498311045761075,DEFICIT_PRESSURE,12
6432.09,2026-06-24 03:00:00,0,0,0.42269454239788656,0.2848809604892539,-0.1378135819086327,0.1378135819086327,DEFICIT_PRESSURE,13
5905.14,2026-06-24 03:00:00,0,1,0.3747463174711904,0.5088494477229163,0.13410313025172588,0.13410313025172588,SURPLUS_PRESSURE,14
6912.01,2026-06-24 03:00:00,0,0,0.5897426547008296,0.7220541078397124,0.1323114531388827,0.1323114531388827,SURPLUS_PRESSURE,15
5712.03,2026-06-24 03:00:00,0,0,0.4675377528587186,0.3639818046999532,-0.1035559481587654,0.1035559481587654,DEFICIT_PRESSURE,16
6072.06,2026-06-24 03:00:00,1,0,0.6729214058412357,0.5885256638099504,-0.0843957420312853,0.0843957420312853,DEFICIT_PRESSURE,17
6173.08,2026-06-24 03:00:00,0,0,0.3476975972023223,0.2737420519836766,-0.07395554521864567,0.07395554521864567,DEFICIT_PRESSURE,18
5492.05,2026-06-24 03:00:00,0,1,0.3293736639877124,0.26485749055552543,-0.06451617343218696,0.06451617343218696,DEFICIT_PRESSURE,19
6822.09,2026-06-24 03:00:00,0,1,0.40994295285340454,0.44282331576111067,0.03288036290770613,0.03288036290770613,SURPLUS_PRESSURE,20
5763.03,2026-06-24 04:00:00,2,1,0.8104357198888468,2.3784078459050484,1.5679721260162016,1.5679721260162016,SURPLUS_PRESSURE,1
5374.01,2026-06-24 04:00:00,0,6,0.8527907255300962,2.4112537074223686,1.5584629818922724,1.5584629818922724,SURPLUS_PRESSURE,2
5905.14,2026-06-24 04:00:00,0,1,0.3525897349496234,1.7708323338835876,1.4182425989339642,1.4182425989339642,SURPLUS_PRESSURE,3
6726.01,2026-06-24 04:00:00,1,2,0.574789593996749,1.9693032277165785,1.3945136337198294,1.3945136337198294,SURPLUS_PRESSURE,4
6822.09,2026-06-24 04:00:00,1,1,0.31623848303318247,1.5913583778607725,1.27511989482759,1.27511989482759,SURPLUS_PRESSURE,5
6459.07,2026-06-24 04:00:00,0,1,0.332239063938567,1.3583755241982198,1.0261364602596528,1.0261364602596528,SURPLUS_PRESSURE,6
5980.10,2026-06-24 04:00:00,1,1,1.123934182572882,0.2575668842342185,-0.8663672983386634,0.8663672983386634,DEFICIT_PRESSURE,7
5905.12,2026-06-24 04:00:00,2,0,0.9433019137887071,1.7854185074359155,0.8421165936472084,0.8421165936472084,SURPLUS_PRESSURE,8
6140.05,2026-06-24 04:00:00,0,2,0.5675927854669911,1.2276882779622817,0.6600954924952906,0.6600954924952906,SURPLUS_PRESSURE,9
6912.01,2026-06-24 04:00:00,0,1,0.6999841966281908,1.284487356147772,0.5845031595195813,0.5845031595195813,SURPLUS_PRESSURE,10
6948.10,2026-06-24 04:00:00,0,0,0.4373122386569097,0.9934781216731078,0.5561658830161981,0.5561658830161981,SURPLUS_PRESSURE,11
6331.01,2026-06-24 04:00:00,1,4,0.9934369668640803,1.417792882959743,0.4243559160956627,0.4243559160956627,SURPLUS_PRESSURE,12
5712.03,2026-06-24 04:00:00,1,5,1.7644807015841106,1.4910650647390937,-0.2734156368450169,0.2734156368450169,DEFICIT_PRESSURE,13
6364.07,2026-06-24 04:00:00,1,0,1.508303194664694,1.2839267320419978,-0.22437646262269628,0.22437646262269628,DEFICIT_PRESSURE,14
5492.05,2026-06-24 04:00:00,1,1,0.9041696197954526,0.7600774021238839,-0.14409221767156877,0.14409221767156877,DEFICIT_PRESSURE,15
6432.09,2026-06-24 04:00:00,0,0,0.49198919895613086,0.6115064201132806,0.11951722115714974,0.11951722115714974,SURPLUS_PRESSURE,16
6492.08,2026-06-24 04:00:00,0,1,0.5423710378104407,0.6274414559010046,0.08507041809056393,0.08507041809056393,SURPLUS_PRESSURE,17
6173.08,2026-06-24 04:00:00,0,0,0.314018118064032,0.3838316253933243,0.06981350732929231,0.06981350732929231,SURPLUS_PRESSURE,18
6233.04,2026-06-24 04:00:00,0,0,0.08856286967664405,0.14645016293209553,0.057887293255451486,0.057887293255451486,SURPLUS_PRESSURE,19
6072.06,2026-06-24 04:00:00,0,0,0.5506569989584054,0.5900261107456192,0.039369111787213806,0.039369111787213806,SURPLUS_PRESSURE,20
6233.04,2026-06-24 05:00:00,1,29,0.6231527004873062,17.98686926115912,17.363716560671815,17.363716560671815,SURPLUS_PRESSURE,1
6822.09,2026-06-24 05:00:00,2,6,2.2969356433794776,6.420207310848018,4.12327166746854,4.12327166746854,SURPLUS_PRESSURE,2
5905.14,2026-06-24 05:00:00,4,6,2.041842588440009,5.063257560925374,3.0214149724853647,3.0214149724853647,SURPLUS_PRESSURE,3
6140.05,2026-06-24 05:00:00,4,2,1.9352299236772448,4.877605726868955,2.9423758031917107,2.9423758031917107,SURPLUS_PRESSURE,4
6331.01,2026-06-24 05:00:00,16,9,8.83327810819733,6.681294499199236,-2.151983608998094,2.151983608998094,DEFICIT_PRESSURE,5
6459.07,2026-06-24 05:00:00,8,1,4.4005135926652965,2.397053529031634,-2.0034600636336624,2.0034600636336624,DEFICIT_PRESSURE,6
5374.01,2026-06-24 05:00:00,1,2,0.9746591413854392,2.9643724563174323,1.989713314931993,1.989713314931993,SURPLUS_PRESSURE,7
6173.08,2026-06-24 05:00:00,0,4,0.44595445899320374,2.1834178522305465,1.7374633932373427,1.7374633932373427,SURPLUS_PRESSURE,8
6432.09,2026-06-24 05:00:00,8,4,4.8265184833067325,6.539573786250156,1.713055302943424,1.713055302943424,SURPLUS_PRESSURE,9
6364.07,2026-06-24 05:00:00,2,2,2.6874478722116915,0.9842439335424491,-1.7032039386692424,1.7032039386692424,DEFICIT_PRESSURE,10
5712.03,2026-06-24 05:00:00,3,1,3.9167475807811134,2.7253349747208113,-1.191412606060302,1.191412606060302,DEFICIT_PRESSURE,11
6072.06,2026-06-24 05:00:00,3,3,2.0742546488101685,1.0089293998915505,-1.065325248918618,1.065325248918618,DEFICIT_PRESSURE,12
5980.10,2026-06-24 05:00:00,2,1,2.4161319583830276,1.3592703391851595,-1.0568616191978681,1.0568616191978681,DEFICIT_PRESSURE,13
6726.01,2026-06-24 05:00:00,3,3,3.2703511835795043,2.271272730361031,-0.9990784532184733,0.9990784532184733,DEFICIT_PRESSURE,14
5492.05,2026-06-24 05:00:00,1,0,1.8436433904443583,1.1131858776604413,-0.730457512783917,0.730457512783917,DEFICIT_PRESSURE,15
6948.10,2026-06-24 05:00:00,2,2,3.557990654198816,3.158595845357238,-0.3993948088415782,0.3993948088415782,DEFICIT_PRESSURE,16
6492.08,2026-06-24 05:00:00,2,2,3.0450314505532954,2.74370079678877,-0.3013306537645253,0.3013306537645253,DEFICIT_PRESSURE,17
5905.12,2026-06-24 05:00:00,5,2,2.868363654159566,3.068948914472929,0.2005852603133631,0.2005852603133631,SURPLUS_PRESSURE,18
6912.01,2026-06-24 05:00:00,0,4,2.1184679644040205,2.272391854014537,0.15392388961051662,0.15392388961051662,SURPLUS_PRESSURE,19
5763.03,2026-06-24 05:00:00,4,1,2.146226065446086,2.221704483159263,0.07547841771317731,0.07547841771317731,SURPLUS_PRESSURE,20
6822.09,2026-06-24 06:00:00,8,39,8.215507031490919,29.930757274156335,21.715250242665416,21.715250242665416,SURPLUS_PRESSURE,1
6233.04,2026-06-24 06:00:00,6,18,4.798381902191664,23.615837552919235,18.81745565072757,18.81745565072757,SURPLUS_PRESSURE,2
6726.01,2026-06-24 06:00:00,21,6,17.791441780471942,6.168890427710962,-11.62255135276098,11.62255135276098,DEFICIT_PRESSURE,3
5712.03,2026-06-24 06:00:00,9,21,8.322842727596203,18.689240608608767,10.366397881012563,10.366397881012563,SURPLUS_PRESSURE,4
6912.01,2026-06-24 06:00:00,8,14,5.453064718247028,12.714149825903114,7.261085107656085,7.261085107656085,SURPLUS_PRESSURE,5
6331.01,2026-06-24 06:00:00,30,22,18.9093508660585,12.790537628289451,-6.118813237769048,6.118813237769048,DEFICIT_PRESSURE,6
6432.09,2026-06-24 06:00:00,20,30,15.471369477028038,20.969235865014742,5.497866387986704,5.497866387986704,SURPLUS_PRESSURE,7
5763.03,2026-06-24 06:00:00,12,6,10.0938666667103,5.114898666807123,-4.978967999903177,4.978967999903177,DEFICIT_PRESSURE,8
6948.10,2026-06-24 06:00:00,8,17,8.735297386013446,12.769557117172575,4.034259731159128,4.034259731159128,SURPLUS_PRESSURE,9
6140.05,2026-06-24 06:00:00,6,18,10.032185663271939,14.04435119356589,4.0121655302939505,4.0121655302939505,SURPLUS_PRESSURE,10
6364.07,2026-06-24 06:00:00,22,11,8.22605349307594,4.2596488228285425,-3.966404670247397,3.966404670247397,DEFICIT_PRESSURE,11
5905.12,2026-06-24 06:00:00,10,16,8.998562276154564,12.917025284643536,3.918463008488972,3.918463008488972,SURPLUS_PRESSURE,12
5980.10,2026-06-24 06:00:00,10,1,5.343975128430708,1.6677924386411709,-3.6761826897895373,3.6761826897895373,DEFICIT_PRESSURE,13
6459.07,2026-06-24 06:00:00,6,3,9.650967237812557,6.152373398290731,-3.498593839521826,3.498593839521826,DEFICIT_PRESSURE,14
5492.05,2026-06-24 06:00:00,5,9,7.468789460590095,4.611979016500845,-2.85681044408925,2.85681044408925,DEFICIT_PRESSURE,15
5374.01,2026-06-24 06:00:00,4,6,4.130377803627493,6.552895571385765,2.422517767758272,2.422517767758272,SURPLUS_PRESSURE,16
6173.08,2026-06-24 06:00:00,4,10,3.3974557092123074,5.636626462613772,2.2391707534014644,2.2391707534014644,SURPLUS_PRESSURE,17
6072.06,2026-06-24 06:00:00,10,4,5.74440696504355,3.8774221030454465,-1.866984861998103,1.866984861998103,DEFICIT_PRESSURE,18
5905.14,2026-06-24 06:00:00,6,13,10.300948260328793,11.633099906594738,1.3321516462659453,1.3321516462659453,SURPLUS_PRESSURE,19
6492.08,2026-06-24 06:00:00,16,14,10.285821353841895,9.66354062240504,-0.6222807314368541,0.6222807314368541,DEFICIT_PRESSURE,20
6822.09,2026-06-24 07:00:00,26,56,17.193585736915225,41.071548685129926,23.8779629482147,23.8779629482147,SURPLUS_PRESSURE,1
5712.03,2026-06-24 07:00:00,20,47,19.181838413053644,37.32334205463435,18.14150364158071,18.14150364158071,SURPLUS_PRESSURE,2
6726.01,2026-06-24 07:00:00,41,18,27.953580288790846,10.835092517763744,-17.1184877710271,17.1184877710271,DEFICIT_PRESSURE,3
6492.08,2026-06-24 07:00:00,28,45,24.327321369658236,40.172955280830294,15.845633911172058,15.845633911172058,SURPLUS_PRESSURE,4
6432.09,2026-06-24 07:00:00,38,65,36.5970689341481,49.08932044087659,12.492251506728493,12.492251506728493,SURPLUS_PRESSURE,5
5980.10,2026-06-24 07:00:00,18,6,13.226652568994943,1.8523800643710027,-11.37427250462394,11.37427250462394,DEFICIT_PRESSURE,6
6912.01,2026-06-24 07:00:00,15,28,12.929042189257109,21.724581167661295,8.795538978404187,8.795538978404187,SURPLUS_PRESSURE,7
5763.03,2026-06-24 07:00:00,9,10,19.343070411994287,10.629516493367355,-8.713553918626932,8.713553918626932,DEFICIT_PRESSURE,8
5492.05,2026-06-24 07:00:00,12,17,9.628226663426085,17.267768477270913,7.6395418138448274,7.6395418138448274,SURPLUS_PRESSURE,9
6173.08,2026-06-24 07:00:00,14,27,10.594373415234491,17.80294562236219,7.2085722071277,7.2085722071277,SURPLUS_PRESSURE,10
6364.07,2026-06-24 07:00:00,35,16,23.142943385619784,16.05810699754198,-7.084836388077804,7.084836388077804,DEFICIT_PRESSURE,11
6140.05,2026-06-24 07:00:00,23,26,18.55310285186949,24.637258708577292,6.0841558567078025,6.0841558567078025,SURPLUS_PRESSURE,12
5374.01,2026-06-24 07:00:00,10,12,9.766381834658068,15.617842707547911,5.851460872889843,5.851460872889843,SURPLUS_PRESSURE,13
6331.01,2026-06-24 07:00:00,42,30,31.044893499087067,36.25901657619022,5.214123077103153,5.214123077103153,SURPLUS_PRESSURE,14
5905.14,2026-06-24 07:00:00,24,20,13.40359571321442,18.37532386605919,4.97172815284477,4.97172815284477,SURPLUS_PRESSURE,15
6948.10,2026-06-24 07:00:00,24,23,19.436698464401378,22.976130760524047,3.539432296122669,3.539432296122669,SURPLUS_PRESSURE,16
5905.12,2026-06-24 07:00:00,8,26,16.819141588884463,20.346587058308895,3.527445469424432,3.527445469424432,SURPLUS_PRESSURE,17
6072.06,2026-06-24 07:00:00,16,13,13.861335625162903,10.802952804136195,-3.058382821026708,3.058382821026708,DEFICIT_PRESSURE,18
6459.07,2026-06-24 07:00:00,15,25,15.43172884860338,14.986145578133105,-0.4455832704702747,0.4455832704702747,DEFICIT_PRESSURE,19
6233.04,2026-06-24 07:00:00,23,21,22.46625793650794,22.521221609047174,0.054963672539233954,0.054963672539233954,SURPLUS_PRESSURE,20
6492.08,2026-06-24 08:00:00,54,150,45.704900613032265,113.22597619047619,67.52107557744392,67.52107557744392,SURPLUS_PRESSURE,1
6459.07,2026-06-24 08:00:00,45,82,29.43554610395334,62.441855567246975,33.00630946329363,33.00630946329363,SURPLUS_PRESSURE,2
5980.10,2026-06-24 08:00:00,41,11,34.08667726472874,7.616210718187436,-26.470466546541306,26.470466546541306,DEFICIT_PRESSURE,3
6173.08,2026-06-24 08:00:00,12,64,26.308640445181855,50.18016550397708,23.871525058795225,23.871525058795225,SURPLUS_PRESSURE,4
6432.09,2026-06-24 08:00:00,52,83,49.58229982445269,71.96711904761905,22.38481922316636,22.38481922316636,SURPLUS_PRESSURE,5
5905.12,2026-06-24 08:00:00,30,47,23.22911112687,45.043152448946124,21.814041322076125,21.814041322076125,SURPLUS_PRESSURE,6
6822.09,2026-06-24 08:00:00,34,49,36.84812019103301,52.14764672752726,15.299526536494248,15.299526536494248,SURPLUS_PRESSURE,7
6140.05,2026-06-24 08:00:00,47,69,43.72457769816389,58.515981049823594,14.791403351659703,14.791403351659703,SURPLUS_PRESSURE,8
6912.01,2026-06-24 08:00:00,27,69,34.12964120540316,46.77153326330534,12.641892057902176,12.641892057902176,SURPLUS_PRESSURE,9
6726.01,2026-06-24 08:00:00,31,23,37.216905483764684,24.686326284762053,-12.53057919900263,12.53057919900263,DEFICIT_PRESSURE,10
5374.01,2026-06-24 08:00:00,39,25,29.879349153879325,18.73029735530522,-11.149051798574106,11.149051798574106,DEFICIT_PRESSURE,11
5905.14,2026-06-24 08:00:00,37,42,28.959757012888222,39.64840889769397,10.688651884805747,10.688651884805747,SURPLUS_PRESSURE,12
6331.01,2026-06-24 08:00:00,49,59,40.24437307309223,49.193286695335736,8.94891362224351,8.94891362224351,SURPLUS_PRESSURE,13
6233.04,2026-06-24 08:00:00,68,46,45.12476842096075,37.3417200966575,-7.783048324303252,7.783048324303252,DEFICIT_PRESSURE,14
6948.10,2026-06-24 08:00:00,35,43,34.99827420576778,40.782338295441896,5.784064089674118,5.784064089674118,SURPLUS_PRESSURE,15
5712.03,2026-06-24 08:00:00,65,57,47.34384123744607,52.84171975593719,5.49787851849112,5.49787851849112,SURPLUS_PRESSURE,16
6072.06,2026-06-24 08:00:00,22,17,25.74650027130874,20.370963635809083,-5.375536635499657,5.375536635499657,DEFICIT_PRESSURE,17
5763.03,2026-06-24 08:00:00,29,24,23.904375188668297,19.15913852473007,-4.7452366639382255,4.7452366639382255,DEFICIT_PRESSURE,18
5492.05,2026-06-24 08:00:00,28,39,26.977199152183676,31.614469717855236,4.63727056567156,4.63727056567156,SURPLUS_PRESSURE,19
6364.07,2026-06-24 08:00:00,51,34,29.478899427613875,27.1910433068908,-2.287856120723074,2.287856120723074,DEFICIT_PRESSURE,20
6492.08,2026-06-24 09:00:00,21,90,38.78992041113385,89.16339880952383,50.37347839838998,50.37347839838998,SURPLUS_PRESSURE,1
6173.08,2026-06-24 09:00:00,27,55,17.742597339519214,52.05124978155852,34.3086524420393,34.3086524420393,SURPLUS_PRESSURE,2
6140.05,2026-06-24 09:00:00,35,67,38.94268562569734,64.43936454265118,25.49667891695384,25.49667891695384,SURPLUS_PRESSURE,3
5980.10,2026-06-24 09:00:00,39,18,36.47968547314342,12.396227881368517,-24.083457591774902,24.083457591774902,DEFICIT_PRESSURE,4
6432.09,2026-06-24 09:00:00,39,42,38.26085483094165,60.074096055265834,21.81324122432418,21.81324122432418,SURPLUS_PRESSURE,5
6912.01,2026-06-24 09:00:00,38,38,28.369946303601658,45.76973656233866,17.399790258737,17.399790258737,SURPLUS_PRESSURE,6
6822.09,2026-06-24 09:00:00,26,40,22.981763721732392,39.469685094376906,16.487921372644514,16.487921372644514,SURPLUS_PRESSURE,7
5905.14,2026-06-24 09:00:00,35,43,24.571522542901413,36.068267854863066,11.496745311961654,11.496745311961654,SURPLUS_PRESSURE,8
5374.01,2026-06-24 09:00:00,24,19,31.967949382182784,21.75072758246996,-10.217221799712824,10.217221799712824,DEFICIT_PRESSURE,9
6948.10,2026-06-24 09:00:00,40,74,36.838306925088794,45.04258568862263,8.204278763533836,8.204278763533836,SURPLUS_PRESSURE,10
6459.07,2026-06-24 09:00:00,35,38,37.64904473998413,42.722330798807505,5.073286058823378,5.073286058823378,SURPLUS_PRESSURE,11
5492.05,2026-06-24 09:00:00,22,26,24.70126440437645,29.262034854041207,4.5607704496647585,4.5607704496647585,SURPLUS_PRESSURE,12
6072.06,2026-06-24 09:00:00,26,26,21.757036072980977,17.24672745381676,-4.510308619164217,4.510308619164217,DEFICIT_PRESSURE,13
6331.01,2026-06-24 09:00:00,48,48,38.87315473588221,43.02262241965611,4.149467683773899,4.149467683773899,SURPLUS_PRESSURE,14
6726.01,2026-06-24 09:00:00,23,25,23.482523273651335,20.059459928413627,-3.4230633452377077,3.4230633452377077,DEFICIT_PRESSURE,15
6364.07,2026-06-24 09:00:00,37,46,38.78521024706842,35.384616271698576,-3.400593975369844,3.400593975369844,DEFICIT_PRESSURE,16
6233.04,2026-06-24 09:00:00,34,36,44.77976263401177,41.615181566976,-3.164581067035769,3.164581067035769,DEFICIT_PRESSURE,17
5905.12,2026-06-24 09:00:00,53,32,30.391819253950395,32.91430682752151,2.5224875735711123,2.5224875735711123,SURPLUS_PRESSURE,18
5763.03,2026-06-24 09:00:00,23,16,23.3022020562326,21.42716778861347,-1.875034267619128,1.875034267619128,DEFICIT_PRESSURE,19
5712.03,2026-06-24 09:00:00,51,46,43.59505402214304,45.037375792159786,1.442321770016747,1.442321770016747,SURPLUS_PRESSURE,20
6140.05,2026-06-24 10:00:00,27,29,24.51346988808534,40.02004641728186,15.506576529196522,15.506576529196522,SURPLUS_PRESSURE,1
5905.12,2026-06-24 10:00:00,32,32,27.090087112843438,18.72192979345514,-8.368157319388299,8.368157319388299,DEFICIT_PRESSURE,2
6912.01,2026-06-24 10:00:00,29,23,29.605451710862962,22.427777520660403,-7.177674190202559,7.177674190202559,DEFICIT_PRESSURE,3
6822.09,2026-06-24 10:00:00,8,25,18.66859265204253,25.051868707066713,6.383276055024183,6.383276055024183,SURPLUS_PRESSURE,4
5980.10,2026-06-24 10:00:00,35,12,20.139904225406106,14.103610629046495,-6.036293596359611,6.036293596359611,DEFICIT_PRESSURE,5
6331.01,2026-06-24 10:00:00,29,27,24.071805747947387,29.291796539747633,5.219990791800246,5.219990791800246,SURPLUS_PRESSURE,6
6432.09,2026-06-24 10:00:00,24,24,18.318279288713914,22.86138701853328,4.543107729819365,4.543107729819365,SURPLUS_PRESSURE,7
5905.14,2026-06-24 10:00:00,25,20,21.708648828228917,17.57284221758598,-4.135806610642938,4.135806610642938,DEFICIT_PRESSURE,8
6459.07,2026-06-24 10:00:00,32,25,20.403942085368342,16.86794662179681,-3.535995463571531,3.535995463571531,DEFICIT_PRESSURE,9
5374.01,2026-06-24 10:00:00,14,16,14.621127138179444,17.882048159586592,3.260921021407148,3.260921021407148,SURPLUS_PRESSURE,10
6364.07,2026-06-24 10:00:00,14,23,19.74617224415234,22.52557522193881,2.779402977786468,2.779402977786468,SURPLUS_PRESSURE,11
6948.10,2026-06-24 10:00:00,29,27,36.197414599735446,33.46632188617065,-2.7310927135647987,2.7310927135647987,DEFICIT_PRESSURE,12
6726.01,2026-06-24 10:00:00,14,16,16.200633377780388,18.66286073138855,2.4622273536081636,2.4622273536081636,SURPLUS_PRESSURE,13
6233.04,2026-06-24 10:00:00,25,28,29.4801388323345,27.324148815221044,-2.1559900171134565,2.1559900171134565,DEFICIT_PRESSURE,14
5712.03,2026-06-24 10:00:00,33,33,25.89512601303782,27.180815692309857,1.2856896792720356,1.2856896792720356,SURPLUS_PRESSURE,15
6492.08,2026-06-24 10:00:00,17,13,26.037064672913033,27.230809410861113,1.1937447379480801,1.1937447379480801,SURPLUS_PRESSURE,16
5492.05,2026-06-24 10:00:00,11,10,15.155587956012294,16.278625542587797,1.123037586575503,1.123037586575503,SURPLUS_PRESSURE,17
5763.03,2026-06-24 10:00:00,13,16,13.819113297058674,14.700400188625752,0.8812868915670773,0.8812868915670773,SURPLUS_PRESSURE,18
6173.08,2026-06-24 10:00:00,13,13,16.729298865429296,17.525860703704776,0.7965618382754798,0.7965618382754798,SURPLUS_PRESSURE,19
6072.06,2026-06-24 10:00:00,15,23,20.08269611405267,19.524299583043263,-0.5583965310094072,0.5583965310094072,DEFICIT_PRESSURE,20
5980.10,2026-06-24 11:00:00,41,5,31.7948535810371,11.882306377797756,-19.912547203239342,19.912547203239342,DEFICIT_PRESSURE,1
6948.10,2026-06-24 11:00:00,39,26,38.695439767530566,25.813324490397918,-12.882115277132648,12.882115277132648,DEFICIT_PRESSURE,2
6912.01,2026-06-24 11:00:00,38,27,29.959199065294207,20.666469024095882,-9.292730041198325,9.292730041198325,DEFICIT_PRESSURE,3
6072.06,2026-06-24 11:00:00,19,16,13.01776363039101,20.02647214480701,7.008708514416,7.008708514416,SURPLUS_PRESSURE,4
6140.05,2026-06-24 11:00:00,26,21,32.51396910302733,25.721017748649572,-6.792951354377756,6.792951354377756,DEFICIT_PRESSURE,5
6331.01,2026-06-24 11:00:00,25,27,25.938004228852783,20.932860875101255,-5.005143353751528,5.005143353751528,DEFICIT_PRESSURE,6
6364.07,2026-06-24 11:00:00,27,47,16.606593832756385,20.337860150012894,3.731266317256509,3.731266317256509,SURPLUS_PRESSURE,7
6173.08,2026-06-24 11:00:00,23,19,17.89342352822222,15.934924043488804,-1.958499484733414,1.958499484733414,DEFICIT_PRESSURE,8
5712.03,2026-06-24 11:00:00,24,34,26.55745010135682,24.686319061580043,-1.8711310397767775,1.8711310397767775,DEFICIT_PRESSURE,9
6822.09,2026-06-24 11:00:00,18,21,13.09222430417673,14.74956657725619,1.6573422730794594,1.6573422730794594,SURPLUS_PRESSURE,10
6492.08,2026-06-24 11:00:00,18,15,20.391128846089245,21.612236327732656,1.2211074816434113,1.2211074816434113,SURPLUS_PRESSURE,11
5905.12,2026-06-24 11:00:00,29,17,26.73422988404296,25.691849753452306,-1.0423801305906544,1.0423801305906544,DEFICIT_PRESSURE,12
5763.03,2026-06-24 11:00:00,11,29,12.888335923874319,13.67173156797096,0.7833956440966414,0.7833956440966414,SURPLUS_PRESSURE,13
6726.01,2026-06-24 11:00:00,21,19,15.59758060435425,16.304461113518254,0.7068805091640034,0.7068805091640034,SURPLUS_PRESSURE,14
5374.01,2026-06-24 11:00:00,12,8,16.879495396924387,17.484456931197784,0.6049615342733965,0.6049615342733965,SURPLUS_PRESSURE,15
6233.04,2026-06-24 11:00:00,23,39,22.764503667761023,23.107441944923426,0.34293827716240344,0.34293827716240344,SURPLUS_PRESSURE,16
5905.14,2026-06-24 11:00:00,23,33,21.03085349073483,21.285867134492584,0.2550136437577528,0.2550136437577528,SURPLUS_PRESSURE,17
5492.05,2026-06-24 11:00:00,18,18,15.300578010257126,15.374829865708737,0.07425185545161028,0.07425185545161028,SURPLUS_PRESSURE,18
6459.07,2026-06-24 11:00:00,21,22,21.15733729105179,21.21166300094249,0.05432570989070129,0.05432570989070129,SURPLUS_PRESSURE,19
6432.09,2026-06-24 11:00:00,18,18,19.63406209709586,19.685498995475772,0.05143689837991161,0.05143689837991161,SURPLUS_PRESSURE,20
5980.10,2026-06-24 12:00:00,33,4,37.271947012997494,5.516048568429153,-31.75589844456834,31.75589844456834,DEFICIT_PRESSURE,1
6233.04,2026-06-24 12:00:00,32,35,18.557395376276666,30.486648361049095,11.929252984772429,11.929252984772429,SURPLUS_PRESSURE,2
5763.03,2026-06-24 12:00:00,19,16,14.838948067688927,23.842955194608475,9.004007126919548,9.004007126919548,SURPLUS_PRESSURE,3
6364.07,2026-06-24 12:00:00,25,36,22.204138189610045,29.335808006056794,7.131669816446749,7.131669816446749,SURPLUS_PRESSURE,4
6912.01,2026-06-24 12:00:00,44,34,30.786840773537943,25.774901887273256,-5.011938886264687,5.011938886264687,DEFICIT_PRESSURE,5
5905.14,2026-06-24 12:00:00,29,33,26.216999937924367,21.36389948666655,-4.853100451257816,4.853100451257816,DEFICIT_PRESSURE,6
6948.10,2026-06-24 12:00:00,51,24,22.175599697557487,26.323633815378763,4.148034117821275,4.148034117821275,SURPLUS_PRESSURE,7
6140.05,2026-06-24 12:00:00,33,29,31.266036120135112,27.766329631006883,-3.4997064891282292,3.4997064891282292,DEFICIT_PRESSURE,8
6492.08,2026-06-24 12:00:00,27,26,21.668273246073994,18.25067449619861,-3.417598749875385,3.417598749875385,DEFICIT_PRESSURE,9
5905.12,2026-06-24 12:00:00,36,34,26.82839495088288,24.09509154074051,-2.7333034101423728,2.7333034101423728,DEFICIT_PRESSURE,10
6173.08,2026-06-24 12:00:00,25,28,24.38227469164438,22.24757739357051,-2.1346972980738705,2.1346972980738705,DEFICIT_PRESSURE,11
5374.01,2026-06-24 12:00:00,20,22,16.73489701773529,14.736045156956791,-1.9988518607784975,1.9988518607784975,DEFICIT_PRESSURE,12
5712.03,2026-06-24 12:00:00,31,36,22.705727681896732,24.42173549170616,1.716007809809426,1.716007809809426,SURPLUS_PRESSURE,13
5492.05,2026-06-24 12:00:00,20,21,20.643087160328577,22.295895190010842,1.6528080296822658,1.6528080296822658,SURPLUS_PRESSURE,14
6822.09,2026-06-24 12:00:00,21,20,19.928399159984316,18.30964331671099,-1.6187558432733269,1.6187558432733269,DEFICIT_PRESSURE,15
6459.07,2026-06-24 12:00:00,16,20,19.337374470484637,20.077119177563738,0.739744707079101,0.739744707079101,SURPLUS_PRESSURE,16
6331.01,2026-06-24 12:00:00,20,25,19.740275748839302,20.143446224131207,0.40317047529190475,0.40317047529190475,SURPLUS_PRESSURE,17
6072.06,2026-06-24 12:00:00,18,19,17.02664044572943,16.668074525544185,-0.3585659201852458,0.3585659201852458,DEFICIT_PRESSURE,18
6432.09,2026-06-24 12:00:00,14,14,19.48297367204319,19.80541855851364,0.3224448864704499,0.3224448864704499,SURPLUS_PRESSURE,19
6726.01,2026-06-24 12:00:00,27,25,20.80871325972405,20.649772005672308,-0.15894125405174364,0.15894125405174364,DEFICIT_PRESSURE,20
5980.10,2026-06-24 13:00:00,36,10,36.129683731528715,2.2768130541946827,-33.85287067733403,33.85287067733403,DEFICIT_PRESSURE,1
6912.01,2026-06-24 13:00:00,24,52,38.46876333958182,23.36974115122983,-15.099022188351988,15.099022188351988,DEFICIT_PRESSURE,2
6948.10,2026-06-24 13:00:00,30,44,34.93524466892616,23.935142577590295,-11.000102091335865,11.000102091335865,DEFICIT_PRESSURE,3
6364.07,2026-06-24 13:00:00,21,25,18.024392837697164,25.868255124151336,7.843862286454172,7.843862286454172,SURPLUS_PRESSURE,4
6331.01,2026-06-24 13:00:00,20,32,18.87575338926097,25.054548114215955,6.178794724954983,6.178794724954983,SURPLUS_PRESSURE,5
5763.03,2026-06-24 13:00:00,17,21,14.112607553593087,19.8536352113336,5.7410276577405135,5.7410276577405135,SURPLUS_PRESSURE,6
6173.08,2026-06-24 13:00:00,42,34,28.225207499950454,23.287946010354304,-4.93726148959615,4.93726148959615,DEFICIT_PRESSURE,7
5492.05,2026-06-24 13:00:00,21,22,26.338847948187244,21.871868598290668,-4.466979349896576,4.466979349896576,DEFICIT_PRESSURE,8
5905.12,2026-06-24 13:00:00,25,34,26.599004696719724,22.51076728517499,-4.0882374115447355,4.0882374115447355,DEFICIT_PRESSURE,9
6233.04,2026-06-24 13:00:00,19,19,30.025642216498863,26.060792525174378,-3.964849691324485,3.964849691324485,DEFICIT_PRESSURE,10
5905.14,2026-06-24 13:00:00,34,28,25.12044349738057,28.79313449960768,3.6726910022271113,3.6726910022271113,SURPLUS_PRESSURE,11
6459.07,2026-06-24 13:00:00,27,24,17.603169662253162,20.378604432351715,2.7754347700985527,2.7754347700985527,SURPLUS_PRESSURE,12
6432.09,2026-06-24 13:00:00,18,19,16.72918278202922,14.246921633623977,-2.482261148405243,2.482261148405243,DEFICIT_PRESSURE,13
6492.08,2026-06-24 13:00:00,29,23,26.32194397279631,24.98784892621065,-1.3340950465856594,1.3340950465856594,DEFICIT_PRESSURE,14
5374.01,2026-06-24 13:00:00,12,11,19.340030210179226,20.377332002376736,1.0373017921975105,1.0373017921975105,SURPLUS_PRESSURE,15
6822.09,2026-06-24 13:00:00,26,23,19.237137700297083,20.23688734254137,0.9997496422442858,0.9997496422442858,SURPLUS_PRESSURE,16
6726.01,2026-06-24 13:00:00,32,22,21.287535293814116,22.03840072293331,0.7508654291191945,0.7508654291191945,SURPLUS_PRESSURE,17
6140.05,2026-06-24 13:00:00,35,39,32.17732349108408,31.813032076409637,-0.3642914146744438,0.3642914146744438,DEFICIT_PRESSURE,18
6072.06,2026-06-24 13:00:00,16,21,19.375386723181702,19.253898550292014,-0.12148817288968772,0.12148817288968772,DEFICIT_PRESSURE,19
5712.03,2026-06-24 13:00:00,33,30,28.012236981873468,28.00108056295986,-0.011156418913607524,0.011156418913607524,DEFICIT_PRESSURE,20
5980.10,2026-06-24 14:00:00,36,5,28.26746802295826,8.677917509966333,-19.589550512991927,19.589550512991927,DEFICIT_PRESSURE,1
6948.10,2026-06-24 14:00:00,45,36,21.02582704760663,35.3883471879976,14.362520140390973,14.362520140390973,SURPLUS_PRESSURE,2
6331.01,2026-06-24 14:00:00,30,51,23.67132067326772,36.59599715104775,12.924676477780029,12.924676477780029,SURPLUS_PRESSURE,3
6912.01,2026-06-24 14:00:00,30,17,26.536693220255284,34.63797558673346,8.101282366478177,8.101282366478177,SURPLUS_PRESSURE,4
6364.07,2026-06-24 14:00:00,17,20,18.014925413525617,25.561206781624406,7.546281368098789,7.546281368098789,SURPLUS_PRESSURE,5
6492.08,2026-06-24 14:00:00,36,26,26.930359471317256,21.566196876526575,-5.364162594790681,5.364162594790681,DEFICIT_PRESSURE,6
6233.04,2026-06-24 14:00:00,36,35,25.983441541644794,21.162318911030443,-4.821122630614351,4.821122630614351,DEFICIT_PRESSURE,7
5905.14,2026-06-24 14:00:00,31,34,28.830625974335717,24.297401624707554,-4.5332243496281635,4.5332243496281635,DEFICIT_PRESSURE,8
6072.06,2026-06-24 14:00:00,21,13,16.750465079191528,20.623296476413806,3.872831397222278,3.872831397222278,SURPLUS_PRESSURE,9
6173.08,2026-06-24 14:00:00,35,30,25.918221149573935,22.778892344889393,-3.139328804684542,3.139328804684542,DEFICIT_PRESSURE,10
5712.03,2026-06-24 14:00:00,29,31,27.20505071467166,24.405775806354285,-2.7992749083173756,2.7992749083173756,DEFICIT_PRESSURE,11
5905.12,2026-06-24 14:00:00,47,44,23.366263129788095,25.91588044733048,2.549617317542385,2.549617317542385,SURPLUS_PRESSURE,12
5492.05,2026-06-24 14:00:00,37,31,18.758591218823906,21.283363419747126,2.52477220092322,2.52477220092322,SURPLUS_PRESSURE,13
6726.01,2026-06-24 14:00:00,31,27,20.77560749285166,22.72682288375909,1.9512153909074321,1.9512153909074321,SURPLUS_PRESSURE,14
6432.09,2026-06-24 14:00:00,22,22,19.229770717953652,17.335181968152252,-1.8945887498014002,1.8945887498014002,DEFICIT_PRESSURE,15
5374.01,2026-06-24 14:00:00,15,23,15.811426795047943,13.95035715513284,-1.8610696399151028,1.8610696399151028,DEFICIT_PRESSURE,16
5763.03,2026-06-24 14:00:00,22,15,17.712636817578897,19.00021467926686,1.2875778616879643,1.2875778616879643,SURPLUS_PRESSURE,17
6140.05,2026-06-24 14:00:00,47,41,33.22140055084019,32.28803616041753,-0.9333643904226534,0.9333643904226534,DEFICIT_PRESSURE,18
6459.07,2026-06-24 14:00:00,26,27,22.354968577943065,21.463159951419883,-0.8918086265231828,0.8918086265231828,DEFICIT_PRESSURE,19
6822.09,2026-06-24 14:00:00,28,24,20.904347745141703,20.1623934070836,-0.741954338058104,0.741954338058104,DEFICIT_PRESSURE,20
5980.10,2026-06-24 15:00:00,35,7,35.80566873233872,7.712286910449327,-28.093381821889388,28.093381821889388,DEFICIT_PRESSURE,1
6331.01,2026-06-24 15:00:00,38,50,28.83266414905684,51.98436227513019,23.15169812607335,23.15169812607335,SURPLUS_PRESSURE,2
6492.08,2026-06-24 15:00:00,41,36,35.6093676119616,24.28543700038946,-11.323930611572141,11.323930611572141,DEFICIT_PRESSURE,3
6912.01,2026-06-24 15:00:00,41,38,30.451030682153643,22.364080747511338,-8.086949934642305,8.086949934642305,DEFICIT_PRESSURE,4
6822.09,2026-06-24 15:00:00,31,24,27.10959820129498,19.66851830633358,-7.441079894961398,7.441079894961398,DEFICIT_PRESSURE,5
6233.04,2026-06-24 15:00:00,33,35,33.753363935240024,40.24624805946609,6.492884124226066,6.492884124226066,SURPLUS_PRESSURE,6
5905.12,2026-06-24 15:00:00,34,31,37.631506020763375,31.181944103647638,-6.449561917115737,6.449561917115737,DEFICIT_PRESSURE,7
5492.05,2026-06-24 15:00:00,35,33,34.05090081063337,27.72490547794411,-6.3259953326892635,6.3259953326892635,DEFICIT_PRESSURE,8
6948.10,2026-06-24 15:00:00,57,36,35.570480050358476,29.28277182403162,-6.287708226326856,6.287708226326856,DEFICIT_PRESSURE,9
6364.07,2026-06-24 15:00:00,24,32,20.20686931516353,24.80955547074744,4.6026861555839105,4.6026861555839105,SURPLUS_PRESSURE,10
6140.05,2026-06-24 15:00:00,39,31,37.069001826007735,32.46787502662355,-4.601126799384183,4.601126799384183,DEFICIT_PRESSURE,11
6432.09,2026-06-24 15:00:00,29,25,17.90877337307678,21.020399140308733,3.1116257672319527,3.1116257672319527,SURPLUS_PRESSURE,12
5905.14,2026-06-24 15:00:00,42,37,28.80899002514403,25.837845819796918,-2.9711442053471124,2.9711442053471124,DEFICIT_PRESSURE,13
6072.06,2026-06-24 15:00:00,24,24,20.07632954984996,17.180765056449264,-2.8955644934006948,2.8955644934006948,DEFICIT_PRESSURE,14
5763.03,2026-06-24 15:00:00,20,17,20.479678727401225,18.669727876417063,-1.809950850984162,1.809950850984162,DEFICIT_PRESSURE,15
5374.01,2026-06-24 15:00:00,24,22,19.15166659417511,20.958517428175643,1.8068508340005316,1.8068508340005316,SURPLUS_PRESSURE,16
6726.01,2026-06-24 15:00:00,18,27,26.821625344011686,28.56230541083841,1.740680066826723,1.740680066826723,SURPLUS_PRESSURE,17
6173.08,2026-06-24 15:00:00,29,38,29.12294147968709,27.481163603134352,-1.6417778765527373,1.6417778765527373,DEFICIT_PRESSURE,18
6459.07,2026-06-24 15:00:00,23,19,25.20139440258046,23.798850743297535,-1.402543659282923,1.402543659282923,DEFICIT_PRESSURE,19
5712.03,2026-06-24 15:00:00,26,28,28.90412852841517,29.237917792555322,0.333789264140151,0.333789264140151,SURPLUS_PRESSURE,20
5980.10,2026-06-24 16:00:00,46,9,39.96733139092522,3.7844112160170638,-36.182920174908155,36.182920174908155,DEFICIT_PRESSURE,1
6822.09,2026-06-24 16:00:00,52,14,46.90021489958551,18.69789753535136,-28.202317364234148,28.202317364234148,DEFICIT_PRESSURE,2
6492.08,2026-06-24 16:00:00,76,35,53.607717653981666,31.867175594835054,-21.740542059146613,21.740542059146613,DEFICIT_PRESSURE,3
6331.01,2026-06-24 16:00:00,46,63,37.82525116391348,56.96335185377769,19.13810068986421,19.13810068986421,SURPLUS_PRESSURE,4
6364.07,2026-06-24 16:00:00,34,42,24.07848593445736,40.1881378264052,16.109651891947845,16.109651891947845,SURPLUS_PRESSURE,5
5905.12,2026-06-24 16:00:00,43,38,38.96902601659906,29.990782514618367,-8.978243501980693,8.978243501980693,DEFICIT_PRESSURE,6
6173.08,2026-06-24 16:00:00,50,27,37.59397123833664,29.920044597202853,-7.673926641133789,7.673926641133789,DEFICIT_PRESSURE,7
6726.01,2026-06-24 16:00:00,29,34,25.747078952994983,33.01621193711319,7.269132984118208,7.269132984118208,SURPLUS_PRESSURE,8
5905.14,2026-06-24 16:00:00,31,33,39.14997122259275,34.86735913258717,-4.282612090005578,4.282612090005578,DEFICIT_PRESSURE,9
5492.05,2026-06-24 16:00:00,52,49,34.10814948206053,36.84630504232459,2.7381555602640546,2.7381555602640546,SURPLUS_PRESSURE,10
6948.10,2026-06-24 16:00:00,56,57,37.88319535163187,35.76236170405495,-2.120833647576916,2.120833647576916,DEFICIT_PRESSURE,11
5763.03,2026-06-24 16:00:00,23,32,19.803774317444095,21.666143168136582,1.8623688506924871,1.8623688506924871,SURPLUS_PRESSURE,12
6432.09,2026-06-24 16:00:00,41,33,32.43488298734348,30.7190156280818,-1.7158673592616793,1.7158673592616793,DEFICIT_PRESSURE,13
6140.05,2026-06-24 16:00:00,52,36,37.80643060112318,36.39697572694396,-1.4094548741792252,1.4094548741792252,DEFICIT_PRESSURE,14
6072.06,2026-06-24 16:00:00,28,27,25.761473946836155,27.149720687454792,1.3882467406186372,1.3882467406186372,SURPLUS_PRESSURE,15
6459.07,2026-06-24 16:00:00,43,41,28.071017254036033,28.856505345585383,0.7854880915493503,0.7854880915493503,SURPLUS_PRESSURE,16
5374.01,2026-06-24 16:00:00,25,18,23.934495506672132,24.54559993892071,0.6111044322485775,0.6111044322485775,SURPLUS_PRESSURE,17
5712.03,2026-06-24 16:00:00,46,35,37.664002057454,37.12260136019731,-0.5414006972566909,0.5414006972566909,DEFICIT_PRESSURE,18
6912.01,2026-06-24 16:00:00,37,37,34.26204287361893,34.588099860356834,0.3260569867379033,0.3260569867379033,SURPLUS_PRESSURE,19
6233.04,2026-06-24 16:00:00,46,45,36.01980882762231,35.99188809039199,-0.027920737230324733,0.027920737230324733,DEFICIT_PRESSURE,20
6492.08,2026-06-24 17:00:00,173,57,136.47268055555557,42.27533116096081,-94.19734939459477,94.19734939459477,DEFICIT_PRESSURE,1
6173.08,2026-06-24 17:00:00,78,58,92.22043452380956,38.707056929324196,-53.51337759448536,53.51337759448536,DEFICIT_PRESSURE,2
5980.10,2026-06-24 17:00:00,70,9,57.86768646655788,7.517375734111082,-50.35031073244679,50.35031073244679,DEFICIT_PRESSURE,3
6822.09,2026-06-24 17:00:00,76,30,65.80783431433478,22.2517119819735,-43.556122332361284,43.556122332361284,DEFICIT_PRESSURE,4
6140.05,2026-06-24 17:00:00,88,66,70.89697887314496,53.64315667380959,-17.253822199335367,17.253822199335367,DEFICIT_PRESSURE,5
6912.01,2026-06-24 17:00:00,104,55,51.37257589185009,35.16674858785275,-16.20582730399734,16.20582730399734,DEFICIT_PRESSURE,6
6459.07,2026-06-24 17:00:00,87,51,60.47248789510639,44.55550703924183,-15.916980855864558,15.916980855864558,DEFICIT_PRESSURE,7
5763.03,2026-06-24 17:00:00,49,61,25.724092957119005,40.45659459878645,14.732501641667447,14.732501641667447,SURPLUS_PRESSURE,8
6432.09,2026-06-24 17:00:00,110,65,66.79558324773527,56.00040451911592,-10.795178728619348,10.795178728619348,DEFICIT_PRESSURE,9
6948.10,2026-06-24 17:00:00,48,42,53.52497064034056,45.005196995776,-8.519773644564566,8.519773644564566,DEFICIT_PRESSURE,10
5905.12,2026-06-24 17:00:00,55,55,50.592706314428234,42.099170071618644,-8.49353624280959,8.49353624280959,DEFICIT_PRESSURE,11
5712.03,2026-06-24 17:00:00,63,62,52.66673408348443,44.761020406072376,-7.905713677412052,7.905713677412052,DEFICIT_PRESSURE,12
5374.01,2026-06-24 17:00:00,37,72,31.758582258726722,38.553295165442535,6.794712906715812,6.794712906715812,SURPLUS_PRESSURE,13
6331.01,2026-06-24 17:00:00,87,70,53.5723936405467,47.68326179519363,-5.88913184535307,5.88913184535307,DEFICIT_PRESSURE,14
6726.01,2026-06-24 17:00:00,65,88,49.396398387157326,54.50387881963408,5.1074804324767555,5.1074804324767555,SURPLUS_PRESSURE,15
5905.14,2026-06-24 17:00:00,36,42,53.892071531323,48.869135219618556,-5.022936311704441,5.022936311704441,DEFICIT_PRESSURE,16
6072.06,2026-06-24 17:00:00,45,58,35.18564359088008,40.00927780299736,4.823634212117277,4.823634212117277,SURPLUS_PRESSURE,17
5492.05,2026-06-24 17:00:00,59,58,52.86142587071936,48.623000856933295,-4.238425013786063,4.238425013786063,DEFICIT_PRESSURE,18
6364.07,2026-06-24 17:00:00,67,70,56.84178356025413,53.039002483092396,-3.8027810771617325,3.8027810771617325,DEFICIT_PRESSURE,19
6233.04,2026-06-24 17:00:00,57,57,50.379649366470446,52.87642713005932,2.4967777635888737,2.4967777635888737,SURPLUS_PRESSURE,20
5980.10,2026-06-24 18:00:00,76,14,61.3617424665252,7.634367539896356,-53.72737492662884,53.72737492662884,DEFICIT_PRESSURE,1
6822.09,2026-06-24 18:00:00,48,40,69.96698321840694,26.47120819678839,-43.49577502161855,43.49577502161855,DEFICIT_PRESSURE,2
6912.01,2026-06-24 18:00:00,76,71,73.9682448202148,36.05164200189381,-37.916602818320996,37.916602818320996,DEFICIT_PRESSURE,3
6432.09,2026-06-24 18:00:00,69,48,69.70516437316553,47.16489264261467,-22.540271730550863,22.540271730550863,DEFICIT_PRESSURE,4
6173.08,2026-06-24 18:00:00,94,41,70.92248847133833,49.195467778790345,-21.72702069254798,21.72702069254798,DEFICIT_PRESSURE,5
6459.07,2026-06-24 18:00:00,74,78,65.13981580084419,48.30473583670213,-16.83507996414206,16.83507996414206,DEFICIT_PRESSURE,6
6331.01,2026-06-24 18:00:00,56,55,65.62814096114097,49.20765365148136,-16.420487309659613,16.420487309659613,DEFICIT_PRESSURE,7
6364.07,2026-06-24 18:00:00,56,42,65.7413872497078,49.88599707953703,-15.855390170170772,15.855390170170772,DEFICIT_PRESSURE,8
5374.01,2026-06-24 18:00:00,45,65,33.39823988565202,47.01580853980305,13.617568654151029,13.617568654151029,SURPLUS_PRESSURE,9
6140.05,2026-06-24 18:00:00,76,69,74.10399617417266,60.64256177107204,-13.461434403100625,13.461434403100625,DEFICIT_PRESSURE,10
5492.05,2026-06-24 18:00:00,61,55,58.450515879106,47.0913974145539,-11.359118464552097,11.359118464552097,DEFICIT_PRESSURE,11
6492.08,2026-06-24 18:00:00,39,33,54.27604955532975,44.93348146720087,-9.342568088128878,9.342568088128878,DEFICIT_PRESSURE,12
5905.14,2026-06-24 18:00:00,64,52,51.65435380570079,42.64277813036814,-9.011575675332644,9.011575675332644,DEFICIT_PRESSURE,13
6072.06,2026-06-24 18:00:00,34,56,40.588152107064964,46.564903790104545,5.976751683039581,5.976751683039581,SURPLUS_PRESSURE,14
6948.10,2026-06-24 18:00:00,73,67,42.72741453770283,36.880577021953385,-5.846837515749442,5.846837515749442,DEFICIT_PRESSURE,15
5763.03,2026-06-24 18:00:00,50,68,43.15809335442708,47.2456922658209,4.087598911393819,4.087598911393819,SURPLUS_PRESSURE,16
5712.03,2026-06-24 18:00:00,71,66,61.42561209737882,63.503260487528365,2.077648390149548,2.077648390149548,SURPLUS_PRESSURE,17
5905.12,2026-06-24 18:00:00,60,39,49.609763397113475,48.205112967314584,-1.4046504297988918,1.4046504297988918,DEFICIT_PRESSURE,18
6726.01,2026-06-24 18:00:00,53,50,61.08024962004014,62.062397186974984,0.9821475669348416,0.9821475669348416,SURPLUS_PRESSURE,19
6233.04,2026-06-24 18:00:00,69,69,58.37616392510381,57.86522527733634,-0.5109386477674676,0.5109386477674676,DEFICIT_PRESSURE,20
5980.10,2026-06-24 19:00:00,48,3,51.28474801587303,9.709036324249674,-41.575711691623354,41.575711691623354,DEFICIT_PRESSURE,1
6432.09,2026-06-24 19:00:00,25,26,47.74966202415855,27.31681922925572,-20.432842794902832,20.432842794902832,DEFICIT_PRESSURE,2
5763.03,2026-06-24 19:00:00,33,34,32.40076172274744,46.72435799932754,14.323596276580098,14.323596276580098,SURPLUS_PRESSURE,3
6948.10,2026-06-24 19:00:00,47,42,30.925681449247282,41.99669167760123,11.071010228353945,11.071010228353945,SURPLUS_PRESSURE,4
6140.05,2026-06-24 19:00:00,50,50,50.71370418470418,40.040399541821344,-10.673304642882833,10.673304642882833,DEFICIT_PRESSURE,5
5905.12,2026-06-24 19:00:00,49,46,36.605680569022496,26.878913577944335,-9.726766991078161,9.726766991078161,DEFICIT_PRESSURE,6
6233.04,2026-06-24 19:00:00,79,63,60.37490581229426,52.005936584507005,-8.368969227787254,8.368969227787254,DEFICIT_PRESSURE,7
6822.09,2026-06-24 19:00:00,55,27,34.2160978300573,25.912444654458795,-8.303653175598505,8.303653175598505,DEFICIT_PRESSURE,8
6173.08,2026-06-24 19:00:00,27,26,36.041192446139405,28.006818947142957,-8.034373498996448,8.034373498996448,DEFICIT_PRESSURE,9
6459.07,2026-06-24 19:00:00,48,47,35.28867118366292,42.946389479985534,7.657718296322614,7.657718296322614,SURPLUS_PRESSURE,10
6364.07,2026-06-24 19:00:00,34,45,38.56760633116883,33.522598634246485,-5.045007696922347,5.045007696922347,DEFICIT_PRESSURE,11
6492.08,2026-06-24 19:00:00,12,17,27.915618015366032,23.912235367306717,-4.003382648059315,4.003382648059315,DEFICIT_PRESSURE,12
5492.05,2026-06-24 19:00:00,49,47,35.64050508423004,37.74067095191857,2.100165867688524,2.100165867688524,SURPLUS_PRESSURE,13
6726.01,2026-06-24 19:00:00,55,44,39.7414791299834,41.73817324157635,1.9966941115929515,1.9966941115929515,SURPLUS_PRESSURE,14
5905.14,2026-06-24 19:00:00,52,51,36.82521376675059,35.648829944178615,-1.176383822571978,1.176383822571978,DEFICIT_PRESSURE,15
5374.01,2026-06-24 19:00:00,40,36,35.29207505548566,36.39673250079057,1.104657445304909,1.104657445304909,SURPLUS_PRESSURE,16
6331.01,2026-06-24 19:00:00,46,29,43.51307888310519,44.33904799614454,0.8259691130393492,0.8259691130393492,SURPLUS_PRESSURE,17
6912.01,2026-06-24 19:00:00,58,53,42.01332171844794,41.56374019984339,-0.4495815186045533,0.4495815186045533,DEFICIT_PRESSURE,18
5712.03,2026-06-24 19:00:00,66,37,39.62416192568031,39.27560565490276,-0.34855627077755,0.34855627077755,DEFICIT_PRESSURE,19
6072.06,2026-06-24 19:00:00,56,40,34.4901036094689,34.60613279500856,0.11602918553965935,0.11602918553965935,SURPLUS_PRESSURE,20
5980.10,2026-06-24 20:00:00,34,6,33.00998824528831,5.554769313205378,-27.455218932082936,27.455218932082936,DEFICIT_PRESSURE,1
6233.04,2026-06-24 20:00:00,64,50,55.56235890464011,39.89502031571848,-15.667338588921623,15.667338588921623,DEFICIT_PRESSURE,2
6331.01,2026-06-24 20:00:00,43,29,33.11824141549777,21.142967812376856,-11.975273603120915,11.975273603120915,DEFICIT_PRESSURE,3
5712.03,2026-06-24 20:00:00,44,60,41.57560400981645,30.52349671815522,-11.052107291661233,11.052107291661233,DEFICIT_PRESSURE,4
6173.08,2026-06-24 20:00:00,28,29,27.612941535142514,19.929265346672633,-7.683676188469882,7.683676188469882,DEFICIT_PRESSURE,5
6822.09,2026-06-24 20:00:00,19,22,22.805825948266953,15.151285228426016,-7.654540719840938,7.654540719840938,DEFICIT_PRESSURE,6
6726.01,2026-06-24 20:00:00,36,34,34.18469558365307,28.584812349480107,-5.59988323417296,5.59988323417296,DEFICIT_PRESSURE,7
6072.06,2026-06-24 20:00:00,43,47,34.76386782304617,29.352323961555292,-5.411543861490877,5.411543861490877,DEFICIT_PRESSURE,8
6912.01,2026-06-24 20:00:00,25,25,35.89982108205279,30.756317859831658,-5.143503222221131,5.143503222221131,DEFICIT_PRESSURE,9
5905.14,2026-06-24 20:00:00,56,42,32.85354901928813,37.91433513082663,5.060786111538498,5.060786111538498,SURPLUS_PRESSURE,10
6364.07,2026-06-24 20:00:00,40,37,35.32782288364228,30.80602559522449,-4.521797288417787,4.521797288417787,DEFICIT_PRESSURE,11
5492.05,2026-06-24 20:00:00,47,45,34.71316971697327,30.966773279427507,-3.746396437545762,3.746396437545762,DEFICIT_PRESSURE,12
6459.07,2026-06-24 20:00:00,28,25,33.352597849973556,30.00617020991092,-3.346427640062636,3.346427640062636,DEFICIT_PRESSURE,13
5905.12,2026-06-24 20:00:00,33,22,30.70013714791181,27.80597776856192,-2.8941593793498903,2.8941593793498903,DEFICIT_PRESSURE,14
5374.01,2026-06-24 20:00:00,40,39,31.11753244233806,33.999943459115464,2.8824110167774037,2.8824110167774037,SURPLUS_PRESSURE,15
6948.10,2026-06-24 20:00:00,24,30,31.41105375665959,29.360380131500577,-2.050673625159014,2.050673625159014,DEFICIT_PRESSURE,16
5763.03,2026-06-24 20:00:00,53,54,27.775445588870934,25.75594574898299,-2.019499839887942,2.019499839887942,DEFICIT_PRESSURE,17
6140.05,2026-06-24 20:00:00,43,39,36.036578790521546,37.34612387626767,1.309545085746123,1.309545085746123,SURPLUS_PRESSURE,18
6492.08,2026-06-24 20:00:00,27,22,16.982425594983148,15.826426534287917,-1.1559990606952315,1.1559990606952315,DEFICIT_PRESSURE,19
6432.09,2026-06-24 20:00:00,13,13,18.927564416020786,18.390277177341304,-0.5372872386794825,0.5372872386794825,DEFICIT_PRESSURE,20
5980.10,2026-06-24 21:00:00,16,2,21.127588067426732,5.138163526154286,-15.989424541272445,15.989424541272445,DEFICIT_PRESSURE,1
5763.03,2026-06-24 21:00:00,45,38,33.50150483155824,22.079295280906525,-11.422209550651719,11.422209550651719,DEFICIT_PRESSURE,2
6331.01,2026-06-24 21:00:00,26,17,27.94101913101359,17.081130973850108,-10.859888157163482,10.859888157163482,DEFICIT_PRESSURE,3
5374.01,2026-06-24 21:00:00,29,22,32.67824013453176,23.695529558142177,-8.982710576389586,8.982710576389586,DEFICIT_PRESSURE,4
6364.07,2026-06-24 21:00:00,33,24,24.31882587179964,15.518881938818089,-8.79994393298155,8.79994393298155,DEFICIT_PRESSURE,5
5905.12,2026-06-24 21:00:00,19,19,23.563599930113096,15.002661480888506,-8.56093844922459,8.56093844922459,DEFICIT_PRESSURE,6
5905.14,2026-06-24 21:00:00,35,20,27.19615626997746,18.753157610397025,-8.442998659580436,8.442998659580436,DEFICIT_PRESSURE,7
6140.05,2026-06-24 21:00:00,22,24,23.678477756928956,16.5799004755084,-7.098577281420557,7.098577281420557,DEFICIT_PRESSURE,8
6492.08,2026-06-24 21:00:00,14,16,20.45613921075828,13.399774462840647,-7.056364747917634,7.056364747917634,DEFICIT_PRESSURE,9
6233.04,2026-06-24 21:00:00,26,19,24.849336528255662,18.218252403625712,-6.63108412462995,6.63108412462995,DEFICIT_PRESSURE,10
6072.06,2026-06-24 21:00:00,32,28,25.22190472230573,18.860507707693436,-6.361397014612294,6.361397014612294,DEFICIT_PRESSURE,11
5492.05,2026-06-24 21:00:00,26,29,24.205844429391878,18.899642798086603,-5.3062016313052744,5.3062016313052744,DEFICIT_PRESSURE,12
6432.09,2026-06-24 21:00:00,17,19,14.848743800384407,9.713655855339827,-5.13508794504458,5.13508794504458,DEFICIT_PRESSURE,13
6726.01,2026-06-24 21:00:00,21,34,21.220893873307965,16.942562415295967,-4.278331458011998,4.278331458011998,DEFICIT_PRESSURE,14
6912.01,2026-06-24 21:00:00,15,16,13.56381050068395,17.51070101340023,3.94689051271628,3.94689051271628,SURPLUS_PRESSURE,15
6173.08,2026-06-24 21:00:00,24,24,17.397285100485075,14.721893974789959,-2.675391125695116,2.675391125695116,DEFICIT_PRESSURE,16
6948.10,2026-06-24 21:00:00,25,16,15.529635449967781,17.16584649239443,1.6362110424266483,1.6362110424266483,SURPLUS_PRESSURE,17
5712.03,2026-06-24 21:00:00,32,33,34.664533964959276,35.999274123219784,1.3347401582605087,1.3347401582605087,SURPLUS_PRESSURE,18
6459.07,2026-06-24 21:00:00,21,22,15.957815125856191,17.272777015324674,1.3149618894684831,1.3149618894684831,SURPLUS_PRESSURE,19
6822.09,2026-06-24 21:00:00,8,11,14.270727322610389,12.992913203020407,-1.2778141195899817,1.2778141195899817,DEFICIT_PRESSURE,20
6331.01,2026-06-24 22:00:00,21,12,45.14531557671693,14.217697324069693,-30.92761825264724,30.92761825264724,DEFICIT_PRESSURE,1
5980.10,2026-06-24 22:00:00,11,0,13.73570997281265,2.758389785578048,-10.977320187234602,10.977320187234602,DEFICIT_PRESSURE,2
5905.14,2026-06-24 22:00:00,27,18,23.026760498176944,14.049629920112245,-8.977130578064699,8.977130578064699,DEFICIT_PRESSURE,3
6364.07,2026-06-24 22:00:00,30,25,24.200609680280493,16.509042166311065,-7.691567513969428,7.691567513969428,DEFICIT_PRESSURE,4
6912.01,2026-06-24 22:00:00,8,8,13.360507829159147,7.978570746044754,-5.3819370831143925,5.3819370831143925,DEFICIT_PRESSURE,5
6948.10,2026-06-24 22:00:00,4,5,12.796498322775058,7.528338739426127,-5.268159583348931,5.268159583348931,DEFICIT_PRESSURE,6
6822.09,2026-06-24 22:00:00,10,6,7.292838372352502,11.735499176976871,4.442660804624369,4.442660804624369,SURPLUS_PRESSURE,7
6173.08,2026-06-24 22:00:00,12,12,12.322832957480527,16.219719319943877,3.8968863624633503,3.8968863624633503,SURPLUS_PRESSURE,8
5905.12,2026-06-24 22:00:00,12,12,16.3037925373589,12.499113453674541,-3.8046790836843574,3.8046790836843574,DEFICIT_PRESSURE,9
6140.05,2026-06-24 22:00:00,18,17,13.424769354379398,16.461207005682837,3.036437651303439,3.036437651303439,SURPLUS_PRESSURE,10
5492.05,2026-06-24 22:00:00,22,19,18.23265352523031,20.76063333810628,2.5279798128759694,2.5279798128759694,SURPLUS_PRESSURE,11
5374.01,2026-06-24 22:00:00,39,30,17.594743913164542,15.091372526657745,-2.5033713865067977,2.5033713865067977,DEFICIT_PRESSURE,12
6726.01,2026-06-24 22:00:00,21,20,21.268565763511678,23.33107508006526,2.0625093165535837,2.0625093165535837,SURPLUS_PRESSURE,13
6072.06,2026-06-24 22:00:00,14,12,22.01872086172203,20.1855507626585,-1.8331700990635298,1.8331700990635298,DEFICIT_PRESSURE,14
6459.07,2026-06-24 22:00:00,14,26,15.042065416405787,16.10104369696794,1.058978280562151,1.058978280562151,SURPLUS_PRESSURE,15
5712.03,2026-06-24 22:00:00,24,16,24.70986688013877,23.67978204848544,-1.0300848316533298,1.0300848316533298,DEFICIT_PRESSURE,16
6492.08,2026-06-24 22:00:00,9,10,13.968259723092638,14.596108525293136,0.6278488022004982,0.6278488022004982,SURPLUS_PRESSURE,17
6233.04,2026-06-24 22:00:00,11,15,12.488863034089306,12.896542869197715,0.407679835108409,0.407679835108409,SURPLUS_PRESSURE,18
5763.03,2026-06-24 22:00:00,29,19,25.839283700049574,26.240639834457458,0.40135613440788376,0.40135613440788376,SURPLUS_PRESSURE,19
6432.09,2026-06-24 22:00:00,15,12,12.597486329863726,12.373579329986521,-0.22390699987720453,0.22390699987720453,DEFICIT_PRESSURE,20
6331.01,2026-06-24 23:00:00,17,14,19.121549401949522,10.01851914794862,-9.103030254000902,9.103030254000902,DEFICIT_PRESSURE,1
5980.10,2026-06-24 23:00:00,6,1,7.162356305274589,1.0340731629428221,-6.1282831423317665,6.1282831423317665,DEFICIT_PRESSURE,2
6364.07,2026-06-24 23:00:00,38,8,26.576524938292934,21.22474388439979,-5.351781053893145,5.351781053893145,DEFICIT_PRESSURE,3
6459.07,2026-06-24 23:00:00,16,15,10.919354104951507,15.719382227982344,4.800028123030836,4.800028123030836,SURPLUS_PRESSURE,4
5905.14,2026-06-24 23:00:00,12,9,15.605311599922695,11.056364292315381,-4.548947307607314,4.548947307607314,DEFICIT_PRESSURE,5
6726.01,2026-06-24 23:00:00,9,12,11.413453830918487,14.89852897755079,3.485075146632303,3.485075146632303,SURPLUS_PRESSURE,6
5763.03,2026-06-24 23:00:00,17,12,17.563676165852236,14.780945945828195,-2.7827302200240407,2.7827302200240407,DEFICIT_PRESSURE,7
5492.05,2026-06-24 23:00:00,12,11,14.326400946659678,11.595108594942042,-2.731292351717636,2.731292351717636,DEFICIT_PRESSURE,8
5712.03,2026-06-24 23:00:00,13,7,14.43145551793491,11.776474035038094,-2.654981482896817,2.654981482896817,DEFICIT_PRESSURE,9
5374.01,2026-06-24 23:00:00,27,11,17.14024679788037,18.97212442202221,1.831877624141839,1.831877624141839,SURPLUS_PRESSURE,10
6492.08,2026-06-24 23:00:00,6,3,6.99247724859584,5.303526617588607,-1.6889506310072333,1.6889506310072333,DEFICIT_PRESSURE,11
6072.06,2026-06-24 23:00:00,16,11,12.36796896871258,10.787240199387986,-1.580728769324594,1.580728769324594,DEFICIT_PRESSURE,12
6912.01,2026-06-24 23:00:00,7,7,7.91165761686014,6.636432511199997,-1.2752251056601427,1.2752251056601427,DEFICIT_PRESSURE,13
5905.12,2026-06-24 23:00:00,4,7,9.235558144906355,8.064427815565827,-1.171130329340528,1.171130329340528,DEFICIT_PRESSURE,14
6173.08,2026-06-24 23:00:00,3,3,6.91209369767745,7.7404286531421205,0.8283349554646708,0.8283349554646708,SURPLUS_PRESSURE,15
6948.10,2026-06-24 23:00:00,9,9,5.796669559908901,6.618920589176278,0.8222510292673766,0.8222510292673766,SURPLUS_PRESSURE,16
6822.09,2026-06-24 23:00:00,10,4,7.378871583081929,7.871459509486247,0.49258792640431803,0.49258792640431803,SURPLUS_PRESSURE,17
6233.04,2026-06-24 23:00:00,4,1,5.9619998327028405,5.4744259329863265,-0.487573899716514,0.487573899716514,DEFICIT_PRESSURE,18
6140.05,2026-06-24 23:00:00,5,4,9.634642656578302,10.111442259222745,0.47679960264444254,0.47679960264444254,SURPLUS_PRESSURE,19
6432.09,2026-06-24 23:00:00,6,12,10.680197922760273,11.06897855210158,0.38878062934130675,0.38878062934130675,SURPLUS_PRESSURE,20
6364.07,2026-06-25 00:00:00,18,5,19.783321797495763,5.098789479465625,-14.684532318030136,14.684532318030136,DEFICIT_PRESSURE,1
5374.01,2026-06-25 00:00:00,5,3,17.575859084768766,10.047649501985466,-7.528209582783299,7.528209582783299,DEFICIT_PRESSURE,2
5980.10,2026-06-25 00:00:00,6,1,5.421552979522155,0.3738161178472608,-5.0477368616748945,5.0477368616748945,DEFICIT_PRESSURE,3
6726.01,2026-06-25 00:00:00,3,3,2.635729877265983,5.755170916442328,3.119441039176345,3.119441039176345,SURPLUS_PRESSURE,4
5712.03,2026-06-25 00:00:00,6,8,8.647622154505243,6.191215460654879,-2.4564066938503633,2.4564066938503633,DEFICIT_PRESSURE,5
6432.09,2026-06-25 00:00:00,7,12,5.024839843236013,7.458540063451933,2.43370022021592,2.43370022021592,SURPLUS_PRESSURE,6
6233.04,2026-06-25 00:00:00,1,0,3.7430178945195043,2.403850132441519,-1.3391677620779854,1.3391677620779854,DEFICIT_PRESSURE,7
6072.06,2026-06-25 00:00:00,7,8,10.201786430254339,8.973218319794833,-1.2285681104595056,1.2285681104595056,DEFICIT_PRESSURE,8
5905.14,2026-06-25 00:00:00,5,6,6.078040943259719,4.8862053531584,-1.1918355901013191,1.1918355901013191,DEFICIT_PRESSURE,9
6331.01,2026-06-25 00:00:00,11,11,9.51224095390161,8.442460640794401,-1.0697803131072092,1.0697803131072092,DEFICIT_PRESSURE,10
6492.08,2026-06-25 00:00:00,6,5,4.038745600702979,3.0214209909439154,-1.017324609759064,1.017324609759064,DEFICIT_PRESSURE,11
5492.05,2026-06-25 00:00:00,2,4,7.107595327787615,7.9886694090752375,0.8810740812876228,0.8810740812876228,SURPLUS_PRESSURE,12
6912.01,2026-06-25 00:00:00,5,4,3.5539809397349647,4.39511775806324,0.841136818328275,0.841136818328275,SURPLUS_PRESSURE,13
6173.08,2026-06-25 00:00:00,1,2,3.050094596907391,2.3624327577853252,-0.6876618391220659,0.6876618391220659,DEFICIT_PRESSURE,14
5763.03,2026-06-25 00:00:00,13,13,12.493873181439715,11.854074629318642,-0.6397985521210732,0.6397985521210732,DEFICIT_PRESSURE,15
6822.09,2026-06-25 00:00:00,3,6,4.1447086123895005,4.720256105772652,0.5755474933831515,0.5755474933831515,SURPLUS_PRESSURE,16
5905.12,2026-06-25 00:00:00,9,8,4.638567800534322,5.114237005433838,0.4756692048995168,0.4756692048995168,SURPLUS_PRESSURE,17
6459.07,2026-06-25 00:00:00,5,9,8.794196176064506,9.098485569621953,0.3042893935574469,0.3042893935574469,SURPLUS_PRESSURE,18
6140.05,2026-06-25 00:00:00,4,4,3.607475589260095,3.3898365797157326,-0.21763900954436233,0.21763900954436233,DEFICIT_PRESSURE,19
6948.10,2026-06-25 00:00:00,3,3,5.472812887855648,5.5024840651090665,0.029671177253418612,0.029671177253418612,SURPLUS_PRESSURE,20
6364.07,2026-06-25 01:00:00,18,3,9.949618495955944,2.847933710191181,-7.101684785764763,7.101684785764763,DEFICIT_PRESSURE,1
5763.03,2026-06-25 01:00:00,5,2,9.506954971005115,4.136093066776568,-5.370861904228547,5.370861904228547,DEFICIT_PRESSURE,2
6822.09,2026-06-25 01:00:00,0,3,0.8468401498393974,5.202653036608251,4.355812886768854,4.355812886768854,SURPLUS_PRESSURE,3
6331.01,2026-06-25 01:00:00,6,5,10.896311780525886,6.647872275191848,-4.248439505334038,4.248439505334038,DEFICIT_PRESSURE,4
5374.01,2026-06-25 01:00:00,5,7,5.175625127402077,2.1797650183307953,-2.9958601090712813,2.9958601090712813,DEFICIT_PRESSURE,5
6432.09,2026-06-25 01:00:00,2,3,3.951483987456224,6.236108462644456,2.284624475188232,2.284624475188232,SURPLUS_PRESSURE,6
6459.07,2026-06-25 01:00:00,4,3,1.813313042042777,4.077841395430776,2.264528353387999,2.264528353387999,SURPLUS_PRESSURE,7
5492.05,2026-06-25 01:00:00,5,4,1.3319080637952516,2.9051180856106473,1.5732100218153957,1.5732100218153957,SURPLUS_PRESSURE,8
5980.10,2026-06-25 01:00:00,7,1,2.066103987612406,0.8767917633986633,-1.1893122242137428,1.1893122242137428,DEFICIT_PRESSURE,9
6233.04,2026-06-25 01:00:00,1,3,0.3406709847127594,1.388514097500709,1.0478431127879497,1.0478431127879497,SURPLUS_PRESSURE,10
6726.01,2026-06-25 01:00:00,4,2,2.816056277783602,3.7717460802875693,0.9556898025039673,0.9556898025039673,SURPLUS_PRESSURE,11
5712.03,2026-06-25 01:00:00,2,2,3.582049360190796,4.500705865991894,0.9186565058010983,0.9186565058010983,SURPLUS_PRESSURE,12
5905.14,2026-06-25 01:00:00,2,0,3.5957441799080767,2.7153395534282923,-0.8804046264797845,0.8804046264797845,DEFICIT_PRESSURE,13
6140.05,2026-06-25 01:00:00,3,2,1.2309248829908663,1.9325175516537152,0.7015926686628489,0.7015926686628489,SURPLUS_PRESSURE,14
6173.08,2026-06-25 01:00:00,3,2,0.6113866717145079,1.122588537043516,0.5112018653290081,0.5112018653290081,SURPLUS_PRESSURE,15
6948.10,2026-06-25 01:00:00,1,1,3.8178276172201437,3.3845307895570538,-0.43329682766308997,0.43329682766308997,DEFICIT_PRESSURE,16
6912.01,2026-06-25 01:00:00,2,0,2.601321253900934,2.3316277753522408,-0.2696934785486933,0.2696934785486933,DEFICIT_PRESSURE,17
6072.06,2026-06-25 01:00:00,4,1,3.4322197131059533,3.695175898399213,0.2629561852932598,0.2629561852932598,SURPLUS_PRESSURE,18
6492.08,2026-06-25 01:00:00,1,3,2.4399858365518536,2.286929868755845,-0.15305596779600883,0.15305596779600883,DEFICIT_PRESSURE,19
5905.12,2026-06-25 01:00:00,6,4,3.4069904496902166,3.509524884631043,0.10253443494082637,0.10253443494082637,SURPLUS_PRESSURE,20
6364.07,2026-06-25 02:00:00,3,1,6.55051246199413,2.2777675702885354,-4.272744891705595,4.272744891705595,DEFICIT_PRESSURE,1
6331.01,2026-06-25 02:00:00,1,0,4.119816455200064,1.418689775512751,-2.7011266796873126,2.7011266796873126,DEFICIT_PRESSURE,2
5980.10,2026-06-25 02:00:00,2,0,2.7940240995660552,0.29019274307813775,-2.5038313564879173,2.5038313564879173,DEFICIT_PRESSURE,3
5905.12,2026-06-25 02:00:00,1,1,2.811705232270773,0.928858211466527,-1.8828470208042463,1.8828470208042463,DEFICIT_PRESSURE,4
6912.01,2026-06-25 02:00:00,0,0,1.0469829785976772,2.7614588506171565,1.7144758720194793,1.7144758720194793,SURPLUS_PRESSURE,5
5374.01,2026-06-25 02:00:00,2,2,2.908242787920019,3.870478903250505,0.9622361153304859,0.9622361153304859,SURPLUS_PRESSURE,6
5763.03,2026-06-25 02:00:00,1,3,1.8342781331476572,0.9620017471189971,-0.8722763860286601,0.8722763860286601,DEFICIT_PRESSURE,7
6072.06,2026-06-25 02:00:00,2,1,1.8602764501447595,1.1076909556848167,-0.7525854944599428,0.7525854944599428,DEFICIT_PRESSURE,8
6948.10,2026-06-25 02:00:00,1,0,0.5883188892584922,1.1393041282671073,0.5509852390086151,0.5509852390086151,SURPLUS_PRESSURE,9
6726.01,2026-06-25 02:00:00,0,1,1.0697017057706897,1.5658877048685094,0.4961859990978197,0.4961859990978197,SURPLUS_PRESSURE,10
5492.05,2026-06-25 02:00:00,1,1,1.6059210144920928,2.0982425208939706,0.4923215064018778,0.4923215064018778,SURPLUS_PRESSURE,11
6492.08,2026-06-25 02:00:00,4,1,0.8165544760841985,1.3063292625081637,0.4897747864239652,0.4897747864239652,SURPLUS_PRESSURE,12
6233.04,2026-06-25 02:00:00,2,2,0.5909396562187893,1.0473302176476398,0.4563905614288505,0.4563905614288505,SURPLUS_PRESSURE,13
6822.09,2026-06-25 02:00:00,1,0,1.223292790088453,0.8360837644222994,-0.38720902566615356,0.38720902566615356,DEFICIT_PRESSURE,14
6140.05,2026-06-25 02:00:00,0,2,1.199419458211348,0.9162341944552468,-0.2831852637561012,0.2831852637561012,DEFICIT_PRESSURE,15
6432.09,2026-06-25 02:00:00,1,1,1.1510317592839103,0.8805776006055432,-0.2704541586783671,0.2704541586783671,DEFICIT_PRESSURE,16
5712.03,2026-06-25 02:00:00,4,1,1.2928258556832248,1.0295473481643527,-0.26327850751887216,0.26327850751887216,DEFICIT_PRESSURE,17
6173.08,2026-06-25 02:00:00,0,0,1.964562887015982,1.7086025459549028,-0.2559603410610791,0.2559603410610791,DEFICIT_PRESSURE,18
6459.07,2026-06-25 02:00:00,3,1,1.305978853311781,1.3479144152792586,0.0419355619674775,0.0419355619674775,SURPLUS_PRESSURE,19
5905.14,2026-06-25 02:00:00,0,0,0.9333039555282151,0.9588455587043145,0.025541603176099437,0.025541603176099437,SURPLUS_PRESSURE,20
6364.07,2026-06-25 03:00:00,1,2,4.051669523051709,0.8634513145828312,-3.1882182084688777,3.1882182084688777,DEFICIT_PRESSURE,1
6459.07,2026-06-25 03:00:00,1,0,2.0083101489452484,0.8327817496287796,-1.1755283993164687,1.1755283993164687,DEFICIT_PRESSURE,2
5980.10,2026-06-25 03:00:00,1,2,1.3567735825458807,0.22707036532658723,-1.1297032172192933,1.1297032172192933,DEFICIT_PRESSURE,3
5763.03,2026-06-25 03:00:00,0,0,0.5334755595577927,1.6473921262626328,1.11391656670484,1.11391656670484,SURPLUS_PRESSURE,4
6492.08,2026-06-25 03:00:00,0,1,1.1871052021480208,0.45146138176773787,-0.735643820380283,0.735643820380283,DEFICIT_PRESSURE,5
5712.03,2026-06-25 03:00:00,0,0,1.0999987461125795,1.7676973567280618,0.6676986106154823,0.6676986106154823,SURPLUS_PRESSURE,6
6331.01,2026-06-25 03:00:00,0,0,0.8901628390193751,0.4899594083187068,-0.4002034307006683,0.4002034307006683,DEFICIT_PRESSURE,7
6072.06,2026-06-25 03:00:00,2,2,1.0265323667281694,0.6441719044207741,-0.3823604623073953,0.3823604623073953,DEFICIT_PRESSURE,8
5492.05,2026-06-25 03:00:00,0,0,0.5692045088992913,0.8714552013605622,0.3022506924612709,0.3022506924612709,SURPLUS_PRESSURE,9
6726.01,2026-06-25 03:00:00,1,0,0.48374539583718873,0.774505923699261,0.29076052786207224,0.29076052786207224,SURPLUS_PRESSURE,10
6233.04,2026-06-25 03:00:00,0,0,0.42881875193645513,0.7168002711408059,0.2879815192043508,0.2879815192043508,SURPLUS_PRESSURE,11
5905.12,2026-06-25 03:00:00,1,1,0.7655354556745556,0.534933462028653,-0.23060199364590261,0.23060199364590261,DEFICIT_PRESSURE,12
6912.01,2026-06-25 03:00:00,0,0,0.4740444456011646,0.29148012291786807,-0.18256432268329653,0.18256432268329653,DEFICIT_PRESSURE,13
5905.14,2026-06-25 03:00:00,0,1,0.4005180047229747,0.536729395849721,0.1362113911267463,0.1362113911267463,SURPLUS_PRESSURE,14
6822.09,2026-06-25 03:00:00,0,2,0.5250059058257246,0.6494160049452071,0.12441009911948253,0.12441009911948253,SURPLUS_PRESSURE,15
6173.08,2026-06-25 03:00:00,0,0,0.3811705667277724,0.2587235900993274,-0.122446976628445,0.122446976628445,DEFICIT_PRESSURE,16
6948.10,2026-06-25 03:00:00,1,2,0.44622062364528015,0.3658361601024904,-0.08038446354278972,0.08038446354278972,DEFICIT_PRESSURE,17
6432.09,2026-06-25 03:00:00,2,0,0.48185457143028354,0.4148302321666023,-0.06702433926368123,0.06702433926368123,DEFICIT_PRESSURE,18
6140.05,2026-06-25 03:00:00,1,0,0.7685996769407453,0.8125963018187633,0.04399662487801803,0.04399662487801803,SURPLUS_PRESSURE,19
5374.01,2026-06-25 03:00:00,0,0,1.1980924127027321,1.2022399294694361,0.004147516766703996,0.004147516766703996,SURPLUS_PRESSURE,20
5712.03,2026-06-25 04:00:00,1,1,1.0974840796394294,2.933845916829004,1.8363618371895747,1.8363618371895747,SURPLUS_PRESSURE,1
6492.08,2026-06-25 04:00:00,1,3,0.44886499472490404,1.9589282410019841,1.5100632462770802,1.5100632462770802,SURPLUS_PRESSURE,2
6140.05,2026-06-25 04:00:00,0,1,0.5217660382487491,1.957408524911942,1.435642486663193,1.435642486663193,SURPLUS_PRESSURE,3
6459.07,2026-06-25 04:00:00,1,2,1.2276626802102437,2.321057317482697,1.0933946372724535,1.0933946372724535,SURPLUS_PRESSURE,4
5905.14,2026-06-25 04:00:00,0,3,0.6742712753127255,1.736448257885455,1.0621769825727294,1.0621769825727294,SURPLUS_PRESSURE,5
6822.09,2026-06-25 04:00:00,1,1,0.342132869733921,1.3277358272690276,0.9856029575351066,0.9856029575351066,SURPLUS_PRESSURE,6
5374.01,2026-06-25 04:00:00,0,2,1.2981257940821878,2.1803363295765323,0.8822105354943446,0.8822105354943446,SURPLUS_PRESSURE,7
6331.01,2026-06-25 04:00:00,3,4,1.120365149419505,1.869595289479416,0.7492301400599108,0.7492301400599108,SURPLUS_PRESSURE,8
6912.01,2026-06-25 04:00:00,0,1,0.45554237713591017,1.1891832772709112,0.733640900135001,0.733640900135001,SURPLUS_PRESSURE,9
5905.12,2026-06-25 04:00:00,2,0,0.9215808789152042,1.5090142085501115,0.5874333296349072,0.5874333296349072,SURPLUS_PRESSURE,10
5492.05,2026-06-25 04:00:00,0,1,0.8739417315498059,1.4015814813896383,0.5276397498398324,0.5276397498398324,SURPLUS_PRESSURE,11
6726.01,2026-06-25 04:00:00,2,2,1.513253895799362,1.931836188078917,0.418582292279555,0.418582292279555,SURPLUS_PRESSURE,12
6072.06,2026-06-25 04:00:00,0,4,0.5736672131602241,0.8978104295252396,0.32414321636501553,0.32414321636501553,SURPLUS_PRESSURE,13
6432.09,2026-06-25 04:00:00,1,0,0.6735690621306726,0.3555819594837395,-0.3179871026469331,0.3179871026469331,DEFICIT_PRESSURE,14
6233.04,2026-06-25 04:00:00,0,0,0.2241380083462769,0.5341364068752735,0.30999839852899663,0.30999839852899663,SURPLUS_PRESSURE,15
6948.10,2026-06-25 04:00:00,4,2,0.5823452460432926,0.8699457768273967,0.2876005307841041,0.2876005307841041,SURPLUS_PRESSURE,16
5980.10,2026-06-25 04:00:00,1,0,1.0278748397061892,0.8534117495120579,-0.1744630901941313,0.1744630901941313,DEFICIT_PRESSURE,17
6173.08,2026-06-25 04:00:00,0,0,0.42487170733558327,0.5231145139392523,0.09824280660366908,0.09824280660366908,SURPLUS_PRESSURE,18
5763.03,2026-06-25 04:00:00,2,1,1.126031254461983,1.2052580940350686,0.07922683957308552,0.07922683957308552,SURPLUS_PRESSURE,19
6364.07,2026-06-25 04:00:00,3,2,1.1945355339100738,1.1522627381501356,-0.04227279575993825,0.04227279575993825,DEFICIT_PRESSURE,20
6233.04,2026-06-25 05:00:00,2,19,1.429640805654222,17.35342954636313,15.92378874070891,15.92378874070891,SURPLUS_PRESSURE,1
6822.09,2026-06-25 05:00:00,3,11,2.6167141285656585,8.00818184091035,5.391467712344691,5.391467712344691,SURPLUS_PRESSURE,2
6912.01,2026-06-25 05:00:00,0,0,1.0202735855564407,4.81229605842816,3.7920224728717193,3.7920224728717193,SURPLUS_PRESSURE,3
6459.07,2026-06-25 05:00:00,5,0,5.578372624548985,1.8796936584835273,-3.6986789660654575,3.6986789660654575,DEFICIT_PRESSURE,4
6173.08,2026-06-25 05:00:00,1,3,0.5682390147793244,3.8286399643549847,3.2604009495756605,3.2604009495756605,SURPLUS_PRESSURE,5
5905.14,2026-06-25 05:00:00,3,2,2.8630583407311514,5.636038746584513,2.772980405853362,2.772980405853362,SURPLUS_PRESSURE,6
6432.09,2026-06-25 05:00:00,5,3,6.049813960632255,4.06904331102113,-1.9807706496111246,1.9807706496111246,DEFICIT_PRESSURE,7
5763.03,2026-06-25 05:00:00,4,1,3.6726224369331284,2.2841637288506846,-1.3884587080824438,1.3884587080824438,DEFICIT_PRESSURE,8
6726.01,2026-06-25 05:00:00,3,2,4.427745648468528,3.0728398702635555,-1.354905778204972,1.354905778204972,DEFICIT_PRESSURE,9
6948.10,2026-06-25 05:00:00,2,2,4.085866933112501,2.9369015671382384,-1.148965365974263,1.148965365974263,DEFICIT_PRESSURE,10
5712.03,2026-06-25 05:00:00,1,3,2.823883009377065,1.938419575643264,-0.8854634337338008,0.8854634337338008,DEFICIT_PRESSURE,11
5980.10,2026-06-25 05:00:00,3,1,1.3545182923833357,0.5455579205083453,-0.8089603718749904,0.8089603718749904,DEFICIT_PRESSURE,12
6364.07,2026-06-25 05:00:00,1,2,1.7186510093754936,2.422623672163202,0.7039726627877085,0.7039726627877085,SURPLUS_PRESSURE,13
6331.01,2026-06-25 05:00:00,13,6,10.798587363620616,10.099985397418427,-0.6986019662021885,0.6986019662021885,DEFICIT_PRESSURE,14
6492.08,2026-06-25 05:00:00,5,4,2.87339052608085,3.3496032363016583,0.47621271022080824,0.47621271022080824,SURPLUS_PRESSURE,15
5905.12,2026-06-25 05:00:00,0,2,5.329788291456238,5.023244482672049,-0.3065438087841885,0.3065438087841885,DEFICIT_PRESSURE,16
5492.05,2026-06-25 05:00:00,1,2,1.956784339695272,1.694516128817518,-0.2622682108777541,0.2622682108777541,DEFICIT_PRESSURE,17
6072.06,2026-06-25 05:00:00,5,1,2.741406274667704,2.5041396037234858,-0.23726667094421838,0.23726667094421838,DEFICIT_PRESSURE,18
6140.05,2026-06-25 05:00:00,3,4,2.9137160575409626,3.044490643127351,0.13077458558638844,0.13077458558638844,SURPLUS_PRESSURE,19
5374.01,2026-06-25 05:00:00,2,4,1.8385210906483715,1.7697344339392356,-0.06878665670913597,0.06878665670913597,DEFICIT_PRESSURE,20
6822.09,2026-06-25 06:00:00,7,50,9.21846181794348,41.61215598165495,32.39369416371147,32.39369416371147,SURPLUS_PRESSURE,1
6233.04,2026-06-25 06:00:00,4,20,5.931433969611724,25.008102607052223,19.0766686374405,19.0766686374405,SURPLUS_PRESSURE,2
6726.01,2026-06-25 06:00:00,21,12,19.330314884678742,4.815527140123831,-14.514787744554912,14.514787744554912,DEFICIT_PRESSURE,3
5712.03,2026-06-25 06:00:00,4,12,6.704102675834114,15.733048969632955,9.028946293798843,9.028946293798843,SURPLUS_PRESSURE,4
6948.10,2026-06-25 06:00:00,16,14,5.450830903029098,13.733972136646475,8.283141233617378,8.283141233617378,SURPLUS_PRESSURE,5
5980.10,2026-06-25 06:00:00,10,0,9.661400302649922,2.062563917082975,-7.598836385566947,7.598836385566947,DEFICIT_PRESSURE,6
5905.12,2026-06-25 06:00:00,6,14,7.612383330371873,15.005418087852084,7.39303475748021,7.39303475748021,SURPLUS_PRESSURE,7
6331.01,2026-06-25 06:00:00,28,8,23.807462887808448,17.023325698198832,-6.784137189609616,6.784137189609616,DEFICIT_PRESSURE,8
6912.01,2026-06-25 06:00:00,6,17,9.145121940801523,14.555709363299652,5.4105874224981285,5.4105874224981285,SURPLUS_PRESSURE,9
5763.03,2026-06-25 06:00:00,9,6,10.438194351635609,5.248220876666556,-5.189973474969053,5.189973474969053,DEFICIT_PRESSURE,10
6492.08,2026-06-25 06:00:00,11,10,14.790851463430753,19.290216068353878,4.499364604923125,4.499364604923125,SURPLUS_PRESSURE,11
6072.06,2026-06-25 06:00:00,10,10,9.018404367235773,5.346650901572027,-3.6717534656637456,3.6717534656637456,DEFICIT_PRESSURE,12
6173.08,2026-06-25 06:00:00,4,11,5.373577128141823,8.85390318698159,3.4803260588397666,3.4803260588397666,SURPLUS_PRESSURE,13
6432.09,2026-06-25 06:00:00,20,27,18.79811188633797,21.529175496215544,2.731063609877573,2.731063609877573,SURPLUS_PRESSURE,14
6459.07,2026-06-25 06:00:00,8,9,8.163248003161563,5.54337453215953,-2.619873471002033,2.619873471002033,DEFICIT_PRESSURE,15
6140.05,2026-06-25 06:00:00,11,16,8.690860605969226,10.473359212375021,1.7824986064057953,1.7824986064057953,SURPLUS_PRESSURE,16
5905.14,2026-06-25 06:00:00,10,11,8.559746734854038,10.127599223839962,1.567852488985924,1.567852488985924,SURPLUS_PRESSURE,17
5374.01,2026-06-25 06:00:00,6,9,9.68188503238576,8.763649974486427,-0.9182350578993326,0.9182350578993326,DEFICIT_PRESSURE,18
6364.07,2026-06-25 06:00:00,15,4,7.482550916568828,6.695760161390813,-0.7867907551780151,0.7867907551780151,DEFICIT_PRESSURE,19
5492.05,2026-06-25 06:00:00,8,5,4.486291002702601,5.218660018650582,0.732369015947981,0.732369015947981,SURPLUS_PRESSURE,20
6822.09,2026-06-25 07:00:00,18,47,24.42927436125965,56.0441899693171,31.61491560805745,31.61491560805745,SURPLUS_PRESSURE,1
5712.03,2026-06-25 07:00:00,17,39,20.337104114115633,41.13095238095238,20.793848266836747,20.793848266836747,SURPLUS_PRESSURE,2
6726.01,2026-06-25 07:00:00,31,11,35.81463818991167,17.174354971638966,-18.640283218272703,18.640283218272703,DEFICIT_PRESSURE,3
5980.10,2026-06-25 07:00:00,15,5,17.510622352609015,3.0897568242372153,-14.4208655283718,14.4208655283718,DEFICIT_PRESSURE,4
5905.12,2026-06-25 07:00:00,11,28,16.711585004177106,30.998053130477874,14.286468126300768,14.286468126300768,SURPLUS_PRESSURE,5
6432.09,2026-06-25 07:00:00,48,69,34.39753495718283,46.86053054888645,12.462995591703624,12.462995591703624,SURPLUS_PRESSURE,6
6492.08,2026-06-25 07:00:00,26,40,29.193151229401227,40.72588095238096,11.532729722979735,11.532729722979735,SURPLUS_PRESSURE,7
5763.03,2026-06-25 07:00:00,13,7,22.09911962786433,10.981979416891484,-11.117140210972845,11.117140210972845,DEFICIT_PRESSURE,8
6331.01,2026-06-25 07:00:00,29,29,33.77622864036212,22.876429373034675,-10.899799267327445,10.899799267327445,DEFICIT_PRESSURE,9
6364.07,2026-06-25 07:00:00,12,12,22.897873387602058,15.588162714386806,-7.3097106732152515,7.3097106732152515,DEFICIT_PRESSURE,10
6173.08,2026-06-25 07:00:00,14,27,16.3400571471864,22.06015121543323,5.72009406824683,5.72009406824683,SURPLUS_PRESSURE,11
6140.05,2026-06-25 07:00:00,23,24,19.189876719055484,23.41269135573428,4.222814636678798,4.222814636678798,SURPLUS_PRESSURE,12
6072.06,2026-06-25 07:00:00,21,18,22.30213305031034,18.13008600728476,-4.172047043025579,4.172047043025579,DEFICIT_PRESSURE,13
5374.01,2026-06-25 07:00:00,15,13,12.500079986708112,15.614003127217575,3.1139231405094634,3.1139231405094634,SURPLUS_PRESSURE,14
6233.04,2026-06-25 07:00:00,27,27,24.516392156862754,26.245614762051755,1.7292226051890012,1.7292226051890012,SURPLUS_PRESSURE,15
6912.01,2026-06-25 07:00:00,19,18,21.440606518524472,22.765601437885103,1.3249949193606305,1.3249949193606305,SURPLUS_PRESSURE,16
6459.07,2026-06-25 07:00:00,20,18,19.77700922586458,21.089394045537293,1.3123848196727117,1.3123848196727117,SURPLUS_PRESSURE,17
5492.05,2026-06-25 07:00:00,6,11,14.20507903360165,14.785864356820385,0.5807853232187341,0.5807853232187341,SURPLUS_PRESSURE,18
6948.10,2026-06-25 07:00:00,23,37,25.91482322436461,26.34199592363564,0.4271726992710292,0.4271726992710292,SURPLUS_PRESSURE,19
5905.14,2026-06-25 07:00:00,15,19,18.371058159667772,18.796082842661885,0.42502468299411333,0.42502468299411333,SURPLUS_PRESSURE,20
6492.08,2026-06-25 08:00:00,48,133,53.31210641563663,118.4387261904762,65.12661977483958,65.12661977483958,SURPLUS_PRESSURE,1
6459.07,2026-06-25 08:00:00,45,80,40.79653612907725,69.28577453102456,28.489238401947304,28.489238401947304,SURPLUS_PRESSURE,2
5980.10,2026-06-25 08:00:00,38,14,38.48187163016723,10.106294808794372,-28.375576821372853,28.375576821372853,DEFICIT_PRESSURE,3
5712.03,2026-06-25 08:00:00,41,74,40.213111111111125,64.96815818573765,24.755047074626525,24.755047074626525,SURPLUS_PRESSURE,4
6822.09,2026-06-25 08:00:00,40,62,32.09850026872852,53.638651341762994,21.540151073034473,21.540151073034473,SURPLUS_PRESSURE,5
6912.01,2026-06-25 08:00:00,24,51,32.15617147256509,53.573338805683576,21.417167333118485,21.417167333118485,SURPLUS_PRESSURE,6
5905.12,2026-06-25 08:00:00,26,51,30.72987012262351,51.996185874288194,21.266315751664685,21.266315751664685,SURPLUS_PRESSURE,7
6140.05,2026-06-25 08:00:00,53,75,45.87153955655727,67.06677191240135,21.195232355844077,21.195232355844077,SURPLUS_PRESSURE,8
6173.08,2026-06-25 08:00:00,20,56,31.396536117142233,51.612700203927226,20.216164086784993,20.216164086784993,SURPLUS_PRESSURE,9
6432.09,2026-06-25 08:00:00,48,75,53.86276134265815,69.83951587301588,15.97675453035773,15.97675453035773,SURPLUS_PRESSURE,10
5492.05,2026-06-25 08:00:00,18,29,21.670535281804145,36.39582000075207,14.725284718947922,14.725284718947922,SURPLUS_PRESSURE,11
6726.01,2026-06-25 08:00:00,27,15,30.133458503257085,19.109409356295508,-11.024049146961577,11.024049146961577,DEFICIT_PRESSURE,12
5374.01,2026-06-25 08:00:00,32,21,33.76178838700304,23.085289545197387,-10.67649884180565,10.67649884180565,DEFICIT_PRESSURE,13
6233.04,2026-06-25 08:00:00,49,30,48.91794288016626,39.082633849296364,-9.835309030869894,9.835309030869894,DEFICIT_PRESSURE,14
6331.01,2026-06-25 08:00:00,43,49,37.72869878352907,45.095832881443165,7.3671340979140965,7.3671340979140965,SURPLUS_PRESSURE,15
6364.07,2026-06-25 08:00:00,23,27,36.42576154401155,29.51162472204442,-6.91413682196713,6.91413682196713,DEFICIT_PRESSURE,16
6072.06,2026-06-25 08:00:00,39,29,36.9339993594268,31.10484967825758,-5.82914968116922,5.82914968116922,DEFICIT_PRESSURE,17
6948.10,2026-06-25 08:00:00,33,37,40.42675750346755,36.99781569042932,-3.4289418130382288,3.4289418130382288,DEFICIT_PRESSURE,18
5763.03,2026-06-25 08:00:00,31,31,27.991981723423628,26.133241695292625,-1.8587400281310025,1.8587400281310025,DEFICIT_PRESSURE,19
5905.14,2026-06-25 08:00:00,25,37,37.11479518946844,38.80859577968966,1.6938005902212225,1.6938005902212225,SURPLUS_PRESSURE,20
6492.08,2026-06-25 09:00:00,38,83,34.42792438135769,88.95434523809527,54.52642085673758,54.52642085673758,SURPLUS_PRESSURE,1
6173.08,2026-06-25 09:00:00,23,62,24.910658342819765,56.67832087693141,31.767662534111643,31.767662534111643,SURPLUS_PRESSURE,2
6140.05,2026-06-25 09:00:00,40,50,41.23880963072617,67.67791829004328,26.439108659317107,26.439108659317107,SURPLUS_PRESSURE,3
5980.10,2026-06-25 09:00:00,42,13,41.5638567724464,20.37193873429007,-21.19191803815633,21.19191803815633,DEFICIT_PRESSURE,4
6912.01,2026-06-25 09:00:00,21,58,32.578043367465185,51.193763208359684,18.6157198408945,18.6157198408945,SURPLUS_PRESSURE,5
6822.09,2026-06-25 09:00:00,29,42,27.376376031714617,44.58242325446207,17.206047222747454,17.206047222747454,SURPLUS_PRESSURE,6
6948.10,2026-06-25 09:00:00,27,53,31.956217720094763,45.39601470400738,13.439796983912615,13.439796983912615,SURPLUS_PRESSURE,7
6432.09,2026-06-25 09:00:00,35,50,36.56019829894867,49.79528915758198,13.235090858633313,13.235090858633313,SURPLUS_PRESSURE,8
6364.07,2026-06-25 09:00:00,35,40,29.15932160136482,37.727344182535546,8.568022581170727,8.568022581170727,SURPLUS_PRESSURE,9
5905.12,2026-06-25 09:00:00,37,36,31.051914084471882,38.90315671980416,7.851242635332277,7.851242635332277,SURPLUS_PRESSURE,10
5905.14,2026-06-25 09:00:00,26,24,28.33785776754096,36.13085470876041,7.7929969412194495,7.7929969412194495,SURPLUS_PRESSURE,11
6459.07,2026-06-25 09:00:00,36,41,38.60618415582471,46.06262820538572,7.456444049561014,7.456444049561014,SURPLUS_PRESSURE,12
6233.04,2026-06-25 09:00:00,37,36,38.678009468762525,32.65215028540189,-6.025859183360637,6.025859183360637,DEFICIT_PRESSURE,13
5763.03,2026-06-25 09:00:00,19,23,23.85816700976203,29.354508614180812,5.496341604418781,5.496341604418781,SURPLUS_PRESSURE,14
6331.01,2026-06-25 09:00:00,40,53,39.82521868412916,45.153860345152935,5.328641661023774,5.328641661023774,SURPLUS_PRESSURE,15
5492.05,2026-06-25 09:00:00,23,29,24.569514188354997,29.114223471943937,4.54470928358894,4.54470928358894,SURPLUS_PRESSURE,16
5374.01,2026-06-25 09:00:00,25,24,29.890795172544752,25.72807112515531,-4.1627240473894425,4.1627240473894425,DEFICIT_PRESSURE,17
6072.06,2026-06-25 09:00:00,22,27,33.51716267673505,29.82838853318151,-3.6887741435535375,3.6887741435535375,DEFICIT_PRESSURE,18
6726.01,2026-06-25 09:00:00,19,20,21.377666392540604,19.25509740756706,-2.122568984973544,2.122568984973544,DEFICIT_PRESSURE,19
5712.03,2026-06-25 09:00:00,45,50,46.325768167067984,47.175792244693014,0.8500240776250294,0.8500240776250294,SURPLUS_PRESSURE,20
5980.10,2026-06-25 10:00:00,26,7,31.722516122172134,12.544794968776232,-19.1777211533959,19.1777211533959,DEFICIT_PRESSURE,1
6432.09,2026-06-25 10:00:00,20,20,20.54154324758651,34.76581853379731,14.224275286210798,14.224275286210798,SURPLUS_PRESSURE,2
5712.03,2026-06-25 10:00:00,18,19,30.351487902126266,40.23635399495177,9.884866092825504,9.884866092825504,SURPLUS_PRESSURE,3
5763.03,2026-06-25 10:00:00,18,21,25.862282119146975,35.20823095052672,9.345948831379744,9.345948831379744,SURPLUS_PRESSURE,4
6173.08,2026-06-25 10:00:00,16,16,20.794559281956904,28.086885848267745,7.292326566310841,7.292326566310841,SURPLUS_PRESSURE,5
6492.08,2026-06-25 10:00:00,18,45,22.53105500426651,29.74407687726797,7.213021873001459,7.213021873001459,SURPLUS_PRESSURE,6
5905.12,2026-06-25 10:00:00,33,24,29.662021953994635,24.06131584415495,-5.600706109839685,5.600706109839685,DEFICIT_PRESSURE,7
6331.01,2026-06-25 10:00:00,31,30,30.529270294093834,34.94891544566546,4.419645151571629,4.419645151571629,SURPLUS_PRESSURE,8
6822.09,2026-06-25 10:00:00,14,17,16.027464693079047,20.234318275553793,4.206853582474746,4.206853582474746,SURPLUS_PRESSURE,9
6072.06,2026-06-25 10:00:00,17,21,17.419743113061447,21.404495078936964,3.9847519658755175,3.9847519658755175,SURPLUS_PRESSURE,10
5492.05,2026-06-25 10:00:00,13,12,18.22299662885874,22.07573778756171,3.852741158702969,3.852741158702969,SURPLUS_PRESSURE,11
5374.01,2026-06-25 10:00:00,21,23,19.44352557491322,23.289285973688703,3.8457603987754823,3.8457603987754823,SURPLUS_PRESSURE,12
6233.04,2026-06-25 10:00:00,16,27,25.05342497235001,28.158388244580735,3.104963272230723,3.104963272230723,SURPLUS_PRESSURE,13
6459.07,2026-06-25 10:00:00,25,17,25.91529370532682,22.98045208451994,-2.934841620806882,2.934841620806882,DEFICIT_PRESSURE,14
6140.05,2026-06-25 10:00:00,29,51,34.74833053917237,37.578478004941026,2.830147465768654,2.830147465768654,SURPLUS_PRESSURE,15
6948.10,2026-06-25 10:00:00,20,36,24.13822286517491,26.493740153375384,2.355517288200474,2.355517288200474,SURPLUS_PRESSURE,16
6912.01,2026-06-25 10:00:00,40,33,25.059075839163533,26.743522321428564,1.684446482265031,1.684446482265031,SURPLUS_PRESSURE,17
6726.01,2026-06-25 10:00:00,19,22,15.512177820079598,16.907765750421184,1.395587930341586,1.395587930341586,SURPLUS_PRESSURE,18
5905.14,2026-06-25 10:00:00,21,17,23.455628541244725,22.23229451192959,-1.223334029315133,1.223334029315133,DEFICIT_PRESSURE,19
6364.07,2026-06-25 10:00:00,18,15,22.502408016590916,22.480320852650514,-0.022087163940401666,0.022087163940401666,DEFICIT_PRESSURE,20
5980.10,2026-06-25 11:00:00,34,9,34.31023866283367,7.754744447640288,-26.55549421519338,26.55549421519338,DEFICIT_PRESSURE,1
6233.04,2026-06-25 11:00:00,10,19,25.994478158256882,43.58252998752298,17.5880518292661,17.5880518292661,SURPLUS_PRESSURE,2
6140.05,2026-06-25 11:00:00,33,27,27.512505453731873,39.269698000051115,11.757192546319242,11.757192546319242,SURPLUS_PRESSURE,3
6364.07,2026-06-25 11:00:00,8,21,23.507576017988143,31.568473744235124,8.060897726246981,8.060897726246981,SURPLUS_PRESSURE,4
5374.01,2026-06-25 11:00:00,29,22,25.25646122175723,32.8452753732841,7.588814151526872,7.588814151526872,SURPLUS_PRESSURE,5
5905.12,2026-06-25 11:00:00,15,16,28.758675593260854,35.39054357956526,6.631867986304407,6.631867986304407,SURPLUS_PRESSURE,6
6072.06,2026-06-25 11:00:00,14,14,20.031339203807992,26.182961560160347,6.151622356352355,6.151622356352355,SURPLUS_PRESSURE,7
5763.03,2026-06-25 11:00:00,15,23,24.177160143066853,28.78067034986601,4.603510206799157,4.603510206799157,SURPLUS_PRESSURE,8
5712.03,2026-06-25 11:00:00,19,19,27.392829092266776,31.308020142625818,3.9151910503590415,3.9151910503590415,SURPLUS_PRESSURE,9
6912.01,2026-06-25 11:00:00,50,38,38.48959564537531,35.20192113519706,-3.287674510178249,3.287674510178249,DEFICIT_PRESSURE,10
6948.10,2026-06-25 11:00:00,39,26,26.57444500347023,29.34144240441645,2.76699740094622,2.76699740094622,SURPLUS_PRESSURE,11
5492.05,2026-06-25 11:00:00,16,15,19.534118222025352,22.07717597025961,2.543057748234258,2.543057748234258,SURPLUS_PRESSURE,12
6331.01,2026-06-25 11:00:00,17,15,26.63506488804144,29.048834480096865,2.4137695920554236,2.4137695920554236,SURPLUS_PRESSURE,13
6492.08,2026-06-25 11:00:00,17,21,20.71817919664359,22.743792552730078,2.025613356086488,2.025613356086488,SURPLUS_PRESSURE,14
5905.14,2026-06-25 11:00:00,16,25,23.802985754688258,24.621894120812048,0.8189083661237895,0.8189083661237895,SURPLUS_PRESSURE,15
6822.09,2026-06-25 11:00:00,18,9,18.153481153535203,18.95680983953356,0.8033286859983555,0.8033286859983555,SURPLUS_PRESSURE,16
6432.09,2026-06-25 11:00:00,15,15,18.865682981115853,18.161905001038587,-0.7037779800772661,0.7037779800772661,DEFICIT_PRESSURE,17
6726.01,2026-06-25 11:00:00,23,21,24.78853107457201,25.365613145693157,0.5770820711211471,0.5770820711211471,SURPLUS_PRESSURE,18
6459.07,2026-06-25 11:00:00,22,27,22.358517061862816,21.93736906202801,-0.42114799983480466,0.42114799983480466,DEFICIT_PRESSURE,19
6173.08,2026-06-25 11:00:00,16,17,21.240846269021482,20.861095963454368,-0.3797503055671143,0.3797503055671143,DEFICIT_PRESSURE,20
5980.10,2026-06-25 12:00:00,28,1,31.46298986554868,9.731871745437024,-21.731118120111653,21.731118120111653,DEFICIT_PRESSURE,1
6364.07,2026-06-25 12:00:00,25,38,16.789350855355856,33.2875819381961,16.498231082840242,16.498231082840242,SURPLUS_PRESSURE,2
6948.10,2026-06-25 12:00:00,34,36,46.27955985998576,30.173731791584135,-16.105828068401625,16.105828068401625,DEFICIT_PRESSURE,3
6912.01,2026-06-25 12:00:00,45,38,46.54160595942965,31.38934340133759,-15.152262558092062,15.152262558092062,DEFICIT_PRESSURE,4
5905.14,2026-06-25 12:00:00,24,18,21.986180621687467,31.927069896206298,9.940889274518831,9.940889274518831,SURPLUS_PRESSURE,5
5374.01,2026-06-25 12:00:00,18,19,35.28999570190635,26.729614105961456,-8.560381595944893,8.560381595944893,DEFICIT_PRESSURE,6
6459.07,2026-06-25 12:00:00,30,26,21.981137826215384,28.729706087857885,6.7485682616425,6.7485682616425,SURPLUS_PRESSURE,7
6233.04,2026-06-25 12:00:00,25,22,19.18853672493066,25.430422615772855,6.241885890842195,6.241885890842195,SURPLUS_PRESSURE,8
6432.09,2026-06-25 12:00:00,23,21,17.86048839807728,23.92306015292538,6.062571754848101,6.062571754848101,SURPLUS_PRESSURE,9
5763.03,2026-06-25 12:00:00,20,25,20.149317543598123,25.591117848117207,5.441800304519084,5.441800304519084,SURPLUS_PRESSURE,10
6072.06,2026-06-25 12:00:00,22,15,19.745578025989754,24.91591014161114,5.170332115621385,5.170332115621385,SURPLUS_PRESSURE,11
5905.12,2026-06-25 12:00:00,31,22,22.496969749108892,27.507803882508515,5.010834133399623,5.010834133399623,SURPLUS_PRESSURE,12
6822.09,2026-06-25 12:00:00,10,25,22.53800185401367,17.871628738139815,-4.666373115873856,4.666373115873856,DEFICIT_PRESSURE,13
6173.08,2026-06-25 12:00:00,30,30,22.96888783596682,27.206257075127283,4.237369239160461,4.237369239160461,SURPLUS_PRESSURE,14
6492.08,2026-06-25 12:00:00,30,28,27.748596537422554,31.683544528719057,3.9349479912965037,3.9349479912965037,SURPLUS_PRESSURE,15
5712.03,2026-06-25 12:00:00,20,19,28.420733560716435,31.39960197876745,2.9788684180510145,2.9788684180510145,SURPLUS_PRESSURE,16
6140.05,2026-06-25 12:00:00,37,33,31.601516546410238,33.35029198026721,1.74877543385697,1.74877543385697,SURPLUS_PRESSURE,17
6331.01,2026-06-25 12:00:00,22,39,26.530481731545002,28.13709558984988,1.606613858304879,1.606613858304879,SURPLUS_PRESSURE,18
5492.05,2026-06-25 12:00:00,26,26,28.025856723517624,29.45454912010418,1.4286923965865554,1.4286923965865554,SURPLUS_PRESSURE,19
6726.01,2026-06-25 12:00:00,27,28,26.732212405691836,26.714716246670594,-0.017496159021241908,0.017496159021241908,DEFICIT_PRESSURE,20
5980.10,2026-06-25 13:00:00,34,9,36.74896697942751,5.9021003241672245,-30.846866655260282,30.846866655260282,DEFICIT_PRESSURE,1
6331.01,2026-06-25 13:00:00,28,52,30.743904595101966,41.84218031794339,11.098275722841421,11.098275722841421,SURPLUS_PRESSURE,2
6912.01,2026-06-25 13:00:00,28,54,44.98761309620928,37.66285164750125,-7.324761448708031,7.324761448708031,DEFICIT_PRESSURE,3
6948.10,2026-06-25 13:00:00,36,43,29.450254079680352,35.264023351607584,5.813769271927232,5.813769271927232,SURPLUS_PRESSURE,4
5712.03,2026-06-25 13:00:00,25,23,32.173395480853735,26.718767995345935,-5.4546274855078,5.4546274855078,DEFICIT_PRESSURE,5
6364.07,2026-06-25 13:00:00,29,30,23.5508966530665,28.983833622102225,5.432936969035726,5.432936969035726,SURPLUS_PRESSURE,6
6140.05,2026-06-25 13:00:00,23,33,37.112751389973,31.944662878333098,-5.168088511639901,5.168088511639901,DEFICIT_PRESSURE,7
5763.03,2026-06-25 13:00:00,19,21,21.697837042825366,25.690066115438235,3.9922290726128686,3.9922290726128686,SURPLUS_PRESSURE,8
5374.01,2026-06-25 13:00:00,17,19,18.75817302788502,22.33754999816805,3.579376970283029,3.579376970283029,SURPLUS_PRESSURE,9
6072.06,2026-06-25 13:00:00,19,29,21.815788862813694,24.25104510711369,2.435256244299996,2.435256244299996,SURPLUS_PRESSURE,10
6492.08,2026-06-25 13:00:00,31,28,27.70033927487384,29.77441298265829,2.07407370778445,2.07407370778445,SURPLUS_PRESSURE,11
5905.12,2026-06-25 13:00:00,21,20,30.099439584239008,31.974748959158624,1.8753093749196168,1.8753093749196168,SURPLUS_PRESSURE,12
6822.09,2026-06-25 13:00:00,20,15,18.31914813061583,19.97435645121633,1.6552083206005008,1.6552083206005008,SURPLUS_PRESSURE,13
6459.07,2026-06-25 13:00:00,24,25,27.579836455142857,26.53597810807508,-1.0438583470677756,1.0438583470677756,DEFICIT_PRESSURE,14
6726.01,2026-06-25 13:00:00,29,29,28.948944290105505,27.94963606388035,-0.9993082262251534,0.9993082262251534,DEFICIT_PRESSURE,15
6233.04,2026-06-25 13:00:00,30,27,25.362056328598396,26.14546275746782,0.7834064288694229,0.7834064288694229,SURPLUS_PRESSURE,16
5905.14,2026-06-25 13:00:00,27,22,28.551729997655,27.793513106165715,-0.7582168914892833,0.7582168914892833,DEFICIT_PRESSURE,17
6432.09,2026-06-25 13:00:00,22,15,21.6911414833937,22.221648004288497,0.5305065208947966,0.5305065208947966,SURPLUS_PRESSURE,18
6173.08,2026-06-25 13:00:00,33,32,32.85628185394921,33.24193088973348,0.3856490357842688,0.3856490357842688,SURPLUS_PRESSURE,19
5492.05,2026-06-25 13:00:00,27,28,26.04431297270641,25.963843503230542,-0.08046946947586875,0.08046946947586875,DEFICIT_PRESSURE,20
5980.10,2026-06-25 14:00:00,30,5,33.624272717071406,9.94854900382644,-23.675723713244967,23.675723713244967,DEFICIT_PRESSURE,1
6331.01,2026-06-25 14:00:00,23,45,34.11190360149846,52.612180773089705,18.500277171591243,18.500277171591243,SURPLUS_PRESSURE,2
6364.07,2026-06-25 14:00:00,18,32,22.017123852868416,30.747626619376526,8.73050276650811,8.73050276650811,SURPLUS_PRESSURE,3
6912.01,2026-06-25 14:00:00,37,31,42.62009123590523,50.15064780813788,7.530556572232655,7.530556572232655,SURPLUS_PRESSURE,4
5905.14,2026-06-25 14:00:00,18,27,35.5473962793744,29.645154999722184,-5.902241279652213,5.902241279652213,DEFICIT_PRESSURE,5
6822.09,2026-06-25 14:00:00,28,25,27.25864375284737,21.520626791054486,-5.738016961792884,5.738016961792884,DEFICIT_PRESSURE,6
5492.05,2026-06-25 14:00:00,29,28,36.62720300633215,31.1410966158045,-5.486106390527652,5.486106390527652,DEFICIT_PRESSURE,7
6492.08,2026-06-25 14:00:00,42,29,36.00146288210639,31.816279266714506,-4.185183615391882,4.185183615391882,DEFICIT_PRESSURE,8
6459.07,2026-06-25 14:00:00,22,26,24.086015528283443,28.27011459572796,4.184099067444517,4.184099067444517,SURPLUS_PRESSURE,9
5763.03,2026-06-25 14:00:00,23,13,29.143212166145727,25.01938110429723,-4.123831061848495,4.123831061848495,DEFICIT_PRESSURE,10
5905.12,2026-06-25 14:00:00,31,42,37.24526423691421,33.15112594184274,-4.094138295071467,4.094138295071467,DEFICIT_PRESSURE,11
5374.01,2026-06-25 14:00:00,27,24,20.67215234622295,24.406041661596365,3.733889315373414,3.733889315373414,SURPLUS_PRESSURE,12
6432.09,2026-06-25 14:00:00,26,24,24.74567483334261,21.59308319818107,-3.1525916351615386,3.1525916351615386,DEFICIT_PRESSURE,13
6233.04,2026-06-25 14:00:00,24,29,31.95749379288467,28.877865718020818,-3.0796280748638516,3.0796280748638516,DEFICIT_PRESSURE,14
6726.01,2026-06-25 14:00:00,26,36,31.18975350207479,33.98089496565887,2.791141463584079,2.791141463584079,SURPLUS_PRESSURE,15
6140.05,2026-06-25 14:00:00,30,30,35.878604017022454,33.53598839969443,-2.342615617328022,2.342615617328022,DEFICIT_PRESSURE,16
6173.08,2026-06-25 14:00:00,41,26,33.36368155229495,31.055619815145842,-2.3080617371491066,2.3080617371491066,DEFICIT_PRESSURE,17
5712.03,2026-06-25 14:00:00,31,19,31.77466825310305,30.42383067928846,-1.3508375738145908,1.3508375738145908,DEFICIT_PRESSURE,18
6072.06,2026-06-25 14:00:00,26,25,23.27313024370259,22.990206536174195,-0.28292370752839346,0.28292370752839346,DEFICIT_PRESSURE,19
6948.10,2026-06-25 14:00:00,35,27,38.26534109277622,38.06821362137257,-0.19712747140364684,0.19712747140364684,DEFICIT_PRESSURE,20
5980.10,2026-06-25 15:00:00,27,4,38.986054860614274,5.116312656765973,-33.869742203848304,33.869742203848304,DEFICIT_PRESSURE,1
6331.01,2026-06-25 15:00:00,29,58,32.39602341864781,51.72638697788959,19.330363559241782,19.330363559241782,SURPLUS_PRESSURE,2
6912.01,2026-06-25 15:00:00,32,23,38.18133890976622,54.48012095098743,16.29878204122121,16.29878204122121,SURPLUS_PRESSURE,3
6948.10,2026-06-25 15:00:00,61,37,44.132050406839845,32.80394561352964,-11.328104793310203,11.328104793310203,DEFICIT_PRESSURE,4
6492.08,2026-06-25 15:00:00,34,31,38.72258085125142,31.0269651088314,-7.695615742420021,7.695615742420021,DEFICIT_PRESSURE,5
6364.07,2026-06-25 15:00:00,20,30,30.028239443699125,37.46111776970431,7.432878326005184,7.432878326005184,SURPLUS_PRESSURE,6
5712.03,2026-06-25 15:00:00,31,28,33.720855333370444,27.05176756812774,-6.669087765242704,6.669087765242704,DEFICIT_PRESSURE,7
6140.05,2026-06-25 15:00:00,40,35,38.034211311478636,32.73088032812299,-5.303330983355643,5.303330983355643,DEFICIT_PRESSURE,8
6726.01,2026-06-25 15:00:00,40,36,25.883878506738455,30.5830814125739,4.699202905835445,4.699202905835445,SURPLUS_PRESSURE,9
6459.07,2026-06-25 15:00:00,22,20,24.749002253727713,29.417416355215394,4.668414101487681,4.668414101487681,SURPLUS_PRESSURE,10
6173.08,2026-06-25 15:00:00,28,37,37.44994047756325,33.402182597505785,-4.047757880057468,4.047757880057468,DEFICIT_PRESSURE,11
6233.04,2026-06-25 15:00:00,33,30,31.446417854144247,35.249422573670316,3.8030047195260686,3.8030047195260686,SURPLUS_PRESSURE,12
5763.03,2026-06-25 15:00:00,19,25,24.596338096414943,21.09390407035746,-3.5024340260574824,3.5024340260574824,DEFICIT_PRESSURE,13
5905.12,2026-06-25 15:00:00,42,41,36.4480160538762,33.65414572858517,-2.7938703252910315,2.7938703252910315,DEFICIT_PRESSURE,14
5492.05,2026-06-25 15:00:00,22,23,37.01577791326142,34.23039050787948,-2.7853874053819396,2.7853874053819396,DEFICIT_PRESSURE,15
6432.09,2026-06-25 15:00:00,21,24,32.848171000835116,30.119985230234484,-2.728185770600632,2.728185770600632,DEFICIT_PRESSURE,16
6822.09,2026-06-25 15:00:00,25,20,30.673662119427544,27.981862074922756,-2.691800044504788,2.691800044504788,DEFICIT_PRESSURE,17
5374.01,2026-06-25 15:00:00,15,17,26.800908790579914,24.915521590515358,-1.8853872000645566,1.8853872000645566,DEFICIT_PRESSURE,18
6072.06,2026-06-25 15:00:00,20,26,27.846930233180384,26.70231285404465,-1.1446173791357346,1.1446173791357346,DEFICIT_PRESSURE,19
5905.14,2026-06-25 15:00:00,28,27,34.07466346570598,34.72931974371316,0.654656278007181,0.654656278007181,SURPLUS_PRESSURE,20
5980.10,2026-06-25 16:00:00,38,4,44.5837535897738,5.190210063452615,-39.39354352632118,39.39354352632118,DEFICIT_PRESSURE,1
6822.09,2026-06-25 16:00:00,47,22,42.264676112784954,19.062180855991922,-23.202495256793032,23.202495256793032,DEFICIT_PRESSURE,2
6492.08,2026-06-25 16:00:00,64,38,60.29693332557972,42.67184849210783,-17.625084833471895,17.625084833471895,DEFICIT_PRESSURE,3
6173.08,2026-06-25 16:00:00,49,39,47.20314166744561,33.075613021746896,-14.12752864569871,14.12752864569871,DEFICIT_PRESSURE,4
6948.10,2026-06-25 16:00:00,59,35,56.633319101415324,43.783955804924624,-12.8493632964907,12.8493632964907,DEFICIT_PRESSURE,5
6140.05,2026-06-25 16:00:00,53,46,46.97514953969924,35.632713871989246,-11.342435667709992,11.342435667709992,DEFICIT_PRESSURE,6
6912.01,2026-06-25 16:00:00,35,29,44.46906591923684,36.29339815691245,-8.175667762324387,8.175667762324387,DEFICIT_PRESSURE,7
6459.07,2026-06-25 16:00:00,35,25,37.06367241727408,29.096671413928753,-7.967001003345324,7.967001003345324,DEFICIT_PRESSURE,8
5492.05,2026-06-25 16:00:00,49,34,42.413369676098135,35.10458136346659,-7.308788312631542,7.308788312631542,DEFICIT_PRESSURE,9
6331.01,2026-06-25 16:00:00,51,49,41.80679031048758,47.879584072124125,6.072793761636547,6.072793761636547,SURPLUS_PRESSURE,10
6432.09,2026-06-25 16:00:00,34,38,39.31280929587586,34.28061868969394,-5.032190606181921,5.032190606181921,DEFICIT_PRESSURE,11
5712.03,2026-06-25 16:00:00,35,30,41.50937131006402,36.916080309779296,-4.593291000284722,4.593291000284722,DEFICIT_PRESSURE,12
6364.07,2026-06-25 16:00:00,15,30,31.37464214306042,35.88803882151933,4.513396678458911,4.513396678458911,SURPLUS_PRESSURE,13
5905.14,2026-06-25 16:00:00,32,40,35.569466693418036,31.983291500064475,-3.5861751933535615,3.5861751933535615,DEFICIT_PRESSURE,14
5763.03,2026-06-25 16:00:00,17,18,25.956836573218876,29.187109454171534,3.2302728809526577,3.2302728809526577,SURPLUS_PRESSURE,15
6233.04,2026-06-25 16:00:00,49,52,42.865147916175765,40.04908771781974,-2.816060198356027,2.816060198356027,DEFICIT_PRESSURE,16
5374.01,2026-06-25 16:00:00,23,21,23.888239840549677,25.36656925662886,1.478329416079184,1.478329416079184,SURPLUS_PRESSURE,17
6726.01,2026-06-25 16:00:00,33,36,36.7364046125658,37.36143397894725,0.6250293663814475,0.6250293663814475,SURPLUS_PRESSURE,18
6072.06,2026-06-25 16:00:00,19,28,31.07550221676619,30.846769368345182,-0.22873284842100716,0.22873284842100716,DEFICIT_PRESSURE,19
5905.12,2026-06-25 16:00:00,54,41,40.27386343443598,40.05904217966814,-0.2148212547678412,0.2148212547678412,DEFICIT_PRESSURE,20
6492.08,2026-06-25 17:00:00,128,54,136.0943214285715,50.26234849009862,-85.83197293847289,85.83197293847289,DEFICIT_PRESSURE,1
5980.10,2026-06-25 17:00:00,93,8,62.43396627827697,5.1877725321885535,-57.246193746088416,57.246193746088416,DEFICIT_PRESSURE,2
6822.09,2026-06-25 17:00:00,83,29,77.64138423590836,29.317262554763712,-48.324121681144646,48.324121681144646,DEFICIT_PRESSURE,3
6432.09,2026-06-25 17:00:00,78,63,89.18214682539684,60.88634679142338,-28.295800033973464,28.295800033973464,DEFICIT_PRESSURE,4
6459.07,2026-06-25 17:00:00,65,37,70.45187360662212,44.29041144255942,-26.161462164062698,26.161462164062698,DEFICIT_PRESSURE,5
6173.08,2026-06-25 17:00:00,96,64,77.88313616285676,53.178510112982,-24.704626049874754,24.704626049874754,DEFICIT_PRESSURE,6
6912.01,2026-06-25 17:00:00,52,39,82.52514285714287,58.370559516847926,-24.15458334029494,24.15458334029494,DEFICIT_PRESSURE,7
6364.07,2026-06-25 17:00:00,47,45,36.667001111848236,56.485293313491326,19.81829220164309,19.81829220164309,SURPLUS_PRESSURE,8
6140.05,2026-06-25 17:00:00,54,50,73.94873064256007,54.5200454321282,-19.428685210431865,19.428685210431865,DEFICIT_PRESSURE,9
5374.01,2026-06-25 17:00:00,30,49,39.88227734348162,56.48865890937021,16.60638156588859,16.60638156588859,SURPLUS_PRESSURE,10
6948.10,2026-06-25 17:00:00,46,50,59.586725368454765,44.3040661634135,-15.282659205041263,15.282659205041263,DEFICIT_PRESSURE,11
5763.03,2026-06-25 17:00:00,34,45,38.38795188066217,53.0941509842471,14.706199103584929,14.706199103584929,SURPLUS_PRESSURE,12
6331.01,2026-06-25 17:00:00,62,64,72.83990694256723,58.23421661879742,-14.605690323769807,14.605690323769807,DEFICIT_PRESSURE,13
6726.01,2026-06-25 17:00:00,38,63,51.22054402705135,59.07494642857144,7.854402401520083,7.854402401520083,SURPLUS_PRESSURE,14
5492.05,2026-06-25 17:00:00,53,47,50.707123866583345,46.26460884999872,-4.442515016584622,4.442515016584622,DEFICIT_PRESSURE,15
6072.06,2026-06-25 17:00:00,39,49,40.30643493938341,44.106318990937126,3.7998840515537182,3.7998840515537182,SURPLUS_PRESSURE,16
5905.12,2026-06-25 17:00:00,53,45,57.57248214649699,54.42595502414978,-3.1465271223472087,3.1465271223472087,DEFICIT_PRESSURE,17
5712.03,2026-06-25 17:00:00,62,57,59.984652620410124,56.865656693032804,-3.11899592737732,3.11899592737732,DEFICIT_PRESSURE,18
5905.14,2026-06-25 17:00:00,50,43,43.152444088362955,41.5699719767427,-1.5824721116202554,1.5824721116202554,DEFICIT_PRESSURE,19
6233.04,2026-06-25 17:00:00,53,56,57.73870763907982,57.18736676355924,-0.5513408755205802,0.5513408755205802,DEFICIT_PRESSURE,20
5980.10,2026-06-25 18:00:00,68,8,61.00999832017272,11.599447697999382,-49.41055062217334,49.41055062217334,DEFICIT_PRESSURE,1
6432.09,2026-06-25 18:00:00,96,46,79.45508126318123,51.713497529844936,-27.74158373333629,27.74158373333629,DEFICIT_PRESSURE,2
6140.05,2026-06-25 18:00:00,72,64,76.69986058075429,55.51609657170763,-21.183764009046662,21.183764009046662,DEFICIT_PRESSURE,3
6173.08,2026-06-25 18:00:00,93,51,64.3061488095238,47.03539758177304,-17.270751227750765,17.270751227750765,DEFICIT_PRESSURE,4
5374.01,2026-06-25 18:00:00,31,67,40.20489904016669,56.666055122041264,16.461156081874577,16.461156081874577,SURPLUS_PRESSURE,5
6459.07,2026-06-25 18:00:00,50,42,63.45910204273624,47.09263251443293,-16.366469528303313,16.366469528303313,DEFICIT_PRESSURE,6
6912.01,2026-06-25 18:00:00,72,34,63.3953945175757,51.45576949236813,-11.939625025207576,11.939625025207576,DEFICIT_PRESSURE,7
5905.12,2026-06-25 18:00:00,52,48,54.15168698581182,42.778433862186674,-11.373253123625148,11.373253123625148,DEFICIT_PRESSURE,8
5712.03,2026-06-25 18:00:00,84,64,68.23734343987324,57.2843399066685,-10.953003533204743,10.953003533204743,DEFICIT_PRESSURE,9
6822.09,2026-06-25 18:00:00,52,50,45.090281390935154,34.18269073022348,-10.907590660711676,10.907590660711676,DEFICIT_PRESSURE,10
6492.08,2026-06-25 18:00:00,104,49,52.563298016934084,42.7121549508968,-9.851143066037281,9.851143066037281,DEFICIT_PRESSURE,11
6072.06,2026-06-25 18:00:00,45,60,42.817924191321,50.92330712549904,8.105382934178046,8.105382934178046,SURPLUS_PRESSURE,12
6364.07,2026-06-25 18:00:00,58,57,48.9189695322942,41.05019877874204,-7.868770753552155,7.868770753552155,DEFICIT_PRESSURE,13
5763.03,2026-06-25 18:00:00,49,53,40.84007965560371,47.95693807917733,7.116858423573618,7.116858423573618,SURPLUS_PRESSURE,14
6331.01,2026-06-25 18:00:00,65,59,55.72837768481518,51.57774261799383,-4.150635066821351,4.150635066821351,DEFICIT_PRESSURE,15
6726.01,2026-06-25 18:00:00,66,68,47.708280207961295,50.74470259780793,3.036422389846635,3.036422389846635,SURPLUS_PRESSURE,16
6233.04,2026-06-25 18:00:00,63,64,60.09769927781391,62.85137185247973,2.7536725746658206,2.7536725746658206,SURPLUS_PRESSURE,17
5905.14,2026-06-25 18:00:00,52,53,53.493951409792,50.862357752383204,-2.631593657408793,2.631593657408793,DEFICIT_PRESSURE,18
6948.10,2026-06-25 18:00:00,40,33,54.5108697890819,52.925466053234466,-1.5854037358474358,1.5854037358474358,DEFICIT_PRESSURE,19
5492.05,2026-06-25 18:00:00,54,70,55.087613756291645,55.203474706867475,0.11586095057582924,0.11586095057582924,SURPLUS_PRESSURE,20
5980.10,2026-06-25 19:00:00,41,11,48.91993614881852,7.865994659564242,-41.05394148925428,41.05394148925428,DEFICIT_PRESSURE,1
6822.09,2026-06-25 19:00:00,43,23,42.98600096837662,30.855353561607934,-12.130647406768688,12.130647406768688,DEFICIT_PRESSURE,2
6726.01,2026-06-25 19:00:00,53,52,46.40099038498663,35.27235052816981,-11.128639856816818,11.128639856816818,DEFICIT_PRESSURE,3
5712.03,2026-06-25 19:00:00,55,42,52.971944721341444,42.44685140444881,-10.525093316892637,10.525093316892637,DEFICIT_PRESSURE,4
5374.01,2026-06-25 19:00:00,36,34,29.61084135585916,38.06255216376237,8.451710807903208,8.451710807903208,SURPLUS_PRESSURE,5
5905.12,2026-06-25 19:00:00,37,33,44.547691838862896,36.1593679185647,-8.388323920298198,8.388323920298198,DEFICIT_PRESSURE,6
5763.03,2026-06-25 19:00:00,33,35,35.329147662716245,42.99155542428642,7.662407761570172,7.662407761570172,SURPLUS_PRESSURE,7
6364.07,2026-06-25 19:00:00,42,36,34.70616945137498,41.8430450137733,7.136875562398316,7.136875562398316,SURPLUS_PRESSURE,8
6072.06,2026-06-25 19:00:00,50,51,38.561925893829965,44.97476083893534,6.412834945105374,6.412834945105374,SURPLUS_PRESSURE,9
6331.01,2026-06-25 19:00:00,90,51,43.05638189534394,36.742556470781985,-6.313825424561955,6.313825424561955,DEFICIT_PRESSURE,10
6432.09,2026-06-25 19:00:00,33,32,30.00866076209654,34.31465676648666,4.305996004390117,4.305996004390117,SURPLUS_PRESSURE,11
6173.08,2026-06-25 19:00:00,40,30,36.18927405591856,32.85339729428603,-3.3358767616325267,3.3358767616325267,DEFICIT_PRESSURE,12
6233.04,2026-06-25 19:00:00,45,44,67.2422299210593,64.60936363585718,-2.6328662852021267,2.6328662852021267,DEFICIT_PRESSURE,13
6492.08,2026-06-25 19:00:00,27,33,36.59381995301108,34.11181496585949,-2.4820049871515906,2.4820049871515906,DEFICIT_PRESSURE,14
6459.07,2026-06-25 19:00:00,30,30,33.475882935358406,35.119310159724755,1.6434272243663486,1.6434272243663486,SURPLUS_PRESSURE,15
5905.14,2026-06-25 19:00:00,51,42,38.78924511706395,40.39943006661629,1.610184949552341,1.610184949552341,SURPLUS_PRESSURE,16
5492.05,2026-06-25 19:00:00,58,60,40.599481927387835,42.016348674966665,1.4168667475788297,1.4168667475788297,SURPLUS_PRESSURE,17
6912.01,2026-06-25 19:00:00,29,28,52.76874262404789,51.955278818088885,-0.8134638059590031,0.8134638059590031,DEFICIT_PRESSURE,18
6948.10,2026-06-25 19:00:00,39,38,27.9372785837058,28.570614048892086,0.6333354651862848,0.6333354651862848,SURPLUS_PRESSURE,19
6140.05,2026-06-25 19:00:00,66,43,44.83190323996259,44.45172191177345,-0.3801813281891455,0.3801813281891455,DEFICIT_PRESSURE,20
5980.10,2026-06-25 20:00:00,33,6,41.82364252093388,10.989429091425336,-30.834213429508544,30.834213429508544,DEFICIT_PRESSURE,1
5905.12,2026-06-25 20:00:00,43,30,34.25047358055578,21.76372735526971,-12.486746225286065,12.486746225286065,DEFICIT_PRESSURE,2
5905.14,2026-06-25 20:00:00,39,32,47.51128147155333,35.53576133998347,-11.975520131569859,11.975520131569859,DEFICIT_PRESSURE,3
6233.04,2026-06-25 20:00:00,61,47,51.535068468296615,39.66576376325477,-11.869304705041841,11.869304705041841,DEFICIT_PRESSURE,4
6072.06,2026-06-25 20:00:00,37,43,43.897518194358256,32.38604971881322,-11.511468475545037,11.511468475545037,DEFICIT_PRESSURE,5
6331.01,2026-06-25 20:00:00,26,31,46.760829375661714,37.40842385159653,-9.352405524065183,9.352405524065183,DEFICIT_PRESSURE,6
6140.05,2026-06-25 20:00:00,48,34,40.30476289508198,33.92486646259118,-6.379896432490796,6.379896432490796,DEFICIT_PRESSURE,7
6822.09,2026-06-25 20:00:00,20,15,22.03534369272064,17.0671512141547,-4.968192478565943,4.968192478565943,DEFICIT_PRESSURE,8
5492.05,2026-06-25 20:00:00,45,40,42.977599028855266,38.150610571983314,-4.826988456871952,4.826988456871952,DEFICIT_PRESSURE,9
5763.03,2026-06-25 20:00:00,37,34,32.25832394141631,36.50916834234458,4.250844400928273,4.250844400928273,SURPLUS_PRESSURE,10
5374.01,2026-06-25 20:00:00,39,39,33.80065873239103,29.63652601651714,-4.164132715873887,4.164132715873887,DEFICIT_PRESSURE,11
6492.08,2026-06-25 20:00:00,27,20,19.982054030822766,23.78037807161687,3.7983240407941032,3.7983240407941032,SURPLUS_PRESSURE,12
6948.10,2026-06-25 20:00:00,13,14,25.912005121576087,29.616881566618712,3.7048764450426255,3.7048764450426255,SURPLUS_PRESSURE,13
6459.07,2026-06-25 20:00:00,28,34,27.409301303246792,23.81429423805122,-3.5950070651955706,3.5950070651955706,DEFICIT_PRESSURE,14
5712.03,2026-06-25 20:00:00,42,39,40.53189241657341,37.92326069972237,-2.6086317168510433,2.6086317168510433,DEFICIT_PRESSURE,15
6726.01,2026-06-25 20:00:00,29,29,37.22718894493293,34.62064129865467,-2.6065476462782584,2.6065476462782584,DEFICIT_PRESSURE,16
6173.08,2026-06-25 20:00:00,37,15,29.70674817703882,27.103911779740457,-2.6028363972983612,2.6028363972983612,DEFICIT_PRESSURE,17
6364.07,2026-06-25 20:00:00,47,37,33.20000214826203,35.725496066633326,2.5254939183712963,2.5254939183712963,SURPLUS_PRESSURE,18
6432.09,2026-06-25 20:00:00,22,25,20.51600868945785,22.67821379783723,2.162205108379382,2.162205108379382,SURPLUS_PRESSURE,19
6912.01,2026-06-25 20:00:00,18,19,27.39125062040725,26.184430065271957,-1.206820555135291,1.206820555135291,DEFICIT_PRESSURE,20
5980.10,2026-06-25 21:00:00,21,0,22.50417445248239,3.0975450258109887,-19.4066294266714,19.4066294266714,DEFICIT_PRESSURE,1
6233.04,2026-06-25 21:00:00,38,16,26.08638468042104,17.854256561080724,-8.232128119340317,8.232128119340317,DEFICIT_PRESSURE,2
5374.01,2026-06-25 21:00:00,33,26,29.470039428715786,21.36967595987611,-8.100363468839678,8.100363468839678,DEFICIT_PRESSURE,3
5905.14,2026-06-25 21:00:00,29,26,26.88386901214048,19.123117881366262,-7.760751130774217,7.760751130774217,DEFICIT_PRESSURE,4
6364.07,2026-06-25 21:00:00,53,29,27.930086807522144,21.302033358739585,-6.628053448782559,6.628053448782559,DEFICIT_PRESSURE,5
5905.12,2026-06-25 21:00:00,17,20,30.382035470346732,23.812429627763287,-6.569605842583446,6.569605842583446,DEFICIT_PRESSURE,6
6140.05,2026-06-25 21:00:00,25,21,24.648293180068727,19.95890815055093,-4.689385029517798,4.689385029517798,DEFICIT_PRESSURE,7
6726.01,2026-06-25 21:00:00,23,35,23.77902799660085,27.272932515298493,3.4939045186976436,3.4939045186976436,SURPLUS_PRESSURE,8
5712.03,2026-06-25 21:00:00,35,19,30.02890703542344,27.093204296409237,-2.9357027390142036,2.9357027390142036,DEFICIT_PRESSURE,9
6459.07,2026-06-25 21:00:00,22,21,23.267357857921198,20.49651643353905,-2.770841424382148,2.770841424382148,DEFICIT_PRESSURE,10
6912.01,2026-06-25 21:00:00,9,9,17.027997416147503,14.69923695291463,-2.3287604632328733,2.3287604632328733,DEFICIT_PRESSURE,11
6492.08,2026-06-25 21:00:00,11,11,16.715000451286304,14.3875950402959,-2.327405410990405,2.327405410990405,DEFICIT_PRESSURE,12
6948.10,2026-06-25 21:00:00,17,13,18.938602813491745,16.619792880348303,-2.3188099331434415,2.3188099331434415,DEFICIT_PRESSURE,13
5492.05,2026-06-25 21:00:00,28,25,26.558360938160135,28.689395153346094,2.1310342151859594,2.1310342151859594,SURPLUS_PRESSURE,14
6173.08,2026-06-25 21:00:00,55,19,20.754640176786662,19.085663369872478,-1.6689768069141842,1.6689768069141842,DEFICIT_PRESSURE,15
6432.09,2026-06-25 21:00:00,19,19,16.215244453167823,14.883760870708425,-1.3314835824593985,1.3314835824593985,DEFICIT_PRESSURE,16
6822.09,2026-06-25 21:00:00,16,17,11.198060431299163,12.427906187080682,1.2298457557815183,1.2298457557815183,SURPLUS_PRESSURE,17
5763.03,2026-06-25 21:00:00,23,24,27.72593614450804,28.546131806994666,0.8201956624866256,0.8201956624866256,SURPLUS_PRESSURE,18
6331.01,2026-06-25 21:00:00,36,15,16.76826395240101,17.52136368081992,0.7530997284189098,0.7530997284189098,SURPLUS_PRESSURE,19
6072.06,2026-06-25 21:00:00,30,34,26.523052497598037,26.567955873487655,0.04490337588961779,0.04490337588961779,SURPLUS_PRESSURE,20
6364.07,2026-06-25 22:00:00,33,14,35.02877453254269,21.279485368763734,-13.749289163778958,13.749289163778958,DEFICIT_PRESSURE,1
5980.10,2026-06-25 22:00:00,20,1,14.136862019874856,0.6795740010185385,-13.457288018856318,13.457288018856318,DEFICIT_PRESSURE,2
6173.08,2026-06-25 22:00:00,16,15,23.86436878286708,12.466236978373708,-11.39813180449337,11.39813180449337,DEFICIT_PRESSURE,3
6331.01,2026-06-25 22:00:00,39,14,24.064469926811515,13.103819860078875,-10.96065006673264,10.96065006673264,DEFICIT_PRESSURE,4
5905.14,2026-06-25 22:00:00,16,11,27.079984756179307,19.17607357958251,-7.903911176596797,7.903911176596797,DEFICIT_PRESSURE,5
5763.03,2026-06-25 22:00:00,26,24,25.096090321917014,17.731573622087343,-7.364516699829672,7.364516699829672,DEFICIT_PRESSURE,6
5492.05,2026-06-25 22:00:00,17,14,24.181709602691885,17.866693656392844,-6.315015946299042,6.315015946299042,DEFICIT_PRESSURE,7
5374.01,2026-06-25 22:00:00,29,15,31.511418783838437,25.23912775430256,-6.272291029535875,6.272291029535875,DEFICIT_PRESSURE,8
5712.03,2026-06-25 22:00:00,13,22,26.317560895587643,20.65028723741209,-5.667273658175553,5.667273658175553,DEFICIT_PRESSURE,9
6726.01,2026-06-25 22:00:00,16,17,19.81879596531489,24.551185883362088,4.732389918047197,4.732389918047197,SURPLUS_PRESSURE,10
6140.05,2026-06-25 22:00:00,13,15,19.458070266843404,15.084228106818944,-4.373842160024459,4.373842160024459,DEFICIT_PRESSURE,11
6072.06,2026-06-25 22:00:00,22,20,18.116407782786098,21.432473374940884,3.3160655921547857,3.3160655921547857,SURPLUS_PRESSURE,12
6492.08,2026-06-25 22:00:00,8,9,10.403561460343138,13.045728770310681,2.642167309967544,2.642167309967544,SURPLUS_PRESSURE,13
6233.04,2026-06-25 22:00:00,6,8,19.743124181963246,17.677723163177248,-2.065401018785998,2.065401018785998,DEFICIT_PRESSURE,14
6822.09,2026-06-25 22:00:00,7,7,11.06986068604669,12.136574545252559,1.0667138592058691,1.0667138592058691,SURPLUS_PRESSURE,15
6948.10,2026-06-25 22:00:00,7,6,10.908381171753676,10.02716324636281,-0.8812179253908656,0.8812179253908656,DEFICIT_PRESSURE,16
6459.07,2026-06-25 22:00:00,13,20,15.895908294882128,15.209795295975509,-0.6861129989066193,0.6861129989066193,DEFICIT_PRESSURE,17
6432.09,2026-06-25 22:00:00,8,10,14.426672673080006,15.104614008582328,0.6779413355023216,0.6779413355023216,SURPLUS_PRESSURE,18
5905.12,2026-06-25 22:00:00,13,15,15.494709709923628,15.187628271671308,-0.3070814382523199,0.3070814382523199,DEFICIT_PRESSURE,19
6912.01,2026-06-25 22:00:00,15,13,6.819125815141211,6.89751637674651,0.07839056160529889,0.07839056160529889,SURPLUS_PRESSURE,20
6364.07,2026-06-25 23:00:00,23,15,33.289538921661155,11.338132521073026,-21.951406400588127,21.951406400588127,DEFICIT_PRESSURE,1
6331.01,2026-06-25 23:00:00,17,3,27.953210486077488,15.309949732063737,-12.64326075401375,12.64326075401375,DEFICIT_PRESSURE,2
5374.01,2026-06-25 23:00:00,17,8,24.275086696342793,13.41161359148814,-10.863473104854654,10.863473104854654,DEFICIT_PRESSURE,3
5980.10,2026-06-25 23:00:00,9,0,10.733376514175715,0.8015782517609416,-9.931798262414773,9.931798262414773,DEFICIT_PRESSURE,4
6072.06,2026-06-25 23:00:00,22,13,19.916716456693475,13.62550634827508,-6.291210108418396,6.291210108418396,DEFICIT_PRESSURE,5
6140.05,2026-06-25 23:00:00,11,10,13.896439166713684,10.47289583370815,-3.423543333005533,3.423543333005533,DEFICIT_PRESSURE,6
6726.01,2026-06-25 23:00:00,6,7,10.433239731533229,13.525502395510403,3.0922626639771735,3.0922626639771735,SURPLUS_PRESSURE,7
6492.08,2026-06-25 23:00:00,14,13,10.008911930954019,7.237916252509001,-2.7709956784450185,2.7709956784450185,DEFICIT_PRESSURE,8
6948.10,2026-06-25 23:00:00,8,11,9.260479670696546,7.2822660185337655,-1.97821365216278,1.97821365216278,DEFICIT_PRESSURE,9
5712.03,2026-06-25 23:00:00,23,24,16.3132268438794,18.137917807476242,1.8246909635968436,1.8246909635968436,SURPLUS_PRESSURE,10
5905.14,2026-06-25 23:00:00,8,9,11.497242492137007,9.904111612020607,-1.5931308801163997,1.5931308801163997,DEFICIT_PRESSURE,11
6432.09,2026-06-25 23:00:00,13,7,8.705941630052271,10.219035314625572,1.5130936845733007,1.5130936845733007,SURPLUS_PRESSURE,12
5492.05,2026-06-25 23:00:00,9,9,13.49995968897398,14.522339329340532,1.0223796403665517,1.0223796403665517,SURPLUS_PRESSURE,13
6459.07,2026-06-25 23:00:00,8,22,11.986541996808652,12.933203346356414,0.946661349547762,0.946661349547762,SURPLUS_PRESSURE,14
6173.08,2026-06-25 23:00:00,9,9,8.077059340604814,7.254233230922076,-0.8228261096827376,0.8228261096827376,DEFICIT_PRESSURE,15
6912.01,2026-06-25 23:00:00,3,3,10.429374002058083,11.1159678622789,0.6865938602208175,0.6865938602208175,SURPLUS_PRESSURE,16
6822.09,2026-06-25 23:00:00,5,8,8.238364362836618,7.715422734115335,-0.5229416287212834,0.5229416287212834,DEFICIT_PRESSURE,17
5905.12,2026-06-25 23:00:00,14,13,12.256579328303271,11.769636612653828,-0.4869427156494428,0.4869427156494428,DEFICIT_PRESSURE,18
5763.03,2026-06-25 23:00:00,10,12,20.322508198775935,20.650899896462498,0.3283916976865626,0.3283916976865626,SURPLUS_PRESSURE,19
6233.04,2026-06-25 23:00:00,4,5,4.155011254341858,3.8817995300319557,-0.27321172430990215,0.27321172430990215,DEFICIT_PRESSURE,20
6364.07,2026-06-26 00:00:00,5,6,18.398120373423033,7.25537345588352,-11.142746917539514,11.142746917539514,DEFICIT_PRESSURE,1
6459.07,2026-06-26 00:00:00,6,6,8.190134293306187,18.339457077765495,10.149322784459308,10.149322784459308,SURPLUS_PRESSURE,2
6072.06,2026-06-26 00:00:00,7,12,18.567598209000597,9.61155426714641,-8.956043941854187,8.956043941854187,DEFICIT_PRESSURE,3
6331.01,2026-06-26 00:00:00,10,3,19.319303350676815,10.452600329891894,-8.866703020784922,8.866703020784922,DEFICIT_PRESSURE,4
5763.03,2026-06-26 00:00:00,29,20,16.218267529958528,10.223219091253261,-5.9950484387052665,5.9950484387052665,DEFICIT_PRESSURE,5
5374.01,2026-06-26 00:00:00,9,11,9.852064845106513,4.378113068184981,-5.473951776921532,5.473951776921532,DEFICIT_PRESSURE,6
5980.10,2026-06-26 00:00:00,3,1,5.481309740579973,0.5367871858177995,-4.944522554762173,4.944522554762173,DEFICIT_PRESSURE,7
6822.09,2026-06-26 00:00:00,2,11,2.8504727578523146,6.435764698909075,3.5852919410567607,3.5852919410567607,SURPLUS_PRESSURE,8
6432.09,2026-06-26 00:00:00,5,6,8.150011522740936,5.667482660936697,-2.482528861804239,2.482528861804239,DEFICIT_PRESSURE,9
6140.05,2026-06-26 00:00:00,10,13,8.403384502032921,6.264560445755977,-2.1388240562769436,2.1388240562769436,DEFICIT_PRESSURE,10
6726.01,2026-06-26 00:00:00,6,6,3.0727340281505446,5.14730426535004,2.074570237199495,2.074570237199495,SURPLUS_PRESSURE,11
6948.10,2026-06-26 00:00:00,7,5,6.754368336566038,8.720844167531586,1.9664758309655488,1.9664758309655488,SURPLUS_PRESSURE,12
6912.01,2026-06-26 00:00:00,2,3,4.007434393842013,2.682206384049055,-1.325228009792958,1.325228009792958,DEFICIT_PRESSURE,13
5905.12,2026-06-26 00:00:00,12,11,8.415556148786775,9.737753401363383,1.3221972525766077,1.3221972525766077,SURPLUS_PRESSURE,14
5712.03,2026-06-26 00:00:00,9,4,16.42944844081588,15.643740429418708,-0.7857080113971708,0.7857080113971708,DEFICIT_PRESSURE,15
5492.05,2026-06-26 00:00:00,17,10,7.452921754179946,6.861521518108974,-0.5914002360709718,0.5914002360709718,DEFICIT_PRESSURE,16
6173.08,2026-06-26 00:00:00,4,8,4.304210249306982,4.85802309044631,0.5538128411393286,0.5538128411393286,SURPLUS_PRESSURE,17
6233.04,2026-06-26 00:00:00,3,2,1.7673260226031946,2.3051106277724913,0.5377846051692967,0.5377846051692967,SURPLUS_PRESSURE,18
6492.08,2026-06-26 00:00:00,1,4,8.292640788201135,8.653342305695652,0.3607015174945172,0.3607015174945172,SURPLUS_PRESSURE,19
5905.14,2026-06-26 00:00:00,5,5,5.268695724236133,4.998148454806829,-0.2705472694293043,0.2705472694293043,DEFICIT_PRESSURE,20
6822.09,2026-06-26 01:00:00,2,4,0.9612817902810886,8.663615075337242,7.702333285056154,7.702333285056154,SURPLUS_PRESSURE,1
6364.07,2026-06-26 01:00:00,1,7,11.348999400638789,5.615327401563816,-5.733671999074973,5.733671999074973,DEFICIT_PRESSURE,2
5712.03,2026-06-26 01:00:00,4,2,7.013985632502892,2.9269042598541044,-4.087081372648788,4.087081372648788,DEFICIT_PRESSURE,3
6072.06,2026-06-26 01:00:00,8,2,6.45945519948536,10.171154070058371,3.711698870573011,3.711698870573011,SURPLUS_PRESSURE,4
5492.05,2026-06-26 01:00:00,6,3,12.335752769641038,8.821332589639935,-3.5144201800011032,3.5144201800011032,DEFICIT_PRESSURE,5
6331.01,2026-06-26 01:00:00,2,2,7.193242594764814,3.948702019259647,-3.244540575505167,3.244540575505167,DEFICIT_PRESSURE,6
5980.10,2026-06-26 01:00:00,4,0,4.6238065513097055,1.4282672795515676,-3.195539271758138,3.195539271758138,DEFICIT_PRESSURE,7
5374.01,2026-06-26 01:00:00,6,1,14.75058138459871,11.931354030595303,-2.8192273540034076,2.8192273540034076,DEFICIT_PRESSURE,8
6140.05,2026-06-26 01:00:00,3,4,3.834270551110896,6.389040002991486,2.5547694518805897,2.5547694518805897,SURPLUS_PRESSURE,9
6459.07,2026-06-26 01:00:00,4,8,3.3408367725526666,5.7370675766450985,2.396230804092432,2.396230804092432,SURPLUS_PRESSURE,10
5905.12,2026-06-26 01:00:00,4,3,8.346747910230182,6.0012237951046075,-2.345524115125574,2.345524115125574,DEFICIT_PRESSURE,11
6173.08,2026-06-26 01:00:00,9,3,2.023450341121205,3.920486745799566,1.897036404678361,1.897036404678361,SURPLUS_PRESSURE,12
6492.08,2026-06-26 01:00:00,1,1,1.4253064046792787,3.185049917221187,1.759743512541908,1.759743512541908,SURPLUS_PRESSURE,13
6912.01,2026-06-26 01:00:00,3,2,2.8629121243183993,1.3880379747954827,-1.4748741495229165,1.4748741495229165,DEFICIT_PRESSURE,14
5763.03,2026-06-26 01:00:00,8,9,13.586775989053365,12.186838756624446,-1.3999372324289183,1.3999372324289183,DEFICIT_PRESSURE,15
5905.14,2026-06-26 01:00:00,3,6,2.903907961885393,1.541528865619345,-1.3623790962660478,1.3623790962660478,DEFICIT_PRESSURE,16
6948.10,2026-06-26 01:00:00,3,4,3.32761596457222,2.0149443526925084,-1.3126716118797117,1.3126716118797117,DEFICIT_PRESSURE,17
6233.04,2026-06-26 01:00:00,0,1,0.869646150952087,1.4415891827692104,0.5719430318171235,0.5719430318171235,SURPLUS_PRESSURE,18
6432.09,2026-06-26 01:00:00,4,3,2.5257865753034565,2.902496790378608,0.37671021507515157,0.37671021507515157,SURPLUS_PRESSURE,19
6726.01,2026-06-26 01:00:00,2,2,3.7748130009048078,3.617572652248872,-0.15724034865593595,0.15724034865593595,DEFICIT_PRESSURE,20
6072.06,2026-06-26 02:00:00,8,1,6.686247776770513,2.2334180840416966,-4.452829692728816,4.452829692728816,DEFICIT_PRESSURE,1
6459.07,2026-06-26 02:00:00,5,3,1.8123398525384389,5.9176497859178525,4.105309933379414,4.105309933379414,SURPLUS_PRESSURE,2
5374.01,2026-06-26 02:00:00,1,2,5.071129074802125,2.1470223177144643,-2.924106757087661,2.924106757087661,DEFICIT_PRESSURE,3
5980.10,2026-06-26 02:00:00,16,3,3.0420741904664923,0.4589234831537034,-2.583150707312789,2.583150707312789,DEFICIT_PRESSURE,4
5905.14,2026-06-26 02:00:00,2,0,2.576235980137877,5.051318856280034,2.4750828761421566,2.4750828761421566,SURPLUS_PRESSURE,5
6173.08,2026-06-26 02:00:00,1,2,3.776231843627232,1.9260254706108568,-1.8502063730163754,1.8502063730163754,DEFICIT_PRESSURE,6
5763.03,2026-06-26 02:00:00,8,1,5.385222796836127,6.255778188842852,0.8705553920067253,0.8705553920067253,SURPLUS_PRESSURE,7
5712.03,2026-06-26 02:00:00,2,4,3.637452411743696,2.780998663926466,-0.85645374781723,0.85645374781723,DEFICIT_PRESSURE,8
6822.09,2026-06-26 02:00:00,2,1,0.7518325788172727,1.513242860693738,0.7614102818764653,0.7614102818764653,SURPLUS_PRESSURE,9
6140.05,2026-06-26 02:00:00,5,3,1.775109194471488,2.4042617405978257,0.6291525461263376,0.6291525461263376,SURPLUS_PRESSURE,10
6364.07,2026-06-26 02:00:00,3,1,3.4751748616755003,2.884292637249161,-0.5908822244263394,0.5908822244263394,DEFICIT_PRESSURE,11
6492.08,2026-06-26 02:00:00,1,2,1.687405087159614,1.1992683374510371,-0.4881367497085769,0.4881367497085769,DEFICIT_PRESSURE,12
6726.01,2026-06-26 02:00:00,1,1,0.5913237305755231,1.0571673784172235,0.4658436478417004,0.4658436478417004,SURPLUS_PRESSURE,13
6948.10,2026-06-26 02:00:00,1,1,1.7599800799238952,1.3335782172563517,-0.42640186266754343,0.42640186266754343,DEFICIT_PRESSURE,14
6912.01,2026-06-26 02:00:00,0,1,1.8176477856159954,1.404492168751363,-0.4131556168646324,0.4131556168646324,DEFICIT_PRESSURE,15
6432.09,2026-06-26 02:00:00,0,0,1.2749389749163378,0.8772417686386779,-0.3976972062776599,0.3976972062776599,DEFICIT_PRESSURE,16
6233.04,2026-06-26 02:00:00,0,0,0.9662221148797723,0.6726302615424098,-0.2935918533373625,0.2935918533373625,DEFICIT_PRESSURE,17
5492.05,2026-06-26 02:00:00,2,1,3.0310490687259084,2.746870781916562,-0.2841782868093463,0.2841782868093463,DEFICIT_PRESSURE,18
5905.12,2026-06-26 02:00:00,2,2,1.3705352092174656,1.3101373821516427,-0.06039782706582297,0.06039782706582297,DEFICIT_PRESSURE,19
6331.01,2026-06-26 02:00:00,0,2,2.7503588124816303,2.709897238393434,-0.04046157408819617,0.04046157408819617,DEFICIT_PRESSURE,20
6072.06,2026-06-26 03:00:00,6,0,6.565972525888762,0.8713103866012308,-5.694662139287532,5.694662139287532,DEFICIT_PRESSURE,1
5980.10,2026-06-26 03:00:00,3,1,4.857038096456785,1.5122949802381946,-3.3447431162185906,3.3447431162185906,DEFICIT_PRESSURE,2
5905.12,2026-06-26 03:00:00,0,1,1.0549949028308718,2.0553133879335324,1.0003184851026605,1.0003184851026605,SURPLUS_PRESSURE,3
6140.05,2026-06-26 03:00:00,2,2,1.9363884652580352,0.9594463021256726,-0.9769421631323626,0.9769421631323626,DEFICIT_PRESSURE,4
5374.01,2026-06-26 03:00:00,3,2,1.022199663981302,1.932874662408944,0.9106749984276419,0.9106749984276419,SURPLUS_PRESSURE,5
6912.01,2026-06-26 03:00:00,2,4,1.211580845759769,0.36588377970829433,-0.8456970660514747,0.8456970660514747,DEFICIT_PRESSURE,6
6948.10,2026-06-26 03:00:00,0,0,1.0646308632551584,1.681652168673884,0.6170213054187255,0.6170213054187255,SURPLUS_PRESSURE,7
5763.03,2026-06-26 03:00:00,2,0,2.3242296300230296,1.7640866051381843,-0.5601430248848454,0.5601430248848454,DEFICIT_PRESSURE,8
6364.07,2026-06-26 03:00:00,2,3,2.5541532544918564,2.048887616372819,-0.5052656381190372,0.5052656381190372,DEFICIT_PRESSURE,9
6726.01,2026-06-26 03:00:00,0,0,0.4996997025345616,0.9285006014145816,0.42880089888002,0.42880089888002,SURPLUS_PRESSURE,10
6331.01,2026-06-26 03:00:00,1,2,0.9841606462608765,1.2647731381797198,0.2806124919188433,0.2806124919188433,SURPLUS_PRESSURE,11
6173.08,2026-06-26 03:00:00,0,0,0.5455584574553526,0.814259255491961,0.2687007980366084,0.2687007980366084,SURPLUS_PRESSURE,12
6492.08,2026-06-26 03:00:00,3,1,0.9289119442822062,1.1727038513352612,0.24379190705305498,0.24379190705305498,SURPLUS_PRESSURE,13
5905.14,2026-06-26 03:00:00,4,4,1.6527219516082141,1.4734289498114312,-0.17929300179678287,0.17929300179678287,DEFICIT_PRESSURE,14
6822.09,2026-06-26 03:00:00,1,1,0.7494489023443937,0.8990688689294456,0.14961996658505194,0.14961996658505194,SURPLUS_PRESSURE,15
6432.09,2026-06-26 03:00:00,0,0,0.540242667122278,0.3954255457002593,-0.1448171214220187,0.1448171214220187,DEFICIT_PRESSURE,16
5712.03,2026-06-26 03:00:00,0,2,1.164894370506549,1.0235683385038068,-0.1413260320027423,0.1413260320027423,DEFICIT_PRESSURE,17
5492.05,2026-06-26 03:00:00,0,0,0.8559004182892496,0.9768247558210323,0.12092433753178278,0.12092433753178278,SURPLUS_PRESSURE,18
6233.04,2026-06-26 03:00:00,1,0,0.09860506196553386,0.2164308160221921,0.11782575405665825,0.11782575405665825,SURPLUS_PRESSURE,19
6459.07,2026-06-26 03:00:00,2,3,1.4570760999119563,1.3968907452342127,-0.06018535467774355,0.06018535467774355,DEFICIT_PRESSURE,20
6822.09,2026-06-26 04:00:00,0,2,0.49954550121066477,1.5422825724131863,1.0427370712025215,1.0427370712025215,SURPLUS_PRESSURE,1
6948.10,2026-06-26 04:00:00,1,1,1.6341402118250183,0.5959236162948969,-1.0382165955301215,1.0382165955301215,DEFICIT_PRESSURE,2
6331.01,2026-06-26 04:00:00,1,2,2.4944175244161726,3.5117953634571633,1.0173778390409907,1.0173778390409907,SURPLUS_PRESSURE,3
5763.03,2026-06-26 04:00:00,0,1,1.2287570436430653,1.9065899289797485,0.6778328853366833,0.6778328853366833,SURPLUS_PRESSURE,4
5980.10,2026-06-26 04:00:00,0,0,0.9243483247304428,0.2759532654251832,-0.6483950593052596,0.6483950593052596,DEFICIT_PRESSURE,5
5712.03,2026-06-26 04:00:00,0,0,0.5682690566906978,1.069137044701125,0.5008679880104272,0.5008679880104272,SURPLUS_PRESSURE,6
6492.08,2026-06-26 04:00:00,0,1,2.136581937363226,1.6584995768540935,-0.47808236050913266,0.47808236050913266,DEFICIT_PRESSURE,7
6364.07,2026-06-26 04:00:00,1,0,2.4664745087591737,1.990320366844015,-0.4761541419151587,0.4761541419151587,DEFICIT_PRESSURE,8
6912.01,2026-06-26 04:00:00,0,1,0.6708433476465107,1.1035416774759097,0.43269832982939904,0.43269832982939904,SURPLUS_PRESSURE,9
6459.07,2026-06-26 04:00:00,0,1,1.2098801334681004,1.6105947196608505,0.40071458619275013,0.40071458619275013,SURPLUS_PRESSURE,10
5905.14,2026-06-26 04:00:00,0,1,2.881587369866102,2.511750750813762,-0.3698366190523399,0.3698366190523399,DEFICIT_PRESSURE,11
5374.01,2026-06-26 04:00:00,1,2,1.414681767646541,1.7686512873746258,0.35396951972808477,0.35396951972808477,SURPLUS_PRESSURE,12
5905.12,2026-06-26 04:00:00,2,1,0.8005869548011135,1.146766845340015,0.3461798905389015,0.3461798905389015,SURPLUS_PRESSURE,13
6072.06,2026-06-26 04:00:00,0,0,1.9013564227752864,1.6219323412062168,-0.2794240815690696,0.2794240815690696,DEFICIT_PRESSURE,14
6233.04,2026-06-26 04:00:00,0,0,0.10786869644634475,0.3558560343159965,0.24798733786965174,0.24798733786965174,SURPLUS_PRESSURE,15
6173.08,2026-06-26 04:00:00,1,1,0.5518468601565324,0.34238241277996456,-0.20946444737656783,0.20946444737656783,DEFICIT_PRESSURE,16
5492.05,2026-06-26 04:00:00,0,2,0.46984497339961456,0.6369804696401737,0.16713549624055918,0.16713549624055918,SURPLUS_PRESSURE,17
6140.05,2026-06-26 04:00:00,3,1,1.1016489858191558,1.2472656070707249,0.14561662125156905,0.14561662125156905,SURPLUS_PRESSURE,18
6432.09,2026-06-26 04:00:00,0,0,0.4545599844844452,0.38193493840916615,-0.07262504607527903,0.07262504607527903,DEFICIT_PRESSURE,19
6726.01,2026-06-26 04:00:00,0,0,0.7291448728128362,0.7978199186051963,0.06867504579236006,0.06867504579236006,SURPLUS_PRESSURE,20
6822.09,2026-06-26 05:00:00,3,7,3.4989309359349297,9.483383311582458,5.984452375647528,5.984452375647528,SURPLUS_PRESSURE,1
6331.01,2026-06-26 05:00:00,11,5,11.174197683993789,7.861918847968504,-3.3122788360252855,3.3122788360252855,DEFICIT_PRESSURE,2
6173.08,2026-06-26 05:00:00,0,1,0.965830173164816,3.4079220480716335,2.4420918749068177,2.4420918749068177,SURPLUS_PRESSURE,3
6912.01,2026-06-26 05:00:00,1,1,0.6689453049011407,3.0904664431062536,2.421521138205113,2.421521138205113,SURPLUS_PRESSURE,4
5763.03,2026-06-26 05:00:00,2,1,3.6589033879511095,1.3142411996044425,-2.3446621883466667,2.3446621883466667,DEFICIT_PRESSURE,5
6233.04,2026-06-26 05:00:00,0,5,1.316137492892965,3.4345686279482783,2.1184311350553133,2.1184311350553133,SURPLUS_PRESSURE,6
6726.01,2026-06-26 05:00:00,4,0,3.194103039984451,1.7583462571761834,-1.4357567828082676,1.4357567828082676,DEFICIT_PRESSURE,7
6459.07,2026-06-26 05:00:00,1,1,3.428014346003075,2.0654740445595325,-1.3625403014435427,1.3625403014435427,DEFICIT_PRESSURE,8
5374.01,2026-06-26 05:00:00,0,1,1.4272405625386317,2.757939929605419,1.330699367066787,1.330699367066787,SURPLUS_PRESSURE,9
5712.03,2026-06-26 05:00:00,2,4,1.7065066676808354,2.6554163043220864,0.948909636641251,0.948909636641251,SURPLUS_PRESSURE,10
5980.10,2026-06-26 05:00:00,2,1,1.7609410058274475,0.8274666998093149,-0.9334743060181326,0.9334743060181326,DEFICIT_PRESSURE,11
5492.05,2026-06-26 05:00:00,1,0,0.7675542453197047,1.6916107966671365,0.9240565513474318,0.9240565513474318,SURPLUS_PRESSURE,12
6432.09,2026-06-26 05:00:00,2,3,4.371752800134535,3.4999951749495937,-0.8717576251849417,0.8717576251849417,DEFICIT_PRESSURE,13
6140.05,2026-06-26 05:00:00,0,0,3.138281456910099,3.852979608471874,0.714698151561775,0.714698151561775,SURPLUS_PRESSURE,14
6072.06,2026-06-26 05:00:00,0,2,2.595021823537674,1.899614848899059,-0.6954069746386151,0.6954069746386151,DEFICIT_PRESSURE,15
5905.12,2026-06-26 05:00:00,1,1,2.038815016848629,2.390021745434913,0.35120672858628366,0.35120672858628366,SURPLUS_PRESSURE,16
6948.10,2026-06-26 05:00:00,1,2,1.982134945807896,2.148433026214441,0.16629808040654503,0.16629808040654503,SURPLUS_PRESSURE,17
6364.07,2026-06-26 05:00:00,5,4,1.7484797392023526,1.8465975784301802,0.09811783922782769,0.09811783922782769,SURPLUS_PRESSURE,18
5905.14,2026-06-26 05:00:00,5,6,2.2456505139464844,2.1895755335671563,-0.05607498037932812,0.05607498037932812,DEFICIT_PRESSURE,19
6492.08,2026-06-26 05:00:00,4,2,4.041778232690856,4.076010432090472,0.03423219939961619,0.03423219939961619,SURPLUS_PRESSURE,20
6822.09,2026-06-26 06:00:00,11,43,9.571151821897836,47.37467261904763,37.803520797149794,37.803520797149794,SURPLUS_PRESSURE,1
6432.09,2026-06-26 06:00:00,23,20,10.170145160088163,19.607968857055834,9.437823696967671,9.437823696967671,SURPLUS_PRESSURE,2
6233.04,2026-06-26 06:00:00,5,13,1.5816529483052313,10.536168247629707,8.954515299324475,8.954515299324475,SURPLUS_PRESSURE,3
6726.01,2026-06-26 06:00:00,13,2,13.28946161016221,6.105680084063817,-7.183781526098393,7.183781526098393,DEFICIT_PRESSURE,4
6331.01,2026-06-26 06:00:00,22,12,17.960298990130383,11.65573115113974,-6.304567838990643,6.304567838990643,DEFICIT_PRESSURE,5
5712.03,2026-06-26 06:00:00,4,10,5.9029944980762075,11.310801567384795,5.407807069308587,5.407807069308587,SURPLUS_PRESSURE,6
6173.08,2026-06-26 06:00:00,4,11,2.8701901366876865,7.947598329919701,5.077408193232014,5.077408193232014,SURPLUS_PRESSURE,7
5374.01,2026-06-26 06:00:00,1,5,5.284935554051104,9.909528544128953,4.62459299007785,4.62459299007785,SURPLUS_PRESSURE,8
6459.07,2026-06-26 06:00:00,9,3,8.424373080723669,4.394321438948575,-4.030051641775094,4.030051641775094,DEFICIT_PRESSURE,9
6364.07,2026-06-26 06:00:00,11,10,9.88543071838251,6.783352519881353,-3.1020781985011574,3.1020781985011574,DEFICIT_PRESSURE,10
5980.10,2026-06-26 06:00:00,8,0,4.0123081034780235,1.8203630219680804,-2.1919450815099433,2.1919450815099433,DEFICIT_PRESSURE,11
5763.03,2026-06-26 06:00:00,8,5,5.875949115165841,3.759395312511261,-2.11655380265458,2.11655380265458,DEFICIT_PRESSURE,12
5905.14,2026-06-26 06:00:00,8,8,5.573688111545806,7.645889373108704,2.072201261562898,2.072201261562898,SURPLUS_PRESSURE,13
6072.06,2026-06-26 06:00:00,12,9,3.5794115075744966,5.452380056225354,1.8729685486508574,1.8729685486508574,SURPLUS_PRESSURE,14
6948.10,2026-06-26 06:00:00,10,11,7.964975323237897,6.531149968360106,-1.4338253548777908,1.4338253548777908,DEFICIT_PRESSURE,15
6140.05,2026-06-26 06:00:00,7,18,7.662365867559756,6.47614479616168,-1.1862210713980756,1.1862210713980756,DEFICIT_PRESSURE,16
6492.08,2026-06-26 06:00:00,5,9,11.422742791663023,12.315141013142897,0.8923982214798745,0.8923982214798745,SURPLUS_PRESSURE,17
5905.12,2026-06-26 06:00:00,9,15,5.017794500621148,5.556798735273086,0.5390042346519373,0.5390042346519373,SURPLUS_PRESSURE,18
6912.01,2026-06-26 06:00:00,9,10,5.82782153090356,5.474783922936552,-0.3530376079670088,0.3530376079670088,DEFICIT_PRESSURE,19
5492.05,2026-06-26 06:00:00,2,2,3.427150031409246,3.6615907331415416,0.2344407017322956,0.2344407017322956,SURPLUS_PRESSURE,20
6822.09,2026-06-26 07:00:00,19,37,19.859667435639146,41.74376202507904,21.884094589439897,21.884094589439897,SURPLUS_PRESSURE,1
6233.04,2026-06-26 07:00:00,8,31,5.697354076479074,21.67113335269994,15.973779276220865,15.973779276220865,SURPLUS_PRESSURE,2
5980.10,2026-06-26 07:00:00,13,1,13.261889405425594,1.8920758841548315,-11.369813521270762,11.369813521270762,DEFICIT_PRESSURE,3
6459.07,2026-06-26 07:00:00,15,10,16.12648670804497,7.1932961612765345,-8.933190546768433,8.933190546768433,DEFICIT_PRESSURE,4
6140.05,2026-06-26 07:00:00,15,15,13.841961259745183,21.54602641543579,7.704065155690607,7.704065155690607,SURPLUS_PRESSURE,5
5712.03,2026-06-26 07:00:00,11,30,14.358812278723804,21.502837437167894,7.144025158444091,7.144025158444091,SURPLUS_PRESSURE,6
5905.12,2026-06-26 07:00:00,9,15,14.910041368965716,20.935264093818745,6.025222724853029,6.025222724853029,SURPLUS_PRESSURE,7
6726.01,2026-06-26 07:00:00,37,14,16.05817009756827,10.199391009175692,-5.858779088392577,5.858779088392577,DEFICIT_PRESSURE,8
6364.07,2026-06-26 07:00:00,15,10,14.996412287879753,9.860930416130735,-5.135481871749018,5.135481871749018,DEFICIT_PRESSURE,9
6492.08,2026-06-26 07:00:00,14,21,15.656183374946593,19.937194530141724,4.281011155195131,4.281011155195131,SURPLUS_PRESSURE,10
6173.08,2026-06-26 07:00:00,15,24,9.39301256707872,13.669354540720105,4.276341973641385,4.276341973641385,SURPLUS_PRESSURE,11
6912.01,2026-06-26 07:00:00,12,9,15.16320893028361,19.392118415516567,4.228909485232958,4.228909485232958,SURPLUS_PRESSURE,12
5763.03,2026-06-26 07:00:00,6,3,11.518089734620448,7.675749421721117,-3.8423403128993305,3.8423403128993305,DEFICIT_PRESSURE,13
5374.01,2026-06-26 07:00:00,9,19,8.071604407807664,11.538705163216944,3.4671007554092803,3.4671007554092803,SURPLUS_PRESSURE,14
5492.05,2026-06-26 07:00:00,10,9,5.4581901376492565,8.686893725816496,3.2287035881672397,3.2287035881672397,SURPLUS_PRESSURE,15
6072.06,2026-06-26 07:00:00,12,16,15.25965718141342,12.092819971702955,-3.166837209710465,3.166837209710465,DEFICIT_PRESSURE,16
5905.14,2026-06-26 07:00:00,19,24,13.998541404531602,16.93119049314096,2.9326490886093577,2.9326490886093577,SURPLUS_PRESSURE,17
6331.01,2026-06-26 07:00:00,26,25,24.20421201083517,22.19069017258016,-2.0135218382550093,2.0135218382550093,DEFICIT_PRESSURE,18
6948.10,2026-06-26 07:00:00,20,23,17.686570640655276,18.562009114566873,0.875438473911597,0.875438473911597,SURPLUS_PRESSURE,19
6432.09,2026-06-26 07:00:00,21,43,28.788267983431002,29.325728232836163,0.5374602494051608,0.5374602494051608,SURPLUS_PRESSURE,20
5712.03,2026-06-26 08:00:00,31,49,20.7141538801186,45.76130556461728,25.04715168449868,25.04715168449868,SURPLUS_PRESSURE,1
6492.08,2026-06-26 08:00:00,33,63,17.173843441271075,35.531820730678035,18.35797728940696,18.35797728940696,SURPLUS_PRESSURE,2
6432.09,2026-06-26 08:00:00,24,32,28.950054062002742,45.95141366082601,17.00135959882327,17.00135959882327,SURPLUS_PRESSURE,3
6173.08,2026-06-26 08:00:00,25,54,17.81211510332076,33.65617790392762,15.84406280060686,15.84406280060686,SURPLUS_PRESSURE,4
5980.10,2026-06-26 08:00:00,34,12,21.429280331927433,5.921243051203395,-15.50803728072404,15.50803728072404,DEFICIT_PRESSURE,5
6140.05,2026-06-26 08:00:00,34,52,32.75767857142856,46.1668392857143,13.40916071428574,13.40916071428574,SURPLUS_PRESSURE,6
5905.12,2026-06-26 08:00:00,25,35,12.45306596306444,24.953423151388037,12.500357188323598,12.500357188323598,SURPLUS_PRESSURE,7
6822.09,2026-06-26 08:00:00,35,49,31.489341562787057,42.04258757245929,10.553246009672232,10.553246009672232,SURPLUS_PRESSURE,8
6726.01,2026-06-26 08:00:00,28,15,30.38512406270593,21.582858958805467,-8.802265103900464,8.802265103900464,DEFICIT_PRESSURE,9
5905.14,2026-06-26 08:00:00,29,37,22.20157534359875,30.841008082798368,8.639432739199616,8.639432739199616,SURPLUS_PRESSURE,10
6331.01,2026-06-26 08:00:00,36,34,30.989794834917475,37.48800544899855,6.498210614081074,6.498210614081074,SURPLUS_PRESSURE,11
6459.07,2026-06-26 08:00:00,33,49,24.450313311375773,18.96318167406971,-5.487131637306064,5.487131637306064,DEFICIT_PRESSURE,12
5492.05,2026-06-26 08:00:00,11,19,14.61378745669183,19.64028598897464,5.02649853228281,5.02649853228281,SURPLUS_PRESSURE,13
6072.06,2026-06-26 08:00:00,27,25,19.299357130348202,24.1291664679961,4.829809337647898,4.829809337647898,SURPLUS_PRESSURE,14
6948.10,2026-06-26 08:00:00,29,33,26.73404255686358,30.559397590416054,3.825355033552473,3.825355033552473,SURPLUS_PRESSURE,15
5763.03,2026-06-26 08:00:00,25,15,16.76644734840323,12.963502547394718,-3.802944801008511,3.802944801008511,DEFICIT_PRESSURE,16
6912.01,2026-06-26 08:00:00,25,24,26.90737616769195,23.96130332585545,-2.9460728418365,2.9460728418365,DEFICIT_PRESSURE,17
6364.07,2026-06-26 08:00:00,20,23,22.25073060305259,20.075654520098887,-2.175076082953705,2.175076082953705,DEFICIT_PRESSURE,18
6233.04,2026-06-26 08:00:00,42,32,29.896863095238096,31.615178205092807,1.7183151098547107,1.7183151098547107,SURPLUS_PRESSURE,19
5374.01,2026-06-26 08:00:00,33,21,21.161428389355866,20.462473213047712,-0.6989551763081536,0.6989551763081536,DEFICIT_PRESSURE,20
6173.08,2026-06-26 09:00:00,22,69,21.774024992413416,48.890401664367566,27.11637667195415,27.11637667195415,SURPLUS_PRESSURE,1
5980.10,2026-06-26 09:00:00,27,14,31.08476092460408,12.091467571413824,-18.993293353190253,18.993293353190253,DEFICIT_PRESSURE,2
5712.03,2026-06-26 09:00:00,33,43,29.13140522300462,46.73978231031258,17.608377087307957,17.608377087307957,SURPLUS_PRESSURE,3
6140.05,2026-06-26 09:00:00,34,52,31.399700882238477,48.87079589886872,17.471095016630244,17.471095016630244,SURPLUS_PRESSURE,4
6492.08,2026-06-26 09:00:00,21,62,33.73094293088558,50.64818551910396,16.91724258821838,16.91724258821838,SURPLUS_PRESSURE,5
6822.09,2026-06-26 09:00:00,18,41,27.246539275697796,41.55824478335407,14.311705507656274,14.311705507656274,SURPLUS_PRESSURE,6
6459.07,2026-06-26 09:00:00,31,32,29.359685239753826,43.00150300090806,13.641817761154233,13.641817761154233,SURPLUS_PRESSURE,7
5492.05,2026-06-26 09:00:00,11,30,17.151054294801703,28.240903916366122,11.089849621564419,11.089849621564419,SURPLUS_PRESSURE,8
6948.10,2026-06-26 09:00:00,26,17,24.510910263280106,32.6920005514424,8.181090288162292,8.181090288162292,SURPLUS_PRESSURE,9
5905.14,2026-06-26 09:00:00,26,43,24.41862241238787,32.007821106447004,7.589198694059135,7.589198694059135,SURPLUS_PRESSURE,10
6432.09,2026-06-26 09:00:00,14,31,26.219880943284682,33.56326271959967,7.343381776314988,7.343381776314988,SURPLUS_PRESSURE,11
6726.01,2026-06-26 09:00:00,16,18,24.991091008415705,19.46530677725716,-5.525784231158543,5.525784231158543,DEFICIT_PRESSURE,12
6233.04,2026-06-26 09:00:00,36,34,38.07575375166186,32.68022587057205,-5.395527881089805,5.395527881089805,DEFICIT_PRESSURE,13
5374.01,2026-06-26 09:00:00,10,6,24.64559229945095,19.942241347328775,-4.703350952122175,4.703350952122175,DEFICIT_PRESSURE,14
6912.01,2026-06-26 09:00:00,18,23,23.833581805671933,27.62320582954659,3.789624023874655,3.789624023874655,SURPLUS_PRESSURE,15
5905.12,2026-06-26 09:00:00,24,22,26.607411228430937,29.802509975843055,3.1950987474121177,3.1950987474121177,SURPLUS_PRESSURE,16
6331.01,2026-06-26 09:00:00,25,21,31.782653271547503,34.349503820926955,2.5668505493794527,2.5668505493794527,SURPLUS_PRESSURE,17
6072.06,2026-06-26 09:00:00,35,32,25.7987733896244,23.36954416464063,-2.4292292249837715,2.4292292249837715,DEFICIT_PRESSURE,18
6364.07,2026-06-26 09:00:00,20,19,23.858969749613184,26.01570597187973,2.156736222266545,2.156736222266545,SURPLUS_PRESSURE,19
5763.03,2026-06-26 09:00:00,19,15,19.57533088836642,18.408964516055413,-1.166366372311007,1.166366372311007,DEFICIT_PRESSURE,20
6492.08,2026-06-26 10:00:00,12,30,18.22004847210006,40.04623115378801,21.826182681687946,21.826182681687946,SURPLUS_PRESSURE,1
5980.10,2026-06-26 10:00:00,24,6,24.67179195068335,12.0687598068306,-12.603032143852749,12.603032143852749,DEFICIT_PRESSURE,2
6140.05,2026-06-26 10:00:00,23,42,33.71021322808972,44.31616109969647,10.605947871606752,10.605947871606752,SURPLUS_PRESSURE,3
6173.08,2026-06-26 10:00:00,32,34,18.470827772861163,24.481950576530927,6.011122803669764,6.011122803669764,SURPLUS_PRESSURE,4
6822.09,2026-06-26 10:00:00,10,11,16.854112574953827,21.90050076356532,5.046388188611491,5.046388188611491,SURPLUS_PRESSURE,5
5492.05,2026-06-26 10:00:00,13,13,17.521850149417183,22.423074384783707,4.901224235366524,4.901224235366524,SURPLUS_PRESSURE,6
6432.09,2026-06-26 10:00:00,11,17,17.75730774659461,22.59013900049416,4.832831253899549,4.832831253899549,SURPLUS_PRESSURE,7
5712.03,2026-06-26 10:00:00,27,30,24.27142743937908,29.054538513473936,4.783111074094855,4.783111074094855,SURPLUS_PRESSURE,8
6459.07,2026-06-26 10:00:00,20,10,17.42442101292865,21.053950805344066,3.629529792415415,3.629529792415415,SURPLUS_PRESSURE,9
6072.06,2026-06-26 10:00:00,27,26,21.16404145703094,24.32238300788695,3.158341550856008,3.158341550856008,SURPLUS_PRESSURE,10
6912.01,2026-06-26 10:00:00,22,19,26.898617442399935,23.813361204815802,-3.085256237584133,3.085256237584133,DEFICIT_PRESSURE,11
6726.01,2026-06-26 10:00:00,11,9,23.75612999201063,25.622436489190108,1.866306497179476,1.866306497179476,SURPLUS_PRESSURE,12
5905.12,2026-06-26 10:00:00,17,26,25.611581871619208,23.882377240589335,-1.729204631029873,1.729204631029873,DEFICIT_PRESSURE,13
5905.14,2026-06-26 10:00:00,23,33,26.24164636382214,25.164038269991273,-1.077608093830868,1.077608093830868,DEFICIT_PRESSURE,14
6233.04,2026-06-26 10:00:00,19,20,31.07543621380528,30.22108238657687,-0.8543538272284081,0.8543538272284081,DEFICIT_PRESSURE,15
6364.07,2026-06-26 10:00:00,14,22,18.854313568016845,19.565494469853213,0.711180901836368,0.711180901836368,SURPLUS_PRESSURE,16
6331.01,2026-06-26 10:00:00,11,18,23.364268514967467,22.691209454789938,-0.673059060177529,0.673059060177529,DEFICIT_PRESSURE,17
5763.03,2026-06-26 10:00:00,15,14,20.061530949153155,19.435660312684202,-0.625870636468953,0.625870636468953,DEFICIT_PRESSURE,18
5374.01,2026-06-26 10:00:00,19,28,15.612999806590656,15.959271592370856,0.3462717857801998,0.3462717857801998,SURPLUS_PRESSURE,19
6948.10,2026-06-26 10:00:00,18,25,24.79468969079645,25.135809856813545,0.34112016601709527,0.34112016601709527,SURPLUS_PRESSURE,20
5980.10,2026-06-26 11:00:00,36,3,35.12996375438627,6.894791553744715,-28.235172200641554,28.235172200641554,DEFICIT_PRESSURE,1
6492.08,2026-06-26 11:00:00,22,36,22.359605656942044,29.915848278466342,7.556242621524298,7.556242621524298,SURPLUS_PRESSURE,2
6432.09,2026-06-26 11:00:00,10,12,14.747264489928543,20.858132393045757,6.110867903117214,6.110867903117214,SURPLUS_PRESSURE,3
5905.14,2026-06-26 11:00:00,27,28,21.936486348688394,27.731528123154575,5.795041774466181,5.795041774466181,SURPLUS_PRESSURE,4
5905.12,2026-06-26 11:00:00,25,31,21.16766398163029,26.53840915143475,5.370745169804458,5.370745169804458,SURPLUS_PRESSURE,5
6364.07,2026-06-26 11:00:00,27,27,16.807930716864643,22.075667994735692,5.267737277871049,5.267737277871049,SURPLUS_PRESSURE,6
6233.04,2026-06-26 11:00:00,15,24,28.673459427912352,33.28621808757798,4.6127586596656265,4.6127586596656265,SURPLUS_PRESSURE,7
6140.05,2026-06-26 11:00:00,42,39,34.19388338891969,29.583754333461908,-4.610129055457779,4.610129055457779,DEFICIT_PRESSURE,8
6173.08,2026-06-26 11:00:00,36,38,28.249699940477214,25.035971980747618,-3.213727959729596,3.213727959729596,DEFICIT_PRESSURE,9
6459.07,2026-06-26 11:00:00,16,26,22.870480993111848,20.310545536722614,-2.5599354563892334,2.5599354563892334,DEFICIT_PRESSURE,10
6912.01,2026-06-26 11:00:00,29,43,37.10315757244451,34.69084404659985,-2.4123135258446595,2.4123135258446595,DEFICIT_PRESSURE,11
5712.03,2026-06-26 11:00:00,30,34,29.568372095836143,27.17806998631171,-2.390302109524434,2.390302109524434,DEFICIT_PRESSURE,12
6822.09,2026-06-26 11:00:00,21,15,16.587687862510123,14.887922478818014,-1.6997653836921085,1.6997653836921085,DEFICIT_PRESSURE,13
6072.06,2026-06-26 11:00:00,22,21,21.445015119435407,22.926420586878734,1.4814054674433272,1.4814054674433272,SURPLUS_PRESSURE,14
5492.05,2026-06-26 11:00:00,22,21,19.30995940649715,20.670824457902185,1.3608650514050353,1.3608650514050353,SURPLUS_PRESSURE,15
6726.01,2026-06-26 11:00:00,10,18,17.940554742184148,16.821056037053484,-1.1194987051306633,1.1194987051306633,DEFICIT_PRESSURE,16
5763.03,2026-06-26 11:00:00,9,14,18.968224596968764,19.976155958291226,1.0079313613224627,1.0079313613224627,SURPLUS_PRESSURE,17
6331.01,2026-06-26 11:00:00,19,18,21.18933343803331,22.096851249079478,0.9075178110461692,0.9075178110461692,SURPLUS_PRESSURE,18
5374.01,2026-06-26 11:00:00,21,31,22.05023943266188,22.51378228197976,0.46354284931788214,0.46354284931788214,SURPLUS_PRESSURE,19
6948.10,2026-06-26 11:00:00,22,24,25.744691342530814,25.46099550280189,-0.2836958397289244,0.2836958397289244,DEFICIT_PRESSURE,20
5980.10,2026-06-26 12:00:00,39,16,34.014870113481464,4.2950995246868136,-29.719770588794653,29.719770588794653,DEFICIT_PRESSURE,1
6726.01,2026-06-26 12:00:00,25,27,19.653617721387082,28.061617002510896,8.407999281123814,8.407999281123814,SURPLUS_PRESSURE,2
6364.07,2026-06-26 12:00:00,18,36,23.982172052105525,31.61297369974377,7.630801647638243,7.630801647638243,SURPLUS_PRESSURE,3
6072.06,2026-06-26 12:00:00,22,26,26.113348063271363,33.09222349452464,6.978875431253275,6.978875431253275,SURPLUS_PRESSURE,4
6233.04,2026-06-26 12:00:00,27,22,28.895107866936325,35.29234567759921,6.397237810662883,6.397237810662883,SURPLUS_PRESSURE,5
6912.01,2026-06-26 12:00:00,56,47,35.56917168113586,41.59581700228636,6.026645321150497,6.026645321150497,SURPLUS_PRESSURE,6
5763.03,2026-06-26 12:00:00,16,10,18.4388181954141,24.29365418724517,5.85483599183107,5.85483599183107,SURPLUS_PRESSURE,7
6459.07,2026-06-26 12:00:00,22,22,22.96291516251995,28.411982712741843,5.449067550221894,5.449067550221894,SURPLUS_PRESSURE,8
5712.03,2026-06-26 12:00:00,25,33,29.4299871112058,34.1233788589597,4.693391747753896,4.693391747753896,SURPLUS_PRESSURE,9
5374.01,2026-06-26 12:00:00,20,15,23.898834245990525,28.13923710993059,4.240402863940066,4.240402863940066,SURPLUS_PRESSURE,10
6492.08,2026-06-26 12:00:00,42,30,26.47607773380608,30.418421657294754,3.942343923488675,3.942343923488675,SURPLUS_PRESSURE,11
5492.05,2026-06-26 12:00:00,23,18,31.337477986929457,34.42069329766805,3.083215310738595,3.083215310738595,SURPLUS_PRESSURE,12
6331.01,2026-06-26 12:00:00,18,23,25.06210137103924,22.12245797823669,-2.9396433928025516,2.9396433928025516,DEFICIT_PRESSURE,13
6140.05,2026-06-26 12:00:00,44,44,39.43832946771999,36.5228379800088,-2.9154914877111864,2.9154914877111864,DEFICIT_PRESSURE,14
5905.14,2026-06-26 12:00:00,30,35,25.466421066782008,28.26206517604107,2.7956441092590616,2.7956441092590616,SURPLUS_PRESSURE,15
6948.10,2026-06-26 12:00:00,33,26,32.568149772884105,30.02427759665157,-2.5438721762325365,2.5438721762325365,DEFICIT_PRESSURE,16
6822.09,2026-06-26 12:00:00,30,13,18.015981446116534,19.87692898417437,1.860947538057836,1.860947538057836,SURPLUS_PRESSURE,17
6432.09,2026-06-26 12:00:00,13,13,20.16880211553142,20.598789111075288,0.4299869955438673,0.4299869955438673,SURPLUS_PRESSURE,18
6173.08,2026-06-26 12:00:00,30,31,32.23874401135463,32.07330842044371,-0.1654355909109242,0.1654355909109242,DEFICIT_PRESSURE,19
5905.12,2026-06-26 12:00:00,34,34,30.23541532895035,30.070286331972273,-0.16512899697807626,0.16512899697807626,DEFICIT_PRESSURE,20
5980.10,2026-06-26 13:00:00,43,8,37.59987550851178,14.873276761911562,-22.726598746600217,22.726598746600217,DEFICIT_PRESSURE,1
6233.04,2026-06-26 13:00:00,39,29,40.79345956374859,29.055773329274558,-11.737686234474033,11.737686234474033,DEFICIT_PRESSURE,2
6822.09,2026-06-26 13:00:00,19,22,26.264940263985192,18.117896629569376,-8.147043634415816,8.147043634415816,DEFICIT_PRESSURE,3
6072.06,2026-06-26 13:00:00,42,30,22.59383432982457,30.241796203618378,7.6479618737938075,7.6479618737938075,SURPLUS_PRESSURE,4
6364.07,2026-06-26 13:00:00,28,41,23.792669852320522,30.550606917699643,6.757937065379121,6.757937065379121,SURPLUS_PRESSURE,5
5905.14,2026-06-26 13:00:00,31,38,32.10498530120639,38.11692215841421,6.011936857207822,6.011936857207822,SURPLUS_PRESSURE,6
6948.10,2026-06-26 13:00:00,33,33,35.7454817163247,30.226075246560352,-5.519406469764345,5.519406469764345,DEFICIT_PRESSURE,7
6492.08,2026-06-26 13:00:00,42,47,37.21468502966074,32.11528680928064,-5.0993982203801025,5.0993982203801025,DEFICIT_PRESSURE,8
5905.12,2026-06-26 13:00:00,31,42,33.59151130320781,28.507138513128588,-5.084372790079222,5.084372790079222,DEFICIT_PRESSURE,9
5374.01,2026-06-26 13:00:00,24,23,29.18813961362967,24.976245535044004,-4.211894078585665,4.211894078585665,DEFICIT_PRESSURE,10
6912.01,2026-06-26 13:00:00,33,39,52.21449591284396,55.85844829378671,3.64395238094275,3.64395238094275,SURPLUS_PRESSURE,11
5712.03,2026-06-26 13:00:00,26,24,29.561300398625317,32.47768398512233,2.916383586497016,2.916383586497016,SURPLUS_PRESSURE,12
6173.08,2026-06-26 13:00:00,50,40,32.03238269346072,29.48112009682442,-2.551262596636299,2.551262596636299,DEFICIT_PRESSURE,13
5763.03,2026-06-26 13:00:00,18,20,20.36263842805093,18.037571717852554,-2.3250667101983744,2.3250667101983744,DEFICIT_PRESSURE,14
6432.09,2026-06-26 13:00:00,24,24,19.745581764654272,21.46078070894258,1.715198944288307,1.715198944288307,SURPLUS_PRESSURE,15
6459.07,2026-06-26 13:00:00,22,15,26.54786374155458,24.89137839239436,-1.6564853491602207,1.6564853491602207,DEFICIT_PRESSURE,16
6140.05,2026-06-26 13:00:00,48,35,38.333537724603154,39.89943112978547,1.5658934051823152,1.5658934051823152,SURPLUS_PRESSURE,17
5492.05,2026-06-26 13:00:00,34,38,29.355610387742175,28.007535161407887,-1.348075226334288,1.348075226334288,DEFICIT_PRESSURE,18
6331.01,2026-06-26 13:00:00,32,32,24.252782627579144,25.389111417789458,1.1363287902103139,1.1363287902103139,SURPLUS_PRESSURE,19
6726.01,2026-06-26 13:00:00,30,23,28.621884450313743,28.27555498781487,-0.346329462498872,0.346329462498872,DEFICIT_PRESSURE,20
5980.10,2026-06-26 14:00:00,51,6,39.432625738113046,8.62714793133149,-30.805477806781557,30.805477806781557,DEFICIT_PRESSURE,1
6140.05,2026-06-26 14:00:00,40,41,47.9615934326205,33.96108555133994,-14.000507881280555,14.000507881280555,DEFICIT_PRESSURE,2
6072.06,2026-06-26 14:00:00,40,39,36.565471196995944,25.8394386396409,-10.726032557355044,10.726032557355044,DEFICIT_PRESSURE,3
6173.08,2026-06-26 14:00:00,57,48,38.393575370493416,28.864099477206484,-9.529475893286932,9.529475893286932,DEFICIT_PRESSURE,4
6364.07,2026-06-26 14:00:00,32,38,25.811844849259373,35.28415534571001,9.472310496450639,9.472310496450639,SURPLUS_PRESSURE,5
6459.07,2026-06-26 14:00:00,27,33,21.942827740148285,29.321203808541274,7.378376068392988,7.378376068392988,SURPLUS_PRESSURE,6
6822.09,2026-06-26 14:00:00,26,23,28.567767547033835,21.5032538227658,-7.064513724268036,7.064513724268036,DEFICIT_PRESSURE,7
6432.09,2026-06-26 14:00:00,22,31,27.94999911697144,21.02390287409752,-6.926096242873921,6.926096242873921,DEFICIT_PRESSURE,8
5905.12,2026-06-26 14:00:00,46,29,33.94106751281089,40.476134768300625,6.535067255489736,6.535067255489736,SURPLUS_PRESSURE,9
6233.04,2026-06-26 14:00:00,46,42,38.44204534852947,32.82025938103259,-5.621785967496876,5.621785967496876,DEFICIT_PRESSURE,10
6948.10,2026-06-26 14:00:00,32,41,37.9794561313511,43.33020566946187,5.350749538110769,5.350749538110769,SURPLUS_PRESSURE,11
6912.01,2026-06-26 14:00:00,43,38,55.9012965752136,51.192642600355484,-4.708653974858116,4.708653974858116,DEFICIT_PRESSURE,12
5763.03,2026-06-26 14:00:00,28,30,27.64675127311485,32.276746960816354,4.629995687701502,4.629995687701502,SURPLUS_PRESSURE,13
6331.01,2026-06-26 14:00:00,32,49,29.517019230440397,34.13489724661762,4.617878016177222,4.617878016177222,SURPLUS_PRESSURE,14
5712.03,2026-06-26 14:00:00,36,34,33.08686366355046,29.55281201348993,-3.5340516500605297,3.5340516500605297,DEFICIT_PRESSURE,15
6492.08,2026-06-26 14:00:00,32,31,33.64768918222382,36.98198765156844,3.334298469344617,3.334298469344617,SURPLUS_PRESSURE,16
5492.05,2026-06-26 14:00:00,48,33,43.945648574496005,40.99402247095236,-2.9516261035436457,2.9516261035436457,DEFICIT_PRESSURE,17
6726.01,2026-06-26 14:00:00,37,37,30.232869963125548,31.767614424056184,1.5347444609306358,1.5347444609306358,SURPLUS_PRESSURE,18
5374.01,2026-06-26 14:00:00,21,26,27.839680385263332,26.443963238956126,-1.3957171463072058,1.3957171463072058,DEFICIT_PRESSURE,19
5905.14,2026-06-26 14:00:00,36,31,31.114724993330746,31.074718913437806,-0.04000607989294025,0.04000607989294025,DEFICIT_PRESSURE,20
5980.10,2026-06-26 15:00:00,54,9,39.48173319498941,6.632098901714109,-32.8496342932753,32.8496342932753,DEFICIT_PRESSURE,1
6331.01,2026-06-26 15:00:00,48,49,32.71365454130417,48.01235144886655,15.29869690756238,15.29869690756238,SURPLUS_PRESSURE,2
6912.01,2026-06-26 15:00:00,53,50,65.36461479354826,51.75652801935456,-13.608086774193694,13.608086774193694,DEFICIT_PRESSURE,3
6233.04,2026-06-26 15:00:00,43,46,46.490382562911826,53.97014961596525,7.479767053053422,7.479767053053422,SURPLUS_PRESSURE,4
6948.10,2026-06-26 15:00:00,50,54,42.58029906957858,37.15754239842572,-5.422756671152861,5.422756671152861,DEFICIT_PRESSURE,5
5905.12,2026-06-26 15:00:00,48,39,37.83075261601523,33.192290951010406,-4.638461665004826,4.638461665004826,DEFICIT_PRESSURE,6
6492.08,2026-06-26 15:00:00,31,35,30.995899515702405,26.765296391325776,-4.230603124376628,4.230603124376628,DEFICIT_PRESSURE,7
6364.07,2026-06-26 15:00:00,38,36,29.285497915017284,32.88156369541533,3.596065780398046,3.596065780398046,SURPLUS_PRESSURE,8
5712.03,2026-06-26 15:00:00,43,27,36.95054023438909,33.37712036891653,-3.573419865472559,3.573419865472559,DEFICIT_PRESSURE,9
5374.01,2026-06-26 15:00:00,28,27,26.166405082054823,29.330237390145772,3.1638323080909494,3.1638323080909494,SURPLUS_PRESSURE,10
6459.07,2026-06-26 15:00:00,24,24,27.359809379351255,30.056227430600902,2.6964180512496476,2.6964180512496476,SURPLUS_PRESSURE,11
5763.03,2026-06-26 15:00:00,31,28,27.223818348477653,29.54077090199037,2.316952553512717,2.316952553512717,SURPLUS_PRESSURE,12
6822.09,2026-06-26 15:00:00,26,28,25.131963508394016,23.197344246039652,-1.9346192623543637,1.9346192623543637,DEFICIT_PRESSURE,13
6072.06,2026-06-26 15:00:00,39,43,32.92765246368207,31.48015207033734,-1.4475003933447326,1.4475003933447326,DEFICIT_PRESSURE,14
5492.05,2026-06-26 15:00:00,37,40,40.91243727268869,42.24918667236543,1.3367493996767408,1.3367493996767408,SURPLUS_PRESSURE,15
6432.09,2026-06-26 15:00:00,27,31,26.1434690844889,27.346284581547685,1.2028154970587863,1.2028154970587863,SURPLUS_PRESSURE,16
6173.08,2026-06-26 15:00:00,61,42,37.119994354993295,37.576675574578296,0.4566812195850005,0.4566812195850005,SURPLUS_PRESSURE,17
6726.01,2026-06-26 15:00:00,18,27,34.049442699025676,34.477794239939556,0.42835154091388006,0.42835154091388006,SURPLUS_PRESSURE,18
6140.05,2026-06-26 15:00:00,45,41,38.04963382547325,37.759323609524564,-0.29031021594868633,0.29031021594868633,DEFICIT_PRESSURE,19
5905.14,2026-06-26 15:00:00,34,34,32.446020173571455,32.53575108450872,0.08973091093726282,0.08973091093726282,SURPLUS_PRESSURE,20
5980.10,2026-06-26 16:00:00,41,14,47.30908339929908,8.057607640145447,-39.25147575915363,39.25147575915363,DEFICIT_PRESSURE,1
6492.08,2026-06-26 16:00:00,63,26,52.30718735749943,32.642418567088114,-19.664768790411316,19.664768790411316,DEFICIT_PRESSURE,2
6822.09,2026-06-26 16:00:00,75,30,39.26549998343321,21.144574785501117,-18.120925197932092,18.120925197932092,DEFICIT_PRESSURE,3
5905.12,2026-06-26 16:00:00,41,38,48.30264606015294,34.734888186055656,-13.567757874097282,13.567757874097282,DEFICIT_PRESSURE,4
6140.05,2026-06-26 16:00:00,62,62,48.191388602501505,35.243686824004214,-12.94770177849729,12.94770177849729,DEFICIT_PRESSURE,5
6173.08,2026-06-26 16:00:00,56,43,49.821593087480316,37.27889922746923,-12.542693860011084,12.542693860011084,DEFICIT_PRESSURE,6
5492.05,2026-06-26 16:00:00,39,51,47.64413931288445,36.20159357813413,-11.442545734750318,11.442545734750318,DEFICIT_PRESSURE,7
6364.07,2026-06-26 16:00:00,42,46,26.119863849914715,35.83660394261646,9.716740092701748,9.716740092701748,SURPLUS_PRESSURE,8
6459.07,2026-06-26 16:00:00,43,46,31.988482743087175,24.987872876048673,-7.000609867038502,7.000609867038502,DEFICIT_PRESSURE,9
6726.01,2026-06-26 16:00:00,32,44,26.928492450830287,32.6513278476163,5.722835396786014,5.722835396786014,SURPLUS_PRESSURE,10
6912.01,2026-06-26 16:00:00,47,43,58.01339490163995,52.49967316919534,-5.513721732444608,5.513721732444608,DEFICIT_PRESSURE,11
6072.06,2026-06-26 16:00:00,38,63,30.69542912058234,35.48986450194958,4.794435381367244,4.794435381367244,SURPLUS_PRESSURE,12
5712.03,2026-06-26 16:00:00,47,51,40.01078786151578,35.35981749730128,-4.650970364214501,4.650970364214501,DEFICIT_PRESSURE,13
5374.01,2026-06-26 16:00:00,30,30,29.18313592629643,25.879461930328212,-3.303673995968218,3.303673995968218,DEFICIT_PRESSURE,14
5905.14,2026-06-26 16:00:00,50,30,32.51135500336181,35.196164401078725,2.6848093977169185,2.6848093977169185,SURPLUS_PRESSURE,15
6948.10,2026-06-26 16:00:00,48,36,46.22018981089235,43.83886233759549,-2.3813274732968637,2.3813274732968637,DEFICIT_PRESSURE,16
6432.09,2026-06-26 16:00:00,43,20,32.95593176823963,34.26717460266758,1.3112428344279508,1.3112428344279508,SURPLUS_PRESSURE,17
6331.01,2026-06-26 16:00:00,34,62,45.105613364014026,43.924947718880894,-1.180665645133132,1.180665645133132,DEFICIT_PRESSURE,18
6233.04,2026-06-26 16:00:00,51,41,45.966354066589176,45.49853279735297,-0.4678212692362038,0.4678212692362038,DEFICIT_PRESSURE,19
5763.03,2026-06-26 16:00:00,25,35,27.99633426834765,27.931475444309623,-0.06485882403802634,0.06485882403802634,DEFICIT_PRESSURE,20
5980.10,2026-06-26 17:00:00,58,14,55.782516456582634,11.033998792926774,-44.74851766365586,44.74851766365586,DEFICIT_PRESSURE,1
6822.09,2026-06-26 17:00:00,67,27,66.40891071428572,33.5355019859993,-32.87340872828642,32.87340872828642,DEFICIT_PRESSURE,2
6492.08,2026-06-26 17:00:00,93,38,55.58629197191698,38.60432670168949,-16.98196527022749,16.98196527022749,DEFICIT_PRESSURE,3
6173.08,2026-06-26 17:00:00,30,29,59.158918956043955,45.55415397882725,-13.604764977216703,13.604764977216703,DEFICIT_PRESSURE,4
6432.09,2026-06-26 17:00:00,65,34,47.76940262542513,35.90599997122799,-11.863402654197138,11.863402654197138,DEFICIT_PRESSURE,5
6072.06,2026-06-26 17:00:00,63,71,41.00881714624864,52.00702234804602,10.998205201797383,10.998205201797383,SURPLUS_PRESSURE,6
5905.14,2026-06-26 17:00:00,53,56,49.937335996615595,40.50030524273311,-9.437030753882482,9.437030753882482,DEFICIT_PRESSURE,7
6140.05,2026-06-26 17:00:00,71,61,59.84574654344654,51.20759583757746,-8.63815070586908,8.63815070586908,DEFICIT_PRESSURE,8
6726.01,2026-06-26 17:00:00,40,64,35.82482904984741,44.05581380997651,8.230984760129104,8.230984760129104,SURPLUS_PRESSURE,9
6912.01,2026-06-26 17:00:00,28,23,56.26559024191616,48.326561886393065,-7.939028355523092,7.939028355523092,DEFICIT_PRESSURE,10
6948.10,2026-06-26 17:00:00,49,48,45.34435439189902,39.46610208799956,-5.878252303899458,5.878252303899458,DEFICIT_PRESSURE,11
6459.07,2026-06-26 17:00:00,65,48,46.6840903179197,40.991979775364285,-5.692110542555412,5.692110542555412,DEFICIT_PRESSURE,12
5763.03,2026-06-26 17:00:00,43,56,35.103036876116924,39.183722424765115,4.080685548648191,4.080685548648191,SURPLUS_PRESSURE,13
6233.04,2026-06-26 17:00:00,48,59,50.46014212516844,46.891961859266424,-3.568180265902015,3.568180265902015,DEFICIT_PRESSURE,14
5905.12,2026-06-26 17:00:00,67,55,44.45386778314783,41.053057100148564,-3.400810682999264,3.400810682999264,DEFICIT_PRESSURE,15
6364.07,2026-06-26 17:00:00,38,48,44.57456240812801,41.21977721225383,-3.354785195874179,3.354785195874179,DEFICIT_PRESSURE,16
5374.01,2026-06-26 17:00:00,32,44,39.95855901671851,42.943378059787975,2.9848190430694643,2.9848190430694643,SURPLUS_PRESSURE,17
5492.05,2026-06-26 17:00:00,55,42,49.53153736186941,47.78776746558181,-1.7437698962876027,1.7437698962876027,DEFICIT_PRESSURE,18
6331.01,2026-06-26 17:00:00,44,62,53.06152784543423,51.42250029182913,-1.6390275536050964,1.6390275536050964,DEFICIT_PRESSURE,19
5712.03,2026-06-26 17:00:00,63,53,50.976594537815146,51.051943486617326,0.0753489488021799,0.0753489488021799,SURPLUS_PRESSURE,20
5980.10,2026-06-26 18:00:00,59,5,59.309707951770434,11.312212421881904,-47.99749552988853,47.99749552988853,DEFICIT_PRESSURE,1
6432.09,2026-06-26 18:00:00,50,35,60.837693516007285,32.85434795251205,-27.983345563495234,27.983345563495234,DEFICIT_PRESSURE,2
6822.09,2026-06-26 18:00:00,37,30,51.505567494663325,28.16155405039701,-23.344013444266313,23.344013444266313,DEFICIT_PRESSURE,3
6072.06,2026-06-26 18:00:00,73,90,48.0172016371073,65.67725656949689,17.660054932389592,17.660054932389592,SURPLUS_PRESSURE,4
5374.01,2026-06-26 18:00:00,39,48,38.2892891967901,52.692933609550884,14.403644412760784,14.403644412760784,SURPLUS_PRESSURE,5
6912.01,2026-06-26 18:00:00,44,45,48.516308943472005,34.21839533573755,-14.297913607734458,14.297913607734458,DEFICIT_PRESSURE,6
6492.08,2026-06-26 18:00:00,53,45,51.73527380952383,38.8293366756869,-12.905937133836929,12.905937133836929,DEFICIT_PRESSURE,7
6726.01,2026-06-26 18:00:00,60,43,45.370039404223235,53.67084061015374,8.300801205930505,8.300801205930505,SURPLUS_PRESSURE,8
5492.05,2026-06-26 18:00:00,67,62,52.0957907471643,44.183341113703584,-7.912449633460717,7.912449633460717,DEFICIT_PRESSURE,9
5712.03,2026-06-26 18:00:00,65,54,60.25460508241759,53.381269192609295,-6.8733358898082955,6.8733358898082955,DEFICIT_PRESSURE,10
6140.05,2026-06-26 18:00:00,99,79,56.7810564713065,51.030629205625225,-5.7504272656812745,5.7504272656812745,DEFICIT_PRESSURE,11
6459.07,2026-06-26 18:00:00,62,55,50.16526581649404,44.63334144337988,-5.531924373114165,5.531924373114165,DEFICIT_PRESSURE,12
6331.01,2026-06-26 18:00:00,41,38,48.68919258425047,53.63380782993139,4.944615245680922,4.944615245680922,SURPLUS_PRESSURE,13
5905.14,2026-06-26 18:00:00,76,46,50.93825476935345,47.029729148850336,-3.908525620503113,3.908525620503113,DEFICIT_PRESSURE,14
5763.03,2026-06-26 18:00:00,44,56,43.96324373218718,47.68987547332763,3.7266317411404515,3.7266317411404515,SURPLUS_PRESSURE,15
5905.12,2026-06-26 18:00:00,39,45,50.39001395453182,47.98346601377344,-2.4065479407583794,2.4065479407583794,DEFICIT_PRESSURE,16
6364.07,2026-06-26 18:00:00,49,55,46.65581007101333,44.77752124145156,-1.8782888295617681,1.8782888295617681,DEFICIT_PRESSURE,17
6173.08,2026-06-26 18:00:00,0,0,32.29038397817522,33.754767089632644,1.4643831114574226,1.4643831114574226,SURPLUS_PRESSURE,18
6948.10,2026-06-26 18:00:00,39,38,39.91537463659039,40.857468017024296,0.9420933804339029,0.9420933804339029,SURPLUS_PRESSURE,19
6233.04,2026-06-26 18:00:00,62,48,49.452361294450284,49.89897397292252,0.44661267847223485,0.44661267847223485,SURPLUS_PRESSURE,20
5980.10,2026-06-26 19:00:00,50,11,38.080240525954366,7.558691780971912,-30.521548744982454,30.521548744982454,DEFICIT_PRESSURE,1
6912.01,2026-06-26 19:00:00,41,45,38.24299246965756,51.44605577388296,13.203063304225402,13.203063304225402,SURPLUS_PRESSURE,2
6140.05,2026-06-26 19:00:00,57,45,52.0921785714286,39.835525113775105,-12.256653457653492,12.256653457653492,DEFICIT_PRESSURE,3
6072.06,2026-06-26 19:00:00,50,51,37.19024198925592,47.83524498650035,10.645002997244433,10.645002997244433,SURPLUS_PRESSURE,4
6822.09,2026-06-26 19:00:00,26,21,30.83593007947362,20.50153089296876,-10.33439918650486,10.33439918650486,DEFICIT_PRESSURE,5
5712.03,2026-06-26 19:00:00,46,37,45.42173674704924,35.96484896081218,-9.456887786237054,9.456887786237054,DEFICIT_PRESSURE,6
5492.05,2026-06-26 19:00:00,44,46,50.42786425764019,41.171899597115974,-9.255964660524214,9.255964660524214,DEFICIT_PRESSURE,7
6233.04,2026-06-26 19:00:00,42,36,45.5782248307248,36.69220707146508,-8.886017759259722,8.886017759259722,DEFICIT_PRESSURE,8
6173.08,2026-06-26 19:00:00,0,0,3.1966376705653015,11.70675665551696,8.510118984951658,8.510118984951658,SURPLUS_PRESSURE,9
6331.01,2026-06-26 19:00:00,28,31,38.78791354765015,30.710284327844533,-8.077629219805615,8.077629219805615,DEFICIT_PRESSURE,10
6432.09,2026-06-26 19:00:00,26,28,32.967840293056874,25.598545102278248,-7.369295190778626,7.369295190778626,DEFICIT_PRESSURE,11
5374.01,2026-06-26 19:00:00,33,36,32.91459968602722,39.60746389643388,6.692864210406654,6.692864210406654,SURPLUS_PRESSURE,12
5763.03,2026-06-26 19:00:00,56,56,34.770754320499506,37.565993613950745,2.795239293451239,2.795239293451239,SURPLUS_PRESSURE,13
5905.14,2026-06-26 19:00:00,41,45,38.76380898005687,36.43551462126336,-2.3282943587935137,2.3282943587935137,DEFICIT_PRESSURE,14
6948.10,2026-06-26 19:00:00,31,28,32.830649151146986,31.311141182944056,-1.5195079682029302,1.5195079682029302,DEFICIT_PRESSURE,15
6492.08,2026-06-26 19:00:00,31,28,31.86457337604862,30.397852046760196,-1.4667213292884256,1.4667213292884256,DEFICIT_PRESSURE,16
6726.01,2026-06-26 19:00:00,49,37,39.91953100131883,41.108139673099295,1.1886086717804645,1.1886086717804645,SURPLUS_PRESSURE,17
5905.12,2026-06-26 19:00:00,31,27,29.304199344682065,30.221631024286634,0.9174316796045687,0.9174316796045687,SURPLUS_PRESSURE,18
6364.07,2026-06-26 19:00:00,45,47,32.38921167989189,31.677125963496383,-0.7120857163955101,0.7120857163955101,DEFICIT_PRESSURE,19
6459.07,2026-06-26 19:00:00,47,76,33.20853142259204,33.318078159631824,0.10954673703978557,0.10954673703978557,SURPLUS_PRESSURE,20
5980.10,2026-06-26 20:00:00,30,4,34.01337856500776,9.779979600794386,-24.23339896421338,24.23339896421338,DEFICIT_PRESSURE,1
6140.05,2026-06-26 20:00:00,37,43,46.22372494019819,32.757941851528685,-13.465783088669504,13.465783088669504,DEFICIT_PRESSURE,2
6233.04,2026-06-26 20:00:00,26,24,44.88802200135402,33.46384015853066,-11.424181842823359,11.424181842823359,DEFICIT_PRESSURE,3
6459.07,2026-06-26 20:00:00,29,29,31.83618181550155,41.7406019228579,9.904420107356348,9.904420107356348,SURPLUS_PRESSURE,4
6173.08,2026-06-26 20:00:00,0,0,3.096887670565302,11.346038771521764,8.249151100956462,8.249151100956462,SURPLUS_PRESSURE,5
6912.01,2026-06-26 20:00:00,20,22,40.50239267257429,33.38698812043005,-7.115404552144241,7.115404552144241,DEFICIT_PRESSURE,6
5905.12,2026-06-26 20:00:00,33,29,28.311052144743577,21.98547901892584,-6.325573125817737,6.325573125817737,DEFICIT_PRESSURE,7
6492.08,2026-06-26 20:00:00,22,18,22.12028574278458,16.790478599302467,-5.329807143482114,5.329807143482114,DEFICIT_PRESSURE,8
6364.07,2026-06-26 20:00:00,39,36,35.737395993048686,31.512155599409038,-4.225240393639648,4.225240393639648,DEFICIT_PRESSURE,9
6948.10,2026-06-26 20:00:00,21,25,21.432205974933957,18.00655341099519,-3.425652563938769,3.425652563938769,DEFICIT_PRESSURE,10
5492.05,2026-06-26 20:00:00,34,37,34.19698280944222,37.61574714246252,3.418764333020299,3.418764333020299,SURPLUS_PRESSURE,11
5712.03,2026-06-26 20:00:00,43,36,33.4866530982129,30.30358643289097,-3.1830666653219275,3.1830666653219275,DEFICIT_PRESSURE,12
5763.03,2026-06-26 20:00:00,52,43,36.1155728498189,38.94361880001664,2.8280459501977333,2.8280459501977333,SURPLUS_PRESSURE,13
6822.09,2026-06-26 20:00:00,5,5,18.05146486531511,15.86264790895865,-2.1888169563564617,2.1888169563564617,DEFICIT_PRESSURE,14
6072.06,2026-06-26 20:00:00,54,51,33.52414386704287,35.539329498878736,2.0151856318358625,2.0151856318358625,SURPLUS_PRESSURE,15
6726.01,2026-06-26 20:00:00,35,23,32.45272313459291,30.832038935970154,-1.6206841986227545,1.6206841986227545,DEFICIT_PRESSURE,16
5374.01,2026-06-26 20:00:00,30,27,29.934111888929674,31.195708978589124,1.2615970896594497,1.2615970896594497,SURPLUS_PRESSURE,17
5905.14,2026-06-26 20:00:00,30,28,29.754585253669852,30.826121974303895,1.0715367206340431,1.0715367206340431,SURPLUS_PRESSURE,18
6331.01,2026-06-26 20:00:00,29,25,27.513459990281312,27.60909896247001,0.09563897218869855,0.09563897218869855,SURPLUS_PRESSURE,19
6432.09,2026-06-26 20:00:00,10,21,18.825373342183667,18.882762413020686,0.05738907083701861,0.05738907083701861,SURPLUS_PRESSURE,20
5980.10,2026-06-26 21:00:00,20,7,25.67913578368879,1.920730770672043,-23.758405013016745,23.758405013016745,DEFICIT_PRESSURE,1
6364.07,2026-06-26 21:00:00,30,35,38.749244544403204,26.682779089656005,-12.066465454747199,12.066465454747199,DEFICIT_PRESSURE,2
6233.04,2026-06-26 21:00:00,20,19,25.384228558256332,15.391389940294637,-9.992838617961695,9.992838617961695,DEFICIT_PRESSURE,3
6726.01,2026-06-26 21:00:00,18,20,23.63168164755528,32.60007729463464,8.968395647079358,8.968395647079358,SURPLUS_PRESSURE,4
6912.01,2026-06-26 21:00:00,13,7,17.612494285091508,26.543523061560265,8.931028776468757,8.931028776468757,SURPLUS_PRESSURE,5
5905.12,2026-06-26 21:00:00,24,28,21.420298720123377,17.06168444524175,-4.358614274881628,4.358614274881628,DEFICIT_PRESSURE,6
6331.01,2026-06-26 21:00:00,10,12,20.175565710362935,15.873079236124257,-4.302486474238679,4.302486474238679,DEFICIT_PRESSURE,7
6072.06,2026-06-26 21:00:00,57,47,30.496489193391263,34.58699418440122,4.090504991009958,4.090504991009958,SURPLUS_PRESSURE,8
5712.03,2026-06-26 21:00:00,29,22,27.195070949060515,23.262867054835787,-3.9322038942247275,3.9322038942247275,DEFICIT_PRESSURE,9
5763.03,2026-06-26 21:00:00,35,43,26.0013620852983,22.13676306526898,-3.8645990200293205,3.8645990200293205,DEFICIT_PRESSURE,10
5905.14,2026-06-26 21:00:00,23,28,22.610360246595977,19.407300602051897,-3.20305964454408,3.20305964454408,DEFICIT_PRESSURE,11
6459.07,2026-06-26 21:00:00,41,35,22.932573770696152,19.987407127508064,-2.945166643188088,2.945166643188088,DEFICIT_PRESSURE,12
6140.05,2026-06-26 21:00:00,23,18,22.50331986096221,19.68182744347251,-2.8214924174897007,2.8214924174897007,DEFICIT_PRESSURE,13
6822.09,2026-06-26 21:00:00,3,9,8.454361497510293,10.921259538120148,2.4668980406098555,2.4668980406098555,SURPLUS_PRESSURE,14
5374.01,2026-06-26 21:00:00,25,23,31.737381472207126,29.73250820036718,-2.0048732718399442,2.0048732718399442,DEFICIT_PRESSURE,15
6432.09,2026-06-26 21:00:00,21,18,13.942730999225343,12.177679920783442,-1.7650510784419016,1.7650510784419016,DEFICIT_PRESSURE,16
6492.08,2026-06-26 21:00:00,8,11,12.86465769470001,14.041770514991429,1.177112820291418,1.177112820291418,SURPLUS_PRESSURE,17
6948.10,2026-06-26 21:00:00,18,15,14.065663123747703,15.236532894057346,1.1708697703096433,1.1708697703096433,SURPLUS_PRESSURE,18
6173.08,2026-06-26 21:00:00,0,0,10.460868589743587,9.82898657277529,-0.6318820169682962,0.6318820169682962,DEFICIT_PRESSURE,19
5492.05,2026-06-26 21:00:00,21,28,21.78071056223695,21.517245466013623,-0.26346509622332803,0.26346509622332803,DEFICIT_PRESSURE,20
5980.10,2026-06-26 22:00:00,21,3,20.639911200018897,5.30771757757895,-15.332193622439947,15.332193622439947,DEFICIT_PRESSURE,1
5374.01,2026-06-26 22:00:00,33,35,26.464143336459106,15.747360153482946,-10.71678318297616,10.71678318297616,DEFICIT_PRESSURE,2
6912.01,2026-06-26 22:00:00,13,12,17.907637661914162,12.407394113933208,-5.500243547980954,5.500243547980954,DEFICIT_PRESSURE,3
6331.01,2026-06-26 22:00:00,22,14,17.32458186560115,13.463910105519476,-3.860671760081674,3.860671760081674,DEFICIT_PRESSURE,4
6726.01,2026-06-26 22:00:00,15,22,21.208131167717053,18.474832502205278,-2.733298665511775,2.733298665511775,DEFICIT_PRESSURE,5
6072.06,2026-06-26 22:00:00,45,28,32.607516903012474,29.909655404694796,-2.6978614983176783,2.6978614983176783,DEFICIT_PRESSURE,6
6173.08,2026-06-26 22:00:00,0,0,5.073224851217315,7.339178641459012,2.2659537902416966,2.2659537902416966,SURPLUS_PRESSURE,7
6492.08,2026-06-26 22:00:00,12,6,8.158583725145412,10.396823745474752,2.2382400203293393,2.2382400203293393,SURPLUS_PRESSURE,8
5905.14,2026-06-26 22:00:00,21,10,18.15314341648808,20.391087638971168,2.2379442224830868,2.2379442224830868,SURPLUS_PRESSURE,9
5492.05,2026-06-26 22:00:00,35,20,18.126284436949554,20.293526769901796,2.1672423329522417,2.1672423329522417,SURPLUS_PRESSURE,10
6822.09,2026-06-26 22:00:00,8,7,5.2553064248623444,7.231489771399236,1.9761833465368914,1.9761833465368914,SURPLUS_PRESSURE,11
6948.10,2026-06-26 22:00:00,5,9,10.38168732591902,8.780330064173274,-1.6013572617457452,1.6013572617457452,DEFICIT_PRESSURE,12
6233.04,2026-06-26 22:00:00,4,7,9.869488615648228,10.902642755704255,1.033154140056027,1.033154140056027,SURPLUS_PRESSURE,13
5905.12,2026-06-26 22:00:00,23,23,18.860054273147576,19.866482580379646,1.0064283072320706,1.0064283072320706,SURPLUS_PRESSURE,14
6364.07,2026-06-26 22:00:00,37,30,25.16770683280928,24.31804889816333,-0.8496579346459505,0.8496579346459505,DEFICIT_PRESSURE,15
6140.05,2026-06-26 22:00:00,21,20,14.083127534870194,14.679794772034077,0.5966672371638833,0.5966672371638833,SURPLUS_PRESSURE,16
6432.09,2026-06-26 22:00:00,20,10,11.48817996683279,11.921242668090406,0.43306270125761515,0.43306270125761515,SURPLUS_PRESSURE,17
5763.03,2026-06-26 22:00:00,53,34,31.389615917286143,31.069768536446293,-0.31984738083984965,0.31984738083984965,DEFICIT_PRESSURE,18
6459.07,2026-06-26 22:00:00,30,14,25.960184250395628,25.796350006306273,-0.16383424408935454,0.16383424408935454,DEFICIT_PRESSURE,19
5712.03,2026-06-26 22:00:00,22,24,19.203421469578828,19.111298911084827,-0.09212255849400108,0.09212255849400108,DEFICIT_PRESSURE,20
6331.01,2026-06-26 23:00:00,48,20,22.491525210400297,6.764410567907789,-15.72711464249251,15.72711464249251,DEFICIT_PRESSURE,1
6726.01,2026-06-26 23:00:00,10,23,8.867707275422031,18.453743891621993,9.586036616199962,9.586036616199962,SURPLUS_PRESSURE,2
6072.06,2026-06-26 23:00:00,32,28,28.205653136587888,19.593754119154845,-8.611899017433043,8.611899017433043,DEFICIT_PRESSURE,3
6432.09,2026-06-26 23:00:00,3,9,18.541506799741118,9.961474292586459,-8.580032507154659,8.580032507154659,DEFICIT_PRESSURE,4
6912.01,2026-06-26 23:00:00,5,6,18.039061647045745,9.796497385979958,-8.242564261065787,8.242564261065787,DEFICIT_PRESSURE,5
5980.10,2026-06-26 23:00:00,7,3,11.675638029220877,3.6535859298764906,-8.022052099344387,8.022052099344387,DEFICIT_PRESSURE,6
5763.03,2026-06-26 23:00:00,33,25,28.027818151872836,23.423689985843076,-4.60412816602976,4.60412816602976,DEFICIT_PRESSURE,7
5712.03,2026-06-26 23:00:00,16,28,25.214478542976543,21.42542468395137,-3.7890538590251737,3.7890538590251737,DEFICIT_PRESSURE,8
6140.05,2026-06-26 23:00:00,19,24,16.117032971520675,13.110889979252914,-3.006142992267762,3.006142992267762,DEFICIT_PRESSURE,9
6459.07,2026-06-26 23:00:00,20,15,16.516998688788398,13.536134321975917,-2.9808643668124812,2.9808643668124812,DEFICIT_PRESSURE,10
5492.05,2026-06-26 23:00:00,15,17,18.565925352508483,16.091033960681056,-2.474891391827427,2.474891391827427,DEFICIT_PRESSURE,11
6364.07,2026-06-26 23:00:00,47,19,21.027220438368364,19.173515913506716,-1.853704524861648,1.853704524861648,DEFICIT_PRESSURE,12
5905.14,2026-06-26 23:00:00,7,19,16.046285939868042,14.790349779186258,-1.2559361606817845,1.2559361606817845,DEFICIT_PRESSURE,13
6492.08,2026-06-26 23:00:00,7,9,10.141121796462217,9.081931531649532,-1.0591902648126847,1.0591902648126847,DEFICIT_PRESSURE,14
6948.10,2026-06-26 23:00:00,12,12,7.885902635452253,8.927239480881381,1.0413368454291279,1.0413368454291279,SURPLUS_PRESSURE,15
5374.01,2026-06-26 23:00:00,34,18,22.93134227673991,23.94542235854072,1.0140800818008096,1.0140800818008096,SURPLUS_PRESSURE,16
5905.12,2026-06-26 23:00:00,19,17,16.994595403924116,17.75436315103245,0.7597677471083344,0.7597677471083344,SURPLUS_PRESSURE,17
6173.08,2026-06-26 23:00:00,0,0,2.9035325006961465,3.153929000868082,0.25039650017193527,0.25039650017193527,SURPLUS_PRESSURE,18
6822.09,2026-06-26 23:00:00,6,13,6.3644248661661,6.49546766812383,0.13104280195772944,0.13104280195772944,SURPLUS_PRESSURE,19
6233.04,2026-06-26 23:00:00,6,3,4.9896940282579045,5.035406749933118,0.045712721675213785,0.045712721675213785,SURPLUS_PRESSURE,20
6331.01,2026-06-27 00:00:00,21,16,29.61142618087065,14.00214409059295,-15.609282090277702,15.609282090277702,DEFICIT_PRESSURE,1
5712.03,2026-06-27 00:00:00,20,29,11.953260179318972,26.446649698603718,14.493389519284746,14.493389519284746,SURPLUS_PRESSURE,2
6726.01,2026-06-27 00:00:00,8,16,7.394592926042964,16.043960150190262,8.649367224147298,8.649367224147298,SURPLUS_PRESSURE,3
6822.09,2026-06-27 00:00:00,6,12,3.10501871282929,11.081223230224882,7.976204517395592,7.976204517395592,SURPLUS_PRESSURE,4
6140.05,2026-06-27 00:00:00,7,11,18.878219720154185,26.810985798864372,7.932766078710188,7.932766078710188,SURPLUS_PRESSURE,5
5763.03,2026-06-27 00:00:00,35,24,30.97981797100557,23.35415004633593,-7.625667924669639,7.625667924669639,DEFICIT_PRESSURE,6
5905.14,2026-06-27 00:00:00,26,18,7.353698834808498,14.877114716922996,7.523415882114498,7.523415882114498,SURPLUS_PRESSURE,7
6459.07,2026-06-27 00:00:00,5,16,12.689953757162005,19.43814663329445,6.748192876132446,6.748192876132446,SURPLUS_PRESSURE,8
5905.12,2026-06-27 00:00:00,15,16,17.46617121024848,13.796854821981071,-3.669316388267408,3.669316388267408,DEFICIT_PRESSURE,9
5980.10,2026-06-27 00:00:00,10,2,6.7575007701910055,3.1933059303675635,-3.564194839823442,3.564194839823442,DEFICIT_PRESSURE,10
6364.07,2026-06-27 00:00:00,24,21,24.86455079106013,21.55020416934151,-3.31434662171862,3.31434662171862,DEFICIT_PRESSURE,11
6233.04,2026-06-27 00:00:00,7,7,4.4659781803595315,1.3961810805715675,-3.069797099787964,3.069797099787964,DEFICIT_PRESSURE,12
6432.09,2026-06-27 00:00:00,8,3,4.883189512529306,7.780734611036164,2.897545098506858,2.897545098506858,SURPLUS_PRESSURE,13
6492.08,2026-06-27 00:00:00,5,7,6.460817505032114,4.66844517706458,-1.7923723279675343,1.7923723279675343,DEFICIT_PRESSURE,14
5492.05,2026-06-27 00:00:00,12,9,20.03588470144941,18.40579222401068,-1.6300924774387333,1.6300924774387333,DEFICIT_PRESSURE,15
6072.06,2026-06-27 00:00:00,24,20,21.55943964844128,23.03712613341651,1.47768648497523,1.47768648497523,SURPLUS_PRESSURE,16
6173.08,2026-06-27 00:00:00,0,0,1.0828248758358485,2.3364185411373937,1.2535936653015451,1.2535936653015451,SURPLUS_PRESSURE,17
5374.01,2026-06-27 00:00:00,21,13,20.03764839636508,19.194321218671888,-0.8433271776931903,0.8433271776931903,DEFICIT_PRESSURE,18
6912.01,2026-06-27 00:00:00,4,3,3.627322309066605,4.293178419253142,0.6658561101865366,0.6658561101865366,SURPLUS_PRESSURE,19
6948.10,2026-06-27 00:00:00,8,5,7.591823115401219,7.429362512031532,-0.16246060336968693,0.16246060336968693,DEFICIT_PRESSURE,20
5763.03,2026-06-27 01:00:00,22,21,22.22440981065107,14.897427083249966,-7.326982727401106,7.326982727401106,DEFICIT_PRESSURE,1
5905.14,2026-06-27 01:00:00,11,7,15.895337836786293,10.187027795781448,-5.708310041004845,5.708310041004845,DEFICIT_PRESSURE,2
6459.07,2026-06-27 01:00:00,6,5,4.058426898994386,9.32318283595791,5.264755936963524,5.264755936963524,SURPLUS_PRESSURE,3
5374.01,2026-06-27 01:00:00,14,18,10.378820614799459,5.5771166331882736,-4.801703981611185,4.801703981611185,DEFICIT_PRESSURE,4
6364.07,2026-06-27 01:00:00,24,10,20.21303689042726,16.032260092221524,-4.180776798205738,4.180776798205738,DEFICIT_PRESSURE,5
6822.09,2026-06-27 01:00:00,1,3,3.185692028028626,7.231585891142844,4.045893863114218,4.045893863114218,SURPLUS_PRESSURE,6
6072.06,2026-06-27 01:00:00,24,13,15.704242729425939,11.813022039304293,-3.8912206901216457,3.8912206901216457,DEFICIT_PRESSURE,7
5492.05,2026-06-27 01:00:00,11,12,8.69772562242322,5.019409919270731,-3.6783157031524896,3.6783157031524896,DEFICIT_PRESSURE,8
6726.01,2026-06-27 01:00:00,5,14,5.476304479033757,9.146200357192045,3.6698958781582878,3.6698958781582878,SURPLUS_PRESSURE,9
5980.10,2026-06-27 01:00:00,11,4,6.146481026120983,2.6037851949002295,-3.5426958312207537,3.5426958312207537,DEFICIT_PRESSURE,10
5905.12,2026-06-27 01:00:00,10,8,9.960385910632604,6.8650071278409,-3.0953787827917045,3.0953787827917045,DEFICIT_PRESSURE,11
5712.03,2026-06-27 01:00:00,30,15,14.186390186211716,11.879772942248726,-2.3066172439629895,2.3066172439629895,DEFICIT_PRESSURE,12
6331.01,2026-06-27 01:00:00,12,4,10.61356083208941,8.712891959576782,-1.9006688725126288,1.9006688725126288,DEFICIT_PRESSURE,13
6140.05,2026-06-27 01:00:00,5,9,6.280355378760953,8.116873803911206,1.8365184251502527,1.8365184251502527,SURPLUS_PRESSURE,14
6432.09,2026-06-27 01:00:00,3,12,6.9998257696927535,5.412545809735559,-1.5872799599571943,1.5872799599571943,DEFICIT_PRESSURE,15
6173.08,2026-06-27 01:00:00,0,0,1.154086525802034,2.070555356442823,0.9164688306407889,0.9164688306407889,SURPLUS_PRESSURE,16
6912.01,2026-06-27 01:00:00,1,1,3.0686491110616148,2.2394493102638653,-0.8291998007977495,0.8291998007977495,DEFICIT_PRESSURE,17
6492.08,2026-06-27 01:00:00,5,10,2.372165409461362,3.135390748294008,0.7632253388326462,0.7632253388326462,SURPLUS_PRESSURE,18
6948.10,2026-06-27 01:00:00,5,4,4.194590395967597,3.948608123129729,-0.245982272837868,0.245982272837868,DEFICIT_PRESSURE,19
6233.04,2026-06-27 01:00:00,2,0,3.2400835504151986,3.194231354990501,-0.04585219542469776,0.04585219542469776,DEFICIT_PRESSURE,20
5980.10,2026-06-27 02:00:00,6,0,11.341172870320404,1.715481366642213,-9.62569150367819,9.62569150367819,DEFICIT_PRESSURE,1
5712.03,2026-06-27 02:00:00,25,14,15.422087858781165,8.53391354873795,-6.888174310043215,6.888174310043215,DEFICIT_PRESSURE,2
6331.01,2026-06-27 02:00:00,2,5,10.025849295998016,3.2739964753031745,-6.751852820694841,6.751852820694841,DEFICIT_PRESSURE,3
6364.07,2026-06-27 02:00:00,10,5,11.965918651901402,6.863091133730725,-5.1028275181706775,5.1028275181706775,DEFICIT_PRESSURE,4
6072.06,2026-06-27 02:00:00,15,5,14.042473888038275,9.109975623589065,-4.93249826444921,4.93249826444921,DEFICIT_PRESSURE,5
6726.01,2026-06-27 02:00:00,3,6,2.664713277133251,7.141785603355134,4.477072326221883,4.477072326221883,SURPLUS_PRESSURE,6
6432.09,2026-06-27 02:00:00,3,3,1.3233032737510582,4.541745810310612,3.2184425365595537,3.2184425365595537,SURPLUS_PRESSURE,7
6459.07,2026-06-27 02:00:00,5,5,5.918363965957853,2.974514958519623,-2.9438490074382297,2.9438490074382297,DEFICIT_PRESSURE,8
5492.05,2026-06-27 02:00:00,5,7,5.32222454786282,8.19371709649082,2.871492548628,2.871492548628,SURPLUS_PRESSURE,9
5374.01,2026-06-27 02:00:00,12,7,6.669097784358446,8.95308512461999,2.283987340261545,2.283987340261545,SURPLUS_PRESSURE,10
6492.08,2026-06-27 02:00:00,4,4,3.0541667166142936,5.172131201316014,2.1179644847017203,2.1179644847017203,SURPLUS_PRESSURE,11
5763.03,2026-06-27 02:00:00,19,13,12.495850981803981,13.995251405258522,1.4994004234545404,1.4994004234545404,SURPLUS_PRESSURE,12
5905.14,2026-06-27 02:00:00,2,9,5.855920818324133,4.413186344930242,-1.442734473393891,1.442734473393891,DEFICIT_PRESSURE,13
6822.09,2026-06-27 02:00:00,1,8,1.1964060174384445,2.160081120742802,0.9636751033043573,0.9636751033043573,SURPLUS_PRESSURE,14
5905.12,2026-06-27 02:00:00,7,8,5.753012959270527,4.986077628141853,-0.766935331128674,0.766935331128674,DEFICIT_PRESSURE,15
6948.10,2026-06-27 02:00:00,2,3,2.3297885818815063,1.5712694932370197,-0.7585190886444866,0.7585190886444866,DEFICIT_PRESSURE,16
6233.04,2026-06-27 02:00:00,0,0,1.2107969305738715,0.4683499295246517,-0.7424470010492198,0.7424470010492198,DEFICIT_PRESSURE,17
6140.05,2026-06-27 02:00:00,7,5,5.805113746977742,6.467587620733436,0.6624738737556939,0.6624738737556939,SURPLUS_PRESSURE,18
6912.01,2026-06-27 02:00:00,0,0,1.061015137463725,1.6381225785688667,0.5771074411051416,0.5771074411051416,SURPLUS_PRESSURE,19
6173.08,2026-06-27 02:00:00,0,0,1.0779414877112625,0.7327444394194409,-0.34519704829182163,0.34519704829182163,DEFICIT_PRESSURE,20
5763.03,2026-06-27 03:00:00,13,12,15.465088944243098,7.28038652411022,-8.184702420132878,8.184702420132878,DEFICIT_PRESSURE,1
6072.06,2026-06-27 03:00:00,9,6,10.958813292337208,2.827284911983042,-8.131528380354165,8.131528380354165,DEFICIT_PRESSURE,2
6364.07,2026-06-27 03:00:00,5,8,7.930244838269882,2.7070395730162278,-5.223205265253654,5.223205265253654,DEFICIT_PRESSURE,3
5374.01,2026-06-27 03:00:00,4,4,7.9577444915362605,3.9041015521920626,-4.053642939344198,4.053642939344198,DEFICIT_PRESSURE,4
6822.09,2026-06-27 03:00:00,1,2,1.751283981281613,5.776880769928352,4.025596788646739,4.025596788646739,SURPLUS_PRESSURE,5
5905.14,2026-06-27 03:00:00,2,2,3.022955207760106,6.873571987753655,3.850616779993549,3.850616779993549,SURPLUS_PRESSURE,6
5980.10,2026-06-27 03:00:00,7,1,3.3317651616414325,0.7917123277343783,-2.5400528339070543,2.5400528339070543,DEFICIT_PRESSURE,7
6726.01,2026-06-27 03:00:00,3,4,2.2464332982942183,4.773912768920337,2.527479470626119,2.527479470626119,SURPLUS_PRESSURE,8
5712.03,2026-06-27 03:00:00,3,2,8.781434681075082,6.463459362809265,-2.317975318265817,2.317975318265817,DEFICIT_PRESSURE,9
6492.08,2026-06-27 03:00:00,3,3,2.7899639315214517,1.4296684555305708,-1.360295475990881,1.360295475990881,DEFICIT_PRESSURE,10
5905.12,2026-06-27 03:00:00,4,3,3.0958384133354593,3.841659325330757,0.7458209119952977,0.7458209119952977,SURPLUS_PRESSURE,11
5492.05,2026-06-27 03:00:00,3,1,3.3744905853153955,3.8191013734228534,0.4446107881074579,0.4446107881074579,SURPLUS_PRESSURE,12
6140.05,2026-06-27 03:00:00,10,4,3.503941366829102,3.174136684584912,-0.3298046822441898,0.3298046822441898,DEFICIT_PRESSURE,13
6233.04,2026-06-27 03:00:00,0,0,0.6188704801965986,0.3289782276681168,-0.28989225252848183,0.28989225252848183,DEFICIT_PRESSURE,14
6432.09,2026-06-27 03:00:00,3,0,1.657588192432315,1.379175179455641,-0.278413012976674,0.278413012976674,DEFICIT_PRESSURE,15
6173.08,2026-06-27 03:00:00,0,0,1.0781985100212488,1.3045416454012075,0.22634313537995876,0.22634313537995876,SURPLUS_PRESSURE,16
6948.10,2026-06-27 03:00:00,1,3,1.097581761615122,1.3186171142572538,0.2210353526421318,0.2210353526421318,SURPLUS_PRESSURE,17
6459.07,2026-06-27 03:00:00,6,4,3.547920193272033,3.374879128511345,-0.17304106476068792,0.17304106476068792,DEFICIT_PRESSURE,18
6331.01,2026-06-27 03:00:00,4,3,2.1158672957414852,2.0294675996323783,-0.08639969610910692,0.08639969610910692,DEFICIT_PRESSURE,19
6912.01,2026-06-27 03:00:00,0,0,1.662738597683885,1.6232153633235165,-0.03952323436036864,0.03952323436036864,DEFICIT_PRESSURE,20
6140.05,2026-06-27 04:00:00,3,4,5.426724074879437,2.5035368784526004,-2.9231871964268366,2.9231871964268366,DEFICIT_PRESSURE,1
6072.06,2026-06-27 04:00:00,4,13,2.0007971409704606,4.4412924354797125,2.440495294509252,2.440495294509252,SURPLUS_PRESSURE,2
5980.10,2026-06-27 04:00:00,2,0,2.53344307814692,0.5552293309770265,-1.9782137471698937,1.9782137471698937,DEFICIT_PRESSURE,3
6364.07,2026-06-27 04:00:00,3,3,1.999704065106165,3.4721346722877997,1.4724306071816347,1.4724306071816347,SURPLUS_PRESSURE,4
6822.09,2026-06-27 04:00:00,0,1,0.6442952066160802,1.9247341674743021,1.280438960858222,1.280438960858222,SURPLUS_PRESSURE,5
5763.03,2026-06-27 04:00:00,7,5,4.455734729457043,3.237889248524495,-1.217845480932548,1.217845480932548,DEFICIT_PRESSURE,6
5374.01,2026-06-27 04:00:00,3,1,1.1030535389033742,1.9928262344642378,0.8897726955608636,0.8897726955608636,SURPLUS_PRESSURE,7
6726.01,2026-06-27 04:00:00,2,1,2.176809702548841,3.039922871812633,0.8631131692637921,0.8631131692637921,SURPLUS_PRESSURE,8
6912.01,2026-06-27 04:00:00,0,0,0.9325189700373404,1.7784081646074095,0.8458891945700691,0.8458891945700691,SURPLUS_PRESSURE,9
6331.01,2026-06-27 04:00:00,4,5,2.8767412157548566,2.2474833965515475,-0.6292578192033091,0.6292578192033091,DEFICIT_PRESSURE,10
6432.09,2026-06-27 04:00:00,0,1,0.9433813421483941,0.33699141854097425,-0.6063899236074198,0.6063899236074198,DEFICIT_PRESSURE,11
5712.03,2026-06-27 04:00:00,2,0,1.8306087584237316,1.2503776192662208,-0.5802311391575108,0.5802311391575108,DEFICIT_PRESSURE,12
5905.14,2026-06-27 04:00:00,2,2,2.024219508368283,1.6055976379058976,-0.4186218704623854,0.4186218704623854,DEFICIT_PRESSURE,13
6948.10,2026-06-27 04:00:00,1,1,0.9792773943451388,1.3871749244583775,0.4078975301132387,0.4078975301132387,SURPLUS_PRESSURE,14
6492.08,2026-06-27 04:00:00,1,1,1.2319901011701517,1.6180415073632712,0.3860514061931195,0.3860514061931195,SURPLUS_PRESSURE,15
6173.08,2026-06-27 04:00:00,0,0,0.8803969821595442,0.6297585105048045,-0.25063847165473974,0.25063847165473974,DEFICIT_PRESSURE,16
6459.07,2026-06-27 04:00:00,2,1,1.7959999911129356,1.9331720281995393,0.13717203708660364,0.13717203708660364,SURPLUS_PRESSURE,17
5492.05,2026-06-27 04:00:00,5,0,1.5570376756099182,1.6848078845581922,0.12777020894827396,0.12777020894827396,SURPLUS_PRESSURE,18
6233.04,2026-06-27 04:00:00,0,0,0.1150061352831291,0.1925277092291121,0.07752157394598301,0.07752157394598301,SURPLUS_PRESSURE,19
5905.12,2026-06-27 04:00:00,2,3,1.6646216940095722,1.6587467236844748,-0.005874970325097317,0.005874970325097317,DEFICIT_PRESSURE,20
6072.06,2026-06-27 05:00:00,3,2,2.213979995065402,8.704227710120122,6.4902477150547195,6.4902477150547195,SURPLUS_PRESSURE,1
6432.09,2026-06-27 05:00:00,0,2,1.084400515663225,4.570453929438753,3.486053413775528,3.486053413775528,SURPLUS_PRESSURE,2
6331.01,2026-06-27 05:00:00,10,4,3.798507449897084,6.326188428582428,2.5276809786853445,2.5276809786853445,SURPLUS_PRESSURE,3
6726.01,2026-06-27 05:00:00,0,1,3.4267337283713863,1.3589611763499299,-2.0677725520214567,2.0677725520214567,DEFICIT_PRESSURE,4
6822.09,2026-06-27 05:00:00,1,5,1.1478473828866207,2.7019576012721895,1.5541102183855688,1.5541102183855688,SURPLUS_PRESSURE,5
6492.08,2026-06-27 05:00:00,0,1,0.9237848235131334,2.409920053569653,1.4861352300565198,1.4861352300565198,SURPLUS_PRESSURE,6
5905.14,2026-06-27 05:00:00,1,1,3.833450775391262,2.6413462929001144,-1.1921044824911475,1.1921044824911475,DEFICIT_PRESSURE,7
5374.01,2026-06-27 05:00:00,1,2,1.1715863021228348,2.338856273640651,1.167269971517816,1.167269971517816,SURPLUS_PRESSURE,8
6140.05,2026-06-27 05:00:00,1,0,0.9340660019439915,1.9744829500774168,1.0404169481334253,1.0404169481334253,SURPLUS_PRESSURE,9
6948.10,2026-06-27 05:00:00,4,1,0.931578999371376,1.922425559776998,0.9908465604056219,0.9908465604056219,SURPLUS_PRESSURE,10
5763.03,2026-06-27 05:00:00,1,2,3.0203174164112894,2.02992188936899,-0.9903955270422995,0.9903955270422995,DEFICIT_PRESSURE,11
6173.08,2026-06-27 05:00:00,0,0,0.812143846063799,1.7424765581452213,0.9303327120814223,0.9303327120814223,SURPLUS_PRESSURE,12
6459.07,2026-06-27 05:00:00,2,2,2.2326581755493056,1.3387340980946312,-0.8939240774546744,0.8939240774546744,DEFICIT_PRESSURE,13
6912.01,2026-06-27 05:00:00,0,1,0.7178909356873246,1.5650221445440549,0.8471312088567302,0.8471312088567302,SURPLUS_PRESSURE,14
5492.05,2026-06-27 05:00:00,1,1,1.6733104558116587,0.8513246594549237,-0.821985796356735,0.821985796356735,DEFICIT_PRESSURE,15
6233.04,2026-06-27 05:00:00,1,0,0.07489693003701652,0.6370873446525096,0.5621904146154931,0.5621904146154931,SURPLUS_PRESSURE,16
5712.03,2026-06-27 05:00:00,0,0,1.579927359317716,2.0590493440725,0.47912198475478407,0.47912198475478407,SURPLUS_PRESSURE,17
5980.10,2026-06-27 05:00:00,0,0,1.1944321382619416,0.8755019780024527,-0.31893016025948895,0.31893016025948895,DEFICIT_PRESSURE,18
5905.12,2026-06-27 05:00:00,1,5,1.9475596252565848,1.683629175627236,-0.26393044962934886,0.26393044962934886,DEFICIT_PRESSURE,19
6364.07,2026-06-27 05:00:00,3,3,3.3519236133947596,3.281548299604911,-0.07037531378984863,0.07037531378984863,DEFICIT_PRESSURE,20
6822.09,2026-06-27 06:00:00,2,14,2.8910217344843017,12.951624654807608,10.060602920323307,10.060602920323307,SURPLUS_PRESSURE,1
6726.01,2026-06-27 06:00:00,9,1,8.355079478383992,2.3162216543647047,-6.038857824019287,6.038857824019287,DEFICIT_PRESSURE,2
6432.09,2026-06-27 06:00:00,8,8,4.3654666108775455,10.072199920898068,5.706733310020523,5.706733310020523,SURPLUS_PRESSURE,3
6331.01,2026-06-27 06:00:00,7,9,13.268603597287576,7.857315986506327,-5.411287610781249,5.411287610781249,DEFICIT_PRESSURE,4
5905.12,2026-06-27 06:00:00,6,7,3.462538079683506,8.106894855544452,4.644356775860945,4.644356775860945,SURPLUS_PRESSURE,5
6492.08,2026-06-27 06:00:00,1,2,0.9118119173973231,4.653217928127837,3.7414060107305143,3.7414060107305143,SURPLUS_PRESSURE,6
6948.10,2026-06-27 06:00:00,0,4,5.368247676654577,2.5343032115101782,-2.833944465144399,2.833944465144399,DEFICIT_PRESSURE,7
6173.08,2026-06-27 06:00:00,0,0,1.0549395660474938,3.6958449103053046,2.6409053442578108,2.6409053442578108,SURPLUS_PRESSURE,8
6912.01,2026-06-27 06:00:00,2,3,6.927724721040017,4.604798072862441,-2.3229266481775754,2.3229266481775754,DEFICIT_PRESSURE,9
5712.03,2026-06-27 06:00:00,6,7,2.1683765119709815,4.325141027712301,2.1567645157413198,2.1567645157413198,SURPLUS_PRESSURE,10
6233.04,2026-06-27 06:00:00,1,2,0.7762448580038204,2.6674655400357254,1.891220682031905,1.891220682031905,SURPLUS_PRESSURE,11
6140.05,2026-06-27 06:00:00,2,9,2.7575120180258015,4.251220012514372,1.4937079944885703,1.4937079944885703,SURPLUS_PRESSURE,12
5492.05,2026-06-27 06:00:00,1,4,2.6022254608430684,1.262025312557206,-1.3402001482858623,1.3402001482858623,DEFICIT_PRESSURE,13
6072.06,2026-06-27 06:00:00,3,2,4.135427301579308,5.437482886634602,1.3020555850552942,1.3020555850552942,SURPLUS_PRESSURE,14
5980.10,2026-06-27 06:00:00,1,0,2.076552238643496,0.8046504079795277,-1.2719018306639684,1.2719018306639684,DEFICIT_PRESSURE,15
5763.03,2026-06-27 06:00:00,2,7,2.794426006959853,3.7394314409107157,0.9450054339508625,0.9450054339508625,SURPLUS_PRESSURE,16
5905.14,2026-06-27 06:00:00,0,3,1.776001789932099,2.6910523494797305,0.9150505595476315,0.9150505595476315,SURPLUS_PRESSURE,17
5374.01,2026-06-27 06:00:00,5,4,3.6763763174280735,4.381500524792034,0.7051242073639603,0.7051242073639603,SURPLUS_PRESSURE,18
6459.07,2026-06-27 06:00:00,1,5,3.08509079649668,2.859479021040426,-0.22561177545625366,0.22561177545625366,DEFICIT_PRESSURE,19
6364.07,2026-06-27 06:00:00,2,6,4.92657143571027,5.131784190323057,0.20521275461278776,0.20521275461278776,SURPLUS_PRESSURE,20
6822.09,2026-06-27 07:00:00,11,23,8.913912850559644,21.40159840798609,12.487685557426445,12.487685557426445,SURPLUS_PRESSURE,1
6726.01,2026-06-27 07:00:00,19,11,17.827585173607773,5.999660579730781,-11.827924593876991,11.827924593876991,DEFICIT_PRESSURE,2
5763.03,2026-06-27 07:00:00,6,2,3.8131342091453617,11.432994406672616,7.619860197527254,7.619860197527254,SURPLUS_PRESSURE,3
6233.04,2026-06-27 07:00:00,4,12,2.415360733965853,9.648545095238427,7.233184361272574,7.233184361272574,SURPLUS_PRESSURE,4
6432.09,2026-06-27 07:00:00,9,19,10.368819961625766,17.249056800592385,6.880236838966619,6.880236838966619,SURPLUS_PRESSURE,5
6140.05,2026-06-27 07:00:00,9,13,5.0815253603244175,11.849497602698477,6.76797224237406,6.76797224237406,SURPLUS_PRESSURE,6
5712.03,2026-06-27 07:00:00,3,10,7.828876501797147,14.232706886635503,6.403830384838356,6.403830384838356,SURPLUS_PRESSURE,7
6331.01,2026-06-27 07:00:00,4,7,13.637901252732782,19.558736036057283,5.920834783324501,5.920834783324501,SURPLUS_PRESSURE,8
5980.10,2026-06-27 07:00:00,6,2,7.234339000776417,2.979595155723105,-4.254743845053312,4.254743845053312,DEFICIT_PRESSURE,9
6948.10,2026-06-27 07:00:00,3,24,3.253610440070686,7.375017928583585,4.121407488512899,4.121407488512899,SURPLUS_PRESSURE,10
5905.12,2026-06-27 07:00:00,8,9,7.526687785284902,11.061203591484547,3.5345158061996456,3.5345158061996456,SURPLUS_PRESSURE,11
5905.14,2026-06-27 07:00:00,5,6,3.470463910184895,6.811878870709737,3.341414960524842,3.341414960524842,SURPLUS_PRESSURE,12
6364.07,2026-06-27 07:00:00,7,9,4.263013272348555,7.172042005180949,2.909028732832394,2.909028732832394,SURPLUS_PRESSURE,13
5492.05,2026-06-27 07:00:00,0,7,2.4592874461552867,5.27627472719709,2.8169872810418033,2.8169872810418033,SURPLUS_PRESSURE,14
5374.01,2026-06-27 07:00:00,1,12,7.519669225692614,5.993742468128451,-1.5259267575641635,1.5259267575641635,DEFICIT_PRESSURE,15
6072.06,2026-06-27 07:00:00,8,7,6.7872828546233315,5.349302894267127,-1.4379799603562047,1.4379799603562047,DEFICIT_PRESSURE,16
6459.07,2026-06-27 07:00:00,11,3,6.1494892774048,6.878710946877837,0.7292216694730378,0.7292216694730378,SURPLUS_PRESSURE,17
6492.08,2026-06-27 07:00:00,3,6,4.246456684878133,4.826302562255343,0.5798458773772097,0.5798458773772097,SURPLUS_PRESSURE,18
6912.01,2026-06-27 07:00:00,6,11,7.888583466484484,8.296061514973033,0.4074780484885494,0.4074780484885494,SURPLUS_PRESSURE,19
6173.08,2026-06-27 07:00:00,0,0,5.121157783119471,5.316387988471458,0.19523020535198743,0.19523020535198743,SURPLUS_PRESSURE,20
6948.10,2026-06-27 08:00:00,9,17,8.771518147896469,27.88743142209226,19.11591327419579,19.11591327419579,SURPLUS_PRESSURE,1
6432.09,2026-06-27 08:00:00,7,24,9.119574334191002,22.88267095586491,13.763096621673908,13.763096621673908,SURPLUS_PRESSURE,2
6331.01,2026-06-27 08:00:00,13,16,9.960759100470852,22.50164617255505,12.540887072084196,12.540887072084196,SURPLUS_PRESSURE,3
6726.01,2026-06-27 08:00:00,18,8,26.335152166300414,15.152974911467698,-11.182177254832716,11.182177254832716,DEFICIT_PRESSURE,4
6912.01,2026-06-27 08:00:00,13,6,10.133352179753853,20.84437329747068,10.711021117716825,10.711021117716825,SURPLUS_PRESSURE,5
6822.09,2026-06-27 08:00:00,12,7,14.086375274575751,23.826469245936906,9.740093971361155,9.740093971361155,SURPLUS_PRESSURE,6
6233.04,2026-06-27 08:00:00,14,26,11.163521117207772,20.676994362216025,9.513473245008253,9.513473245008253,SURPLUS_PRESSURE,7
5712.03,2026-06-27 08:00:00,9,12,10.71551105772182,19.889815515026815,9.174304457304995,9.174304457304995,SURPLUS_PRESSURE,8
6459.07,2026-06-27 08:00:00,9,5,15.351989268265907,6.3365664465104805,-9.015422821755426,9.015422821755426,DEFICIT_PRESSURE,9
6173.08,2026-06-27 08:00:00,0,0,4.407547518448403,12.944297619047616,8.536750100599212,8.536750100599212,SURPLUS_PRESSURE,10
6140.05,2026-06-27 08:00:00,24,26,11.582338858724663,19.016347459757213,7.43400860103255,7.43400860103255,SURPLUS_PRESSURE,11
5492.05,2026-06-27 08:00:00,6,10,4.874964540993198,12.07058021073369,7.195615669740492,7.195615669740492,SURPLUS_PRESSURE,12
5763.03,2026-06-27 08:00:00,11,8,11.90295040717287,6.780481121124525,-5.122469286048346,5.122469286048346,DEFICIT_PRESSURE,13
5374.01,2026-06-27 08:00:00,5,5,9.618242495192394,14.228444546754865,4.610202051562471,4.610202051562471,SURPLUS_PRESSURE,14
5980.10,2026-06-27 08:00:00,14,8,10.80133503840799,6.557182954569446,-4.244152083838544,4.244152083838544,DEFICIT_PRESSURE,15
5905.12,2026-06-27 08:00:00,8,8,10.425396811197817,13.80993983547606,3.3845430242782424,3.3845430242782424,SURPLUS_PRESSURE,16
6364.07,2026-06-27 08:00:00,6,14,10.500086178933573,12.873375321687536,2.373289142753963,2.373289142753963,SURPLUS_PRESSURE,17
5905.14,2026-06-27 08:00:00,10,17,10.846209342169798,9.637700849517072,-1.2085084926527259,1.2085084926527259,DEFICIT_PRESSURE,18
6072.06,2026-06-27 08:00:00,11,18,10.263379117154258,11.363909868504273,1.1005307513500142,1.1005307513500142,SURPLUS_PRESSURE,19
6492.08,2026-06-27 08:00:00,8,15,9.710021730331443,9.425758499042358,-0.28426323128908493,0.28426323128908493,DEFICIT_PRESSURE,20
6233.04,2026-06-27 09:00:00,18,26,19.997048963213402,32.49831028308561,12.501261319872206,12.501261319872206,SURPLUS_PRESSURE,1
5980.10,2026-06-27 09:00:00,24,5,22.828254190543237,10.695085775845152,-12.133168414698085,12.133168414698085,DEFICIT_PRESSURE,2
6432.09,2026-06-27 09:00:00,14,23,12.840445908186693,24.100724700819928,11.260278792633235,11.260278792633235,SURPLUS_PRESSURE,3
6726.01,2026-06-27 09:00:00,25,13,24.43409517865738,15.414374319056995,-9.019720859600385,9.019720859600385,DEFICIT_PRESSURE,4
6173.08,2026-06-27 09:00:00,0,0,3.954009781806485,12.219346817596819,8.265337035790333,8.265337035790333,SURPLUS_PRESSURE,5
5905.14,2026-06-27 09:00:00,21,27,17.18708566323409,25.43315140086038,8.246065737626289,8.246065737626289,SURPLUS_PRESSURE,6
6459.07,2026-06-27 09:00:00,15,14,20.163205745683683,13.198908692517152,-6.964297053166531,6.964297053166531,DEFICIT_PRESSURE,7
6331.01,2026-06-27 09:00:00,4,36,14.917914962024268,21.168513184991767,6.250598222967499,6.250598222967499,SURPLUS_PRESSURE,8
6492.08,2026-06-27 09:00:00,10,14,16.848433133541484,22.695816747482862,5.847383613941378,5.847383613941378,SURPLUS_PRESSURE,9
6072.06,2026-06-27 09:00:00,21,26,18.503254090109838,23.525747942696388,5.02249385258655,5.02249385258655,SURPLUS_PRESSURE,10
5492.05,2026-06-27 09:00:00,9,25,11.755147149050936,16.103719590662877,4.348572441611941,4.348572441611941,SURPLUS_PRESSURE,11
5712.03,2026-06-27 09:00:00,13,24,12.515672572871308,16.820878178576685,4.3052056057053765,4.3052056057053765,SURPLUS_PRESSURE,12
6140.05,2026-06-27 09:00:00,32,38,28.39211643142625,31.95759469902038,3.5654782675941306,3.5654782675941306,SURPLUS_PRESSURE,13
5905.12,2026-06-27 09:00:00,7,22,14.698723192386595,18.024021330723258,3.325298138336663,3.325298138336663,SURPLUS_PRESSURE,14
6364.07,2026-06-27 09:00:00,13,29,13.497431013457696,16.28971445220767,2.7922834387499726,2.7922834387499726,SURPLUS_PRESSURE,15
6948.10,2026-06-27 09:00:00,26,21,15.645807143830156,18.102245463650117,2.456438319819961,2.456438319819961,SURPLUS_PRESSURE,16
6822.09,2026-06-27 09:00:00,15,9,14.698205376421386,12.417755991341492,-2.280449385079894,2.280449385079894,DEFICIT_PRESSURE,17
6912.01,2026-06-27 09:00:00,9,20,15.932795610998902,14.393455327080321,-1.5393402839185804,1.5393402839185804,DEFICIT_PRESSURE,18
5763.03,2026-06-27 09:00:00,11,13,14.35683741546081,13.469749325893238,-0.8870880895675715,0.8870880895675715,DEFICIT_PRESSURE,19
5374.01,2026-06-27 09:00:00,20,19,9.883226619618519,9.89324470328969,0.010018083671171851,0.010018083671171851,SURPLUS_PRESSURE,20
5980.10,2026-06-27 10:00:00,30,5,27.584750881251992,6.234754607891095,-21.349996273360897,21.349996273360897,DEFICIT_PRESSURE,1
6331.01,2026-06-27 10:00:00,28,29,8.240132580445085,24.17223026865586,15.932097688210774,15.932097688210774,SURPLUS_PRESSURE,2
5905.12,2026-06-27 10:00:00,20,32,13.635221715325144,28.503980624095185,14.86875890877004,14.86875890877004,SURPLUS_PRESSURE,3
6912.01,2026-06-27 10:00:00,24,40,15.081741225790212,28.752685995194987,13.670944769404775,13.670944769404775,SURPLUS_PRESSURE,4
6364.07,2026-06-27 10:00:00,23,26,15.379060165680444,24.835214327453908,9.456154161773464,9.456154161773464,SURPLUS_PRESSURE,5
5905.14,2026-06-27 10:00:00,37,27,25.63561170158929,33.860911274659564,8.225299573070274,8.225299573070274,SURPLUS_PRESSURE,6
5492.05,2026-06-27 10:00:00,12,10,17.315939984368573,24.70679945607874,7.3908594717101685,7.3908594717101685,SURPLUS_PRESSURE,7
6432.09,2026-06-27 10:00:00,21,20,15.147096480804523,20.83356275246665,5.686466271662129,5.686466271662129,SURPLUS_PRESSURE,8
6948.10,2026-06-27 10:00:00,48,19,18.884328274212674,24.519602309779653,5.6352740355669795,5.6352740355669795,SURPLUS_PRESSURE,9
6492.08,2026-06-27 10:00:00,13,21,12.734957905933545,18.018138480570165,5.283180574636621,5.283180574636621,SURPLUS_PRESSURE,10
6822.09,2026-06-27 10:00:00,14,16,15.34963241551665,10.62312287381623,-4.72650954170042,4.72650954170042,DEFICIT_PRESSURE,11
6140.05,2026-06-27 10:00:00,33,49,32.013937512680236,35.68812450474751,3.674186992067277,3.674186992067277,SURPLUS_PRESSURE,12
6072.06,2026-06-27 10:00:00,31,47,26.222271358550177,29.709283030554097,3.48701167200392,3.48701167200392,SURPLUS_PRESSURE,13
6459.07,2026-06-27 10:00:00,16,27,17.066066807530948,13.830674463471713,-3.2353923440592354,3.2353923440592354,DEFICIT_PRESSURE,14
6726.01,2026-06-27 10:00:00,31,19,22.5349190931648,19.802302445092206,-2.732616648072593,2.732616648072593,DEFICIT_PRESSURE,15
5763.03,2026-06-27 10:00:00,30,40,18.87270692174449,16.221186329170195,-2.651520592574297,2.651520592574297,DEFICIT_PRESSURE,16
6233.04,2026-06-27 10:00:00,44,37,23.748051502241342,25.924391828901747,2.176340326660405,2.176340326660405,SURPLUS_PRESSURE,17
5374.01,2026-06-27 10:00:00,21,23,21.405550472717433,23.18797897157653,1.7824284988590975,1.7824284988590975,SURPLUS_PRESSURE,18
5712.03,2026-06-27 10:00:00,23,31,23.557312558535344,25.142463204796826,1.5851506462614822,1.5851506462614822,SURPLUS_PRESSURE,19
6173.08,2026-06-27 10:00:00,0,0,2.646064062668155,3.769141190406493,1.123077127738338,1.123077127738338,SURPLUS_PRESSURE,20
5980.10,2026-06-27 11:00:00,35,9,38.11697524731257,5.029200683467768,-33.087774563844796,33.087774563844796,DEFICIT_PRESSURE,1
6948.10,2026-06-27 11:00:00,12,27,42.338066902851864,21.564630862851068,-20.773436040000796,20.773436040000796,DEFICIT_PRESSURE,2
6912.01,2026-06-27 11:00:00,14,25,29.407197568644914,47.327883702218294,17.92068613357338,17.92068613357338,SURPLUS_PRESSURE,3
5763.03,2026-06-27 11:00:00,22,29,21.02348719555172,38.638217706200415,17.614730510648695,17.614730510648695,SURPLUS_PRESSURE,4
5905.12,2026-06-27 11:00:00,39,34,24.433206189759776,35.303736629864126,10.87053044010435,10.87053044010435,SURPLUS_PRESSURE,5
6364.07,2026-06-27 11:00:00,17,35,27.052884974496372,33.638472512658915,6.585587538162542,6.585587538162542,SURPLUS_PRESSURE,6
6072.06,2026-06-27 11:00:00,30,39,33.338208985140824,38.15918100272744,4.8209720175866195,4.8209720175866195,SURPLUS_PRESSURE,7
6492.08,2026-06-27 11:00:00,13,17,16.424970081785663,20.195016593689523,3.7700465119038604,3.7700465119038604,SURPLUS_PRESSURE,8
6432.09,2026-06-27 11:00:00,7,18,14.808995074808898,17.674568445583034,2.865573370774136,2.865573370774136,SURPLUS_PRESSURE,9
5712.03,2026-06-27 11:00:00,25,32,27.658382015508845,30.403664107689114,2.7452820921802683,2.7452820921802683,SURPLUS_PRESSURE,10
5492.05,2026-06-27 11:00:00,19,23,20.52316337169645,18.021133721592552,-2.5020296501039,2.5020296501039,DEFICIT_PRESSURE,11
6459.07,2026-06-27 11:00:00,20,15,22.056835132692058,24.484380803482864,2.4275456707908063,2.4275456707908063,SURPLUS_PRESSURE,12
6140.05,2026-06-27 11:00:00,42,46,33.09705923075525,35.203553045618364,2.1064938148631143,2.1064938148631143,SURPLUS_PRESSURE,13
5374.01,2026-06-27 11:00:00,15,24,23.37098192818727,25.351228688072197,1.9802467598849276,1.9802467598849276,SURPLUS_PRESSURE,14
6233.04,2026-06-27 11:00:00,38,49,35.230181002912566,33.830331401986314,-1.3998496009262524,1.3998496009262524,DEFICIT_PRESSURE,15
6331.01,2026-06-27 11:00:00,9,23,24.876572259360355,23.517559121540053,-1.3590131378203019,1.3590131378203019,DEFICIT_PRESSURE,16
5905.14,2026-06-27 11:00:00,35,29,34.15940931398134,34.88294152177393,0.7235322077925872,0.7235322077925872,SURPLUS_PRESSURE,17
6173.08,2026-06-27 11:00:00,0,0,2.2074729763507865,2.604158432973079,0.3966854566222926,0.3966854566222926,SURPLUS_PRESSURE,18
6726.01,2026-06-27 11:00:00,23,25,24.649673946048534,24.974512348732727,0.3248384026841933,0.3248384026841933,SURPLUS_PRESSURE,19
6822.09,2026-06-27 11:00:00,14,10,16.91502160496975,17.063817871374404,0.1487962664046556,0.1487962664046556,SURPLUS_PRESSURE,20
5980.10,2026-06-27 12:00:00,35,8,40.55652677221072,10.536789719606514,-30.019737052604203,30.019737052604203,DEFICIT_PRESSURE,1
6912.01,2026-06-27 12:00:00,34,21,16.878804686064562,38.7771455623723,21.898340876307735,21.898340876307735,SURPLUS_PRESSURE,2
6948.10,2026-06-27 12:00:00,28,20,17.19713870497276,33.283497153625625,16.086358448652863,16.086358448652863,SURPLUS_PRESSURE,3
6233.04,2026-06-27 12:00:00,39,43,37.839058149592745,48.94978894836098,11.110730798768238,11.110730798768238,SURPLUS_PRESSURE,4
5374.01,2026-06-27 12:00:00,28,22,16.993643885519294,27.791908402588565,10.79826451706927,10.79826451706927,SURPLUS_PRESSURE,5
6364.07,2026-06-27 12:00:00,19,24,21.704323941638886,32.482953441226954,10.778629499588067,10.778629499588067,SURPLUS_PRESSURE,6
6331.01,2026-06-27 12:00:00,20,22,14.786695977104124,24.730747621559775,9.944051644455651,9.944051644455651,SURPLUS_PRESSURE,7
6432.09,2026-06-27 12:00:00,8,16,12.890091308548067,21.298568725162305,8.408477416614238,8.408477416614238,SURPLUS_PRESSURE,8
6072.06,2026-06-27 12:00:00,35,42,30.994999058980866,34.93267349866363,3.937674439682766,3.937674439682766,SURPLUS_PRESSURE,9
5712.03,2026-06-27 12:00:00,35,21,27.88588949055768,31.629419020480423,3.7435295299227427,3.7435295299227427,SURPLUS_PRESSURE,10
6492.08,2026-06-27 12:00:00,9,13,19.9967306602973,17.43435918463676,-2.5623714756605374,2.5623714756605374,DEFICIT_PRESSURE,11
6459.07,2026-06-27 12:00:00,23,18,23.159894547143352,20.644368123568775,-2.5155264235745776,2.5155264235745776,DEFICIT_PRESSURE,12
6726.01,2026-06-27 12:00:00,23,27,26.801707569259115,29.10044454690408,2.298736977644964,2.298736977644964,SURPLUS_PRESSURE,13
5905.12,2026-06-27 12:00:00,28,19,37.36197850353084,35.4376068066337,-1.9243716968971398,1.9243716968971398,DEFICIT_PRESSURE,14
5905.14,2026-06-27 12:00:00,25,33,36.135109161016544,34.38726986485782,-1.7478392961587232,1.7478392961587232,DEFICIT_PRESSURE,15
6822.09,2026-06-27 12:00:00,15,10,16.60751026051193,15.083012220648204,-1.524498039863726,1.524498039863726,DEFICIT_PRESSURE,16
5492.05,2026-06-27 12:00:00,26,26,28.20295970677012,26.734870265724126,-1.4680894410459935,1.4680894410459935,DEFICIT_PRESSURE,17
6140.05,2026-06-27 12:00:00,34,41,36.95426188834182,35.5656419758395,-1.388619912502321,1.388619912502321,DEFICIT_PRESSURE,18
5763.03,2026-06-27 12:00:00,24,30,28.10039548615646,29.448157570700594,1.347762084544133,1.347762084544133,SURPLUS_PRESSURE,19
6173.08,2026-06-27 12:00:00,0,0,2.8820066310887973,2.2265399111087594,-0.6554667199800379,0.6554667199800379,DEFICIT_PRESSURE,20
5980.10,2026-06-27 13:00:00,40,9,36.43956526037677,9.319554632506499,-27.12001062787027,27.12001062787027,DEFICIT_PRESSURE,1
6948.10,2026-06-27 13:00:00,25,33,43.738383380698,27.949011168663006,-15.78937221203499,15.78937221203499,DEFICIT_PRESSURE,2
6912.01,2026-06-27 13:00:00,25,31,39.93758197247789,24.23862026235007,-15.698961710127822,15.698961710127822,DEFICIT_PRESSURE,3
5905.12,2026-06-27 13:00:00,31,35,34.70659760841353,26.096008746651094,-8.610588861762437,8.610588861762437,DEFICIT_PRESSURE,4
6233.04,2026-06-27 13:00:00,46,46,45.5388178590417,53.268527812894845,7.7297099538531455,7.7297099538531455,SURPLUS_PRESSURE,5
6822.09,2026-06-27 13:00:00,12,13,17.060182150953608,12.259179782125004,-4.801002368828604,4.801002368828604,DEFICIT_PRESSURE,6
5712.03,2026-06-27 13:00:00,23,40,33.770895986063074,29.036493837748257,-4.7344021483148175,4.7344021483148175,DEFICIT_PRESSURE,7
6459.07,2026-06-27 13:00:00,12,24,24.505362219054014,20.077517714033583,-4.427844505020431,4.427844505020431,DEFICIT_PRESSURE,8
6072.06,2026-06-27 13:00:00,17,33,34.992505272663806,39.08902442018441,4.096519147520603,4.096519147520603,SURPLUS_PRESSURE,9
6432.09,2026-06-27 13:00:00,20,19,13.759920345342168,17.793679073474674,4.033758728132506,4.033758728132506,SURPLUS_PRESSURE,10
5905.14,2026-06-27 13:00:00,38,36,28.717507889022997,32.331286732289904,3.613778843266907,3.613778843266907,SURPLUS_PRESSURE,11
6726.01,2026-06-27 13:00:00,20,16,28.503068576581896,31.837537107028393,3.3344685304464967,3.3344685304464967,SURPLUS_PRESSURE,12
5374.01,2026-06-27 13:00:00,26,33,30.742240124302167,27.682272060102633,-3.059968064199534,3.059968064199534,DEFICIT_PRESSURE,13
5763.03,2026-06-27 13:00:00,39,46,28.64990989926991,31.703672089736934,3.0537621904670225,3.0537621904670225,SURPLUS_PRESSURE,14
6331.01,2026-06-27 13:00:00,15,35,25.90247444070728,23.17284822834288,-2.7296262123644013,2.7296262123644013,DEFICIT_PRESSURE,15
6364.07,2026-06-27 13:00:00,22,24,24.63128692420391,26.60819238580169,1.9769054615977808,1.9769054615977808,SURPLUS_PRESSURE,16
6173.08,2026-06-27 13:00:00,0,0,4.141765856630251,2.229478429969704,-1.9122874266605465,1.9122874266605465,DEFICIT_PRESSURE,17
5492.05,2026-06-27 13:00:00,39,35,35.436349097794874,33.662351070407674,-1.7739980273872007,1.7739980273872007,DEFICIT_PRESSURE,18
6492.08,2026-06-27 13:00:00,22,20,15.109213118170738,14.617025494413058,-0.49218762375767966,0.49218762375767966,DEFICIT_PRESSURE,19
6140.05,2026-06-27 13:00:00,41,52,36.728902425562985,36.36052611308161,-0.3683763124813737,0.3683763124813737,DEFICIT_PRESSURE,20
5980.10,2026-06-27 14:00:00,29,2,40.18583498908933,8.396923350172308,-31.78891163891702,31.78891163891702,DEFICIT_PRESSURE,1
6948.10,2026-06-27 14:00:00,6,8,25.680635699847326,42.272466369736286,16.59183066988896,16.59183066988896,SURPLUS_PRESSURE,2
6072.06,2026-06-27 14:00:00,22,13,18.53816599324061,33.91705196267299,15.378885969432382,15.378885969432382,SURPLUS_PRESSURE,3
6726.01,2026-06-27 14:00:00,12,16,32.88717389060768,18.727413483466407,-14.15976040714127,14.15976040714127,DEFICIT_PRESSURE,4
6912.01,2026-06-27 14:00:00,4,19,34.936288699943844,48.80920558674565,13.872916886801804,13.872916886801804,SURPLUS_PRESSURE,5
6331.01,2026-06-27 14:00:00,8,23,19.96080581314062,33.32516907341387,13.364363260273247,13.364363260273247,SURPLUS_PRESSURE,6
6459.07,2026-06-27 14:00:00,11,12,20.741588353698106,29.85905939073816,9.117471037040055,9.117471037040055,SURPLUS_PRESSURE,7
5374.01,2026-06-27 14:00:00,17,20,29.570451533133582,38.47483002727527,8.904378494141685,8.904378494141685,SURPLUS_PRESSURE,8
5492.05,2026-06-27 14:00:00,15,14,40.5948496100583,34.54510222943473,-6.049747380623565,6.049747380623565,DEFICIT_PRESSURE,9
5905.12,2026-06-27 14:00:00,14,22,39.248110959428665,33.81520208457914,-5.432908874849524,5.432908874849524,DEFICIT_PRESSURE,10
6364.07,2026-06-27 14:00:00,9,9,28.75392875428442,33.35046673014338,4.596537975858961,4.596537975858961,SURPLUS_PRESSURE,11
6492.08,2026-06-27 14:00:00,8,13,24.464209143041707,19.998012343263,-4.466196799778707,4.466196799778707,DEFICIT_PRESSURE,12
6173.08,2026-06-27 14:00:00,0,0,4.381915616246499,1.4337102964867126,-2.948205319759787,2.948205319759787,DEFICIT_PRESSURE,13
5905.14,2026-06-27 14:00:00,14,27,36.38796087126373,33.530240015173284,-2.8577208560904452,2.8577208560904452,DEFICIT_PRESSURE,14
5763.03,2026-06-27 14:00:00,10,22,36.619091749037004,39.3109993167624,2.6919075677253943,2.6919075677253943,SURPLUS_PRESSURE,15
5712.03,2026-06-27 14:00:00,14,28,30.388520868500123,32.59965395141618,2.2111330829160565,2.2111330829160565,SURPLUS_PRESSURE,16
6432.09,2026-06-27 14:00:00,8,5,21.16622125060235,19.317640461097756,-1.8485807895045951,1.8485807895045951,DEFICIT_PRESSURE,17
6233.04,2026-06-27 14:00:00,20,20,49.05765528026415,47.223298269998104,-1.8343570102660465,1.8343570102660465,DEFICIT_PRESSURE,18
6140.05,2026-06-27 14:00:00,34,29,37.6330573851596,38.794644542715425,1.1615871575558216,1.1615871575558216,SURPLUS_PRESSURE,19
6822.09,2026-06-27 14:00:00,9,3,15.42280992558171,15.95224448092244,0.52943455534073,0.52943455534073,SURPLUS_PRESSURE,20
5980.10,2026-06-27 15:00:00,17,7,42.23237454409743,4.179778777647143,-38.05259576645029,38.05259576645029,DEFICIT_PRESSURE,1
6912.01,2026-06-27 15:00:00,5,4,6.8712486815787885,34.72129761904763,27.850048937468845,27.850048937468845,SURPLUS_PRESSURE,2
6233.04,2026-06-27 15:00:00,20,16,25.61645833333333,43.84330507457367,18.22684674124034,18.22684674124034,SURPLUS_PRESSURE,3
6331.01,2026-06-27 15:00:00,8,19,13.664941892156971,31.389156144636676,17.724214252479705,17.724214252479705,SURPLUS_PRESSURE,4
5905.14,2026-06-27 15:00:00,20,15,16.609042493142855,33.25544278330099,16.646400290158137,16.646400290158137,SURPLUS_PRESSURE,5
5763.03,2026-06-27 15:00:00,18,21,18.321310594768136,34.20575961986273,15.884449025094597,15.884449025094597,SURPLUS_PRESSURE,6
5905.12,2026-06-27 15:00:00,22,18,15.825604439767298,29.49605546432947,13.67045102456217,13.67045102456217,SURPLUS_PRESSURE,7
6948.10,2026-06-27 15:00:00,7,14,7.756795636352767,20.30053174603175,12.543736109678985,12.543736109678985,SURPLUS_PRESSURE,8
6072.06,2026-06-27 15:00:00,20,12,31.90645706422141,20.722957712983057,-11.183499351238353,11.183499351238353,DEFICIT_PRESSURE,9
5374.01,2026-06-27 15:00:00,21,17,17.868474630724332,27.819032554300293,9.95055792357596,9.95055792357596,SURPLUS_PRESSURE,10
5712.03,2026-06-27 15:00:00,17,8,20.44717158856866,28.060848901148223,7.613677312579561,7.613677312579561,SURPLUS_PRESSURE,11
6822.09,2026-06-27 15:00:00,7,4,12.917826855821982,5.321222994744426,-7.596603861077556,7.596603861077556,DEFICIT_PRESSURE,12
5492.05,2026-06-27 15:00:00,17,14,13.64511726334958,18.800085877586206,5.154968614236626,5.154968614236626,SURPLUS_PRESSURE,13
6726.01,2026-06-27 15:00:00,12,16,14.397383765556462,18.690633900860757,4.2932501353042944,4.2932501353042944,SURPLUS_PRESSURE,14
6432.09,2026-06-27 15:00:00,5,9,11.90979628791747,7.813468239683275,-4.096328048234194,4.096328048234194,DEFICIT_PRESSURE,15
6364.07,2026-06-27 15:00:00,11,9,20.033083134615367,16.011068886613568,-4.022014248001799,4.022014248001799,DEFICIT_PRESSURE,16
6492.08,2026-06-27 15:00:00,5,5,12.663292161999248,15.746070407674148,3.0827782456749,3.0827782456749,SURPLUS_PRESSURE,17
6459.07,2026-06-27 15:00:00,21,8,16.389010736213173,18.97740381543766,2.5883930792244882,2.5883930792244882,SURPLUS_PRESSURE,18
6173.08,2026-06-27 15:00:00,0,0,2.8867236449763545,1.5922585355318721,-1.2944651094444823,1.2944651094444823,DEFICIT_PRESSURE,19
6140.05,2026-06-27 15:00:00,16,18,34.40261218387128,35.33325176221033,0.9306395783390542,0.9306395783390542,SURPLUS_PRESSURE,20
6140.05,2026-06-27 16:00:00,35,26,16.305221908939004,33.711740584916555,17.40651867597755,17.40651867597755,SURPLUS_PRESSURE,1
6459.07,2026-06-27 16:00:00,15,21,34.03524671161446,16.681934883293444,-17.35331182832102,17.35331182832102,DEFICIT_PRESSURE,2
6233.04,2026-06-27 16:00:00,26,17,34.0179199134199,19.63583301333124,-14.382086900088662,14.382086900088662,DEFICIT_PRESSURE,3
5905.14,2026-06-27 16:00:00,20,25,34.40713778205006,20.97933496710984,-13.427802814940218,13.427802814940218,DEFICIT_PRESSURE,4
5374.01,2026-06-27 16:00:00,23,18,34.88033912643236,21.54697287715148,-13.333366249280882,13.333366249280882,DEFICIT_PRESSURE,5
6331.01,2026-06-27 16:00:00,26,16,14.19099076685257,24.1258953846343,9.934904617781731,9.934904617781731,SURPLUS_PRESSURE,6
6072.06,2026-06-27 16:00:00,23,28,31.41079409436225,22.32249275362319,-9.088301340739058,9.088301340739058,DEFICIT_PRESSURE,7
5763.03,2026-06-27 16:00:00,34,29,22.430622381851887,31.17405720797106,8.743434826119174,8.743434826119174,SURPLUS_PRESSURE,8
5492.05,2026-06-27 16:00:00,18,26,13.5173687428827,21.300361801242232,7.782993058359532,7.782993058359532,SURPLUS_PRESSURE,9
5980.10,2026-06-27 16:00:00,24,7,18.23898424895953,11.41685563324263,-6.822128615716899,6.822128615716899,DEFICIT_PRESSURE,10
5905.12,2026-06-27 16:00:00,21,21,32.86769180818917,26.898091416230503,-5.969600391958668,5.969600391958668,DEFICIT_PRESSURE,11
6432.09,2026-06-27 16:00:00,27,13,7.034047736356605,12.79933535787469,5.765287621518084,5.765287621518084,SURPLUS_PRESSURE,12
6726.01,2026-06-27 16:00:00,18,23,14.766441457914176,19.600167816939155,4.833726359024979,4.833726359024979,SURPLUS_PRESSURE,13
6948.10,2026-06-27 16:00:00,17,14,8.759178594088446,13.566473573048688,4.8072949789602415,4.8072949789602415,SURPLUS_PRESSURE,14
5712.03,2026-06-27 16:00:00,18,22,17.697804649039195,20.45875294192946,2.7609482928902658,2.7609482928902658,SURPLUS_PRESSURE,15
6364.07,2026-06-27 16:00:00,11,13,18.965862117268458,17.630494560477167,-1.3353675567912902,1.3353675567912902,DEFICIT_PRESSURE,16
6912.01,2026-06-27 16:00:00,14,19,5.864895258440406,4.868751440132424,-0.9961438183079814,0.9961438183079814,DEFICIT_PRESSURE,17
6173.08,2026-06-27 16:00:00,0,0,2.5236210307526603,1.6616607192265982,-0.8619603115260621,0.8619603115260621,DEFICIT_PRESSURE,18
6822.09,2026-06-27 16:00:00,13,7,9.509127734215909,9.214575176408138,-0.294552557807771,0.294552557807771,DEFICIT_PRESSURE,19
6492.08,2026-06-27 16:00:00,14,10,7.773312042534999,7.987293157749441,0.21398111521444196,0.21398111521444196,SURPLUS_PRESSURE,20
5980.10,2026-06-27 17:00:00,24,0,40.4738291509171,10.423966384844256,-30.04986276607284,30.04986276607284,DEFICIT_PRESSURE,1
6432.09,2026-06-27 17:00:00,16,7,35.29786559477108,16.32540699479089,-18.972458599980193,18.972458599980193,DEFICIT_PRESSURE,2
6912.01,2026-06-27 17:00:00,21,15,14.7502525038775,30.207090091036424,15.456837587158924,15.456837587158924,SURPLUS_PRESSURE,3
5763.03,2026-06-27 17:00:00,17,27,32.52463963021517,45.35369107975358,12.829051449538412,12.829051449538412,SURPLUS_PRESSURE,4
6459.07,2026-06-27 17:00:00,12,13,20.982094624819627,33.68890303410039,12.706808409280764,12.706808409280764,SURPLUS_PRESSURE,5
6331.01,2026-06-27 17:00:00,17,11,35.04295233076931,25.431616430871863,-9.611335899897448,9.611335899897448,DEFICIT_PRESSURE,6
6726.01,2026-06-27 17:00:00,21,18,30.14521713425463,39.74278931509105,9.597572180836423,9.597572180836423,SURPLUS_PRESSURE,7
5712.03,2026-06-27 17:00:00,17,13,27.81152066680089,35.619327996182285,7.807807329381394,7.807807329381394,SURPLUS_PRESSURE,8
6822.09,2026-06-27 17:00:00,6,4,16.65529751733247,9.425968441215339,-7.229329076117132,7.229329076117132,DEFICIT_PRESSURE,9
5492.05,2026-06-27 17:00:00,18,13,30.18371334149401,36.740655496885495,6.556942155391486,6.556942155391486,SURPLUS_PRESSURE,10
6948.10,2026-06-27 17:00:00,20,14,19.549422535797543,14.146420634920627,-5.403001900876916,5.403001900876916,DEFICIT_PRESSURE,11
6173.08,2026-06-27 17:00:00,0,0,6.566450850695431,1.82998943140997,-4.736461419285461,4.736461419285461,DEFICIT_PRESSURE,12
5905.12,2026-06-27 17:00:00,21,15,33.14505011312986,28.848453774036507,-4.296596339093355,4.296596339093355,DEFICIT_PRESSURE,13
6492.08,2026-06-27 17:00:00,8,12,15.259106138142897,11.038444455957631,-4.220661682185266,4.220661682185266,DEFICIT_PRESSURE,14
6233.04,2026-06-27 17:00:00,30,25,38.683813568701346,34.92326440092166,-3.7605491677796863,3.7605491677796863,DEFICIT_PRESSURE,15
6364.07,2026-06-27 17:00:00,21,21,15.61697987453667,19.339063079425976,3.722083204889307,3.722083204889307,SURPLUS_PRESSURE,16
5905.14,2026-06-27 17:00:00,27,23,35.10823110787566,38.376434711854216,3.268203603978556,3.268203603978556,SURPLUS_PRESSURE,17
5374.01,2026-06-27 17:00:00,10,15,33.958255036140244,36.368031855798925,2.4097768196586813,2.4097768196586813,SURPLUS_PRESSURE,18
6072.06,2026-06-27 17:00:00,20,25,42.148391033299596,43.42207936507937,1.2736883317797734,1.2736883317797734,SURPLUS_PRESSURE,19
6140.05,2026-06-27 17:00:00,23,26,41.69362328448749,41.85733333333334,0.16371004884585005,0.16371004884585005,SURPLUS_PRESSURE,20
5980.10,2026-06-27 18:00:00,38,10,30.306843314894444,1.5598575592076003,-28.746985755686843,28.746985755686843,DEFICIT_PRESSURE,1
6912.01,2026-06-27 18:00:00,24,16,32.99253174603175,9.907163287005396,-23.085368459026355,23.085368459026355,DEFICIT_PRESSURE,2
6948.10,2026-06-27 18:00:00,15,8,31.505932711115438,11.464225067640236,-20.041707643475203,20.041707643475203,DEFICIT_PRESSURE,3
5763.03,2026-06-27 18:00:00,12,13,22.48255306620321,38.65759381342128,16.17504074721807,16.17504074721807,SURPLUS_PRESSURE,4
6726.01,2026-06-27 18:00:00,29,27,33.181311998845516,17.54844849141242,-15.632863507433097,15.632863507433097,DEFICIT_PRESSURE,5
5374.01,2026-06-27 18:00:00,25,17,10.299601928881518,18.777336089140586,8.477734160259068,8.477734160259068,SURPLUS_PRESSURE,6
5712.03,2026-06-27 18:00:00,21,19,16.489281042197042,24.635007936507947,8.145726894310904,8.145726894310904,SURPLUS_PRESSURE,7
5492.05,2026-06-27 18:00:00,31,21,25.55086096274301,17.41929901496117,-8.13156194778184,8.13156194778184,DEFICIT_PRESSURE,8
5905.12,2026-06-27 18:00:00,24,20,24.705269028247468,17.517060866744345,-7.188208161503123,7.188208161503123,DEFICIT_PRESSURE,9
6492.08,2026-06-27 18:00:00,10,9,8.040323117219293,14.827125106105328,6.786801988886035,6.786801988886035,SURPLUS_PRESSURE,10
6233.04,2026-06-27 18:00:00,34,33,39.463872806037024,45.703390932840136,6.239518126803112,6.239518126803112,SURPLUS_PRESSURE,11
6432.09,2026-06-27 18:00:00,14,14,13.50476657696505,8.998954440416867,-4.505812136548183,4.505812136548183,DEFICIT_PRESSURE,12
6459.07,2026-06-27 18:00:00,18,14,13.37143877720033,17.367737340124428,3.996298562924098,3.996298562924098,SURPLUS_PRESSURE,13
6072.06,2026-06-27 18:00:00,22,28,32.82270677774611,29.112390213002477,-3.7103165647436356,3.7103165647436356,DEFICIT_PRESSURE,14
6331.01,2026-06-27 18:00:00,21,13,17.926711344258393,14.65464812612913,-3.2720632181292633,3.2720632181292633,DEFICIT_PRESSURE,15
6364.07,2026-06-27 18:00:00,26,25,32.086143893058434,28.92335679065992,-3.1627871023985143,3.1627871023985143,DEFICIT_PRESSURE,16
6173.08,2026-06-27 18:00:00,0,0,3.979294585293492,1.4512731496146132,-2.5280214356788786,2.5280214356788786,DEFICIT_PRESSURE,17
6140.05,2026-06-27 18:00:00,50,38,35.28449389881111,33.11407300779845,-2.170420891012654,2.170420891012654,DEFICIT_PRESSURE,18
5905.14,2026-06-27 18:00:00,26,24,29.35156457429719,28.5420550653915,-0.8095095089056876,0.8095095089056876,DEFICIT_PRESSURE,19
6822.09,2026-06-27 18:00:00,11,14,3.3058599110095717,3.8710368278344935,0.5651769168249219,0.5651769168249219,SURPLUS_PRESSURE,20
5980.10,2026-06-27 19:00:00,41,8,25.456546053849443,9.85256550504191,-15.603980548807533,15.603980548807533,DEFICIT_PRESSURE,1
6912.01,2026-06-27 19:00:00,11,9,21.746704798530406,10.415511778660491,-11.331193019869914,11.331193019869914,DEFICIT_PRESSURE,2
5374.01,2026-06-27 19:00:00,22,27,26.617438965505833,16.430802674016874,-10.18663629148896,10.18663629148896,DEFICIT_PRESSURE,3
6459.07,2026-06-27 19:00:00,23,23,21.159773437060153,13.19823471532972,-7.961538721730433,7.961538721730433,DEFICIT_PRESSURE,4
6331.01,2026-06-27 19:00:00,38,21,23.1648916237039,16.429039997439567,-6.735851626264335,6.735851626264335,DEFICIT_PRESSURE,5
6233.04,2026-06-27 19:00:00,28,19,32.70500952463159,26.99493146086119,-5.710078063770403,5.710078063770403,DEFICIT_PRESSURE,6
5492.05,2026-06-27 19:00:00,30,24,27.483618556778413,22.875304134341853,-4.60831442243656,4.60831442243656,DEFICIT_PRESSURE,7
6140.05,2026-06-27 19:00:00,40,26,35.769530768350876,31.575779825676555,-4.1937509426743205,4.1937509426743205,DEFICIT_PRESSURE,8
5712.03,2026-06-27 19:00:00,27,36,25.720354818540773,21.631997999104534,-4.088356819436239,4.088356819436239,DEFICIT_PRESSURE,9
5763.03,2026-06-27 19:00:00,23,22,17.17839065638709,21.076903759237894,3.898513102850803,3.898513102850803,SURPLUS_PRESSURE,10
6948.10,2026-06-27 19:00:00,7,8,14.85552954588278,11.418074799697855,-3.4374547461849243,3.4374547461849243,DEFICIT_PRESSURE,11
6492.08,2026-06-27 19:00:00,17,2,13.560336263655227,10.520417942154882,-3.0399183215003447,3.0399183215003447,DEFICIT_PRESSURE,12
6173.08,2026-06-27 19:00:00,0,0,4.0865931964046025,1.3626111227383213,-2.7239820736662814,2.7239820736662814,DEFICIT_PRESSURE,13
6072.06,2026-06-27 19:00:00,33,29,29.840470157861688,27.511575642782372,-2.328894515079316,2.328894515079316,DEFICIT_PRESSURE,14
6726.01,2026-06-27 19:00:00,22,26,26.901721702600017,24.589857886319297,-2.31186381628072,2.31186381628072,DEFICIT_PRESSURE,15
6822.09,2026-06-27 19:00:00,21,15,15.468796722177013,13.83034109662178,-1.638455625555233,1.638455625555233,DEFICIT_PRESSURE,16
6432.09,2026-06-27 19:00:00,20,14,15.826209902573025,14.417173039386574,-1.4090368631864507,1.4090368631864507,DEFICIT_PRESSURE,17
5905.14,2026-06-27 19:00:00,32,31,27.42507775778715,28.825960535873097,1.400882778085947,1.400882778085947,SURPLUS_PRESSURE,18
6364.07,2026-06-27 19:00:00,26,25,25.02743134253296,24.79856051319212,-0.2288708293408419,0.2288708293408419,DEFICIT_PRESSURE,19
5905.12,2026-06-27 19:00:00,32,24,23.681092116085082,23.495744347421535,-0.18534776866354719,0.18534776866354719,DEFICIT_PRESSURE,20
5980.10,2026-06-27 20:00:00,20,8,29.79318215248125,7.230012014174143,-22.563170138307107,22.563170138307107,DEFICIT_PRESSURE,1
6140.05,2026-06-27 20:00:00,31,32,30.483284594481262,14.619407029478445,-15.863877565002817,15.863877565002817,DEFICIT_PRESSURE,2
6331.01,2026-06-27 20:00:00,49,28,32.891021353948666,17.265841443632144,-15.625179910316522,15.625179910316522,DEFICIT_PRESSURE,3
6233.04,2026-06-27 20:00:00,15,14,29.20960910487129,18.396841476245708,-10.812767628625583,10.812767628625583,DEFICIT_PRESSURE,4
6492.08,2026-06-27 20:00:00,16,7,14.401842585976448,4.926495486740172,-9.475347099236277,9.475347099236277,DEFICIT_PRESSURE,5
5712.03,2026-06-27 20:00:00,29,17,22.399695401722443,26.95484463042259,4.555149228700145,4.555149228700145,SURPLUS_PRESSURE,6
6072.06,2026-06-27 20:00:00,24,25,29.53359944484921,25.151805266911104,-4.381794177938104,4.381794177938104,DEFICIT_PRESSURE,7
6364.07,2026-06-27 20:00:00,21,22,24.378893788174167,20.217953517460977,-4.160940270713191,4.160940270713191,DEFICIT_PRESSURE,8
5905.14,2026-06-27 20:00:00,20,19,25.89047283480819,22.400937292676925,-3.4895355421312644,3.4895355421312644,DEFICIT_PRESSURE,9
5492.05,2026-06-27 20:00:00,17,37,26.672564269666896,24.06961524531409,-2.6029490243528066,2.6029490243528066,DEFICIT_PRESSURE,10
6173.08,2026-06-27 20:00:00,0,0,3.6286533154522203,1.3971944560716545,-2.2314588593805658,2.2314588593805658,DEFICIT_PRESSURE,11
6948.10,2026-06-27 20:00:00,20,16,9.028318210906626,11.19946622462811,2.171148013721483,2.171148013721483,SURPLUS_PRESSURE,12
5374.01,2026-06-27 20:00:00,20,14,21.911652502113135,20.05761825263697,-1.8540342494761646,1.8540342494761646,DEFICIT_PRESSURE,13
6459.07,2026-06-27 20:00:00,16,21,17.381135937723332,15.681653882240767,-1.6994820554825658,1.6994820554825658,DEFICIT_PRESSURE,14
6822.09,2026-06-27 20:00:00,10,6,12.74866670189602,11.371429891085286,-1.377236810810734,1.377236810810734,DEFICIT_PRESSURE,15
5763.03,2026-06-27 20:00:00,39,33,30.978515854555017,29.67996759466619,-1.2985482598888254,1.2985482598888254,DEFICIT_PRESSURE,16
5905.12,2026-06-27 20:00:00,26,17,26.93217921800734,25.69106792631023,-1.2411112916971128,1.2411112916971128,DEFICIT_PRESSURE,17
6726.01,2026-06-27 20:00:00,28,38,20.842130071700616,19.877183315760814,-0.9649467559398026,0.9649467559398026,DEFICIT_PRESSURE,18
6912.01,2026-06-27 20:00:00,12,17,10.951035254751,11.803188045234108,0.8521527904831085,0.8521527904831085,SURPLUS_PRESSURE,19
6432.09,2026-06-27 20:00:00,22,10,14.41587068915267,14.815139590047547,0.399268900894878,0.399268900894878,SURPLUS_PRESSURE,20
5492.05,2026-06-27 21:00:00,19,17,16.83031628440736,34.543969076951214,17.713652792543854,17.713652792543854,SURPLUS_PRESSURE,1
6331.01,2026-06-27 21:00:00,24,13,30.683053928269874,17.918392760860783,-12.764661167409091,12.764661167409091,DEFICIT_PRESSURE,2
6432.09,2026-06-27 21:00:00,16,7,16.874322885656216,10.17125376095304,-6.703069124703177,6.703069124703177,DEFICIT_PRESSURE,3
5980.10,2026-06-27 21:00:00,11,1,14.917163624967188,8.542794983699018,-6.37436864126817,6.37436864126817,DEFICIT_PRESSURE,4
5712.03,2026-06-27 21:00:00,31,22,24.269860356470573,18.68566808421471,-5.584192272255862,5.584192272255862,DEFICIT_PRESSURE,5
5905.12,2026-06-27 21:00:00,16,17,24.26206609473012,18.889660146458464,-5.3724059482716555,5.3724059482716555,DEFICIT_PRESSURE,6
6072.06,2026-06-27 21:00:00,36,32,23.305632386602216,28.618546074399088,5.312913687796872,5.312913687796872,SURPLUS_PRESSURE,7
6492.08,2026-06-27 21:00:00,20,12,12.564856640495673,8.439629100805844,-4.1252275396898295,4.1252275396898295,DEFICIT_PRESSURE,8
6726.01,2026-06-27 21:00:00,16,15,23.942849535841788,20.039783151787358,-3.90306638405443,3.90306638405443,DEFICIT_PRESSURE,9
6140.05,2026-06-27 21:00:00,30,37,21.248911154591468,18.453188738893875,-2.7957224156975933,2.7957224156975933,DEFICIT_PRESSURE,10
5374.01,2026-06-27 21:00:00,17,28,19.082913924548667,16.80935815007592,-2.2735557744727473,2.2735557744727473,DEFICIT_PRESSURE,11
6173.08,2026-06-27 21:00:00,0,0,3.50400032399923,1.2309888283660266,-2.2730114956332033,2.2730114956332033,DEFICIT_PRESSURE,12
6364.07,2026-06-27 21:00:00,23,16,16.817097146109017,18.978389419137525,2.161292273028508,2.161292273028508,SURPLUS_PRESSURE,13
5763.03,2026-06-27 21:00:00,22,20,37.020170878502064,38.51880156957764,1.4986306910755758,1.4986306910755758,SURPLUS_PRESSURE,14
6459.07,2026-06-27 21:00:00,18,9,17.449342299346462,16.57141369644595,-0.8779286029005107,0.8779286029005107,DEFICIT_PRESSURE,15
6233.04,2026-06-27 21:00:00,11,12,18.815719044227297,19.506581581953686,0.6908625377263888,0.6908625377263888,SURPLUS_PRESSURE,16
6948.10,2026-06-27 21:00:00,14,13,15.187105590976874,14.786838712206402,-0.40026687877047173,0.40026687877047173,DEFICIT_PRESSURE,17
5905.14,2026-06-27 21:00:00,16,12,17.336395338670314,17.573541674456536,0.23714633578622113,0.23714633578622113,SURPLUS_PRESSURE,18
6822.09,2026-06-27 21:00:00,11,6,7.10458842875732,7.2046997561967885,0.10011132743946849,0.10011132743946849,SURPLUS_PRESSURE,19
6912.01,2026-06-27 21:00:00,11,13,11.280183615625157,11.341746539132155,0.061562923506997436,0.061562923506997436,SURPLUS_PRESSURE,20
5712.03,2026-06-27 22:00:00,12,9,32.33605197741261,17.404842895716335,-14.931209081696274,14.931209081696274,DEFICIT_PRESSURE,1
6331.01,2026-06-27 22:00:00,27,16,25.075841536494064,11.345732547380093,-13.73010898911397,13.73010898911397,DEFICIT_PRESSURE,2
5980.10,2026-06-27 22:00:00,10,4,11.993306932742774,1.426467582407215,-10.56683935033556,10.56683935033556,DEFICIT_PRESSURE,3
6492.08,2026-06-27 22:00:00,19,11,15.973225299886074,8.262168007635307,-7.711057292250768,7.711057292250768,DEFICIT_PRESSURE,4
6364.07,2026-06-27 22:00:00,39,22,23.45478999486006,15.969821959215768,-7.484968035644293,7.484968035644293,DEFICIT_PRESSURE,5
6432.09,2026-06-27 22:00:00,13,9,15.11733927971625,8.12104496702525,-6.996294312690999,6.996294312690999,DEFICIT_PRESSURE,6
6459.07,2026-06-27 22:00:00,14,12,16.932015325775453,10.734659127952305,-6.197356197823147,6.197356197823147,DEFICIT_PRESSURE,7
5374.01,2026-06-27 22:00:00,14,14,19.873267143045652,25.930599301426433,6.057332158380781,6.057332158380781,SURPLUS_PRESSURE,8
5763.03,2026-06-27 22:00:00,38,32,24.80436037092677,18.982939025491707,-5.821421345435063,5.821421345435063,DEFICIT_PRESSURE,9
5492.05,2026-06-27 22:00:00,26,14,18.1429792033077,12.405912631750269,-5.737066571557431,5.737066571557431,DEFICIT_PRESSURE,10
5905.12,2026-06-27 22:00:00,16,13,17.59345829453269,14.215528416241535,-3.377929878291157,3.377929878291157,DEFICIT_PRESSURE,11
6072.06,2026-06-27 22:00:00,20,22,34.57970800351794,31.386055604450586,-3.193652399067357,3.193652399067357,DEFICIT_PRESSURE,12
6912.01,2026-06-27 22:00:00,9,2,12.876148180119424,10.026896078186683,-2.8492521019327413,2.8492521019327413,DEFICIT_PRESSURE,13
6822.09,2026-06-27 22:00:00,2,3,8.24612360030195,5.44725081708463,-2.7988727832173197,2.7988727832173197,DEFICIT_PRESSURE,14
6173.08,2026-06-27 22:00:00,0,0,2.967521384474701,0.31572727272727275,-2.6517941117474284,2.6517941117474284,DEFICIT_PRESSURE,15
6140.05,2026-06-27 22:00:00,18,10,24.981876506935986,27.127396423145505,2.145519916209519,2.145519916209519,SURPLUS_PRESSURE,16
5905.14,2026-06-27 22:00:00,23,15,15.961241303255242,13.848672322729968,-2.1125689805252748,2.1125689805252748,DEFICIT_PRESSURE,17
6726.01,2026-06-27 22:00:00,11,21,15.162506892536614,16.708880895047542,1.5463740025109285,1.5463740025109285,SURPLUS_PRESSURE,18
6948.10,2026-06-27 22:00:00,11,6,10.02480778504492,10.160930060639211,0.1361222755942908,0.1361222755942908,SURPLUS_PRESSURE,19
6233.04,2026-06-27 22:00:00,13,10,7.4676077543306505,7.398994759267387,-0.06861299506326368,0.06861299506326368,DEFICIT_PRESSURE,20
6364.07,2026-06-27 23:00:00,32,16,35.299150569655005,14.70332729820431,-20.595823271450694,20.595823271450694,DEFICIT_PRESSURE,1
6331.01,2026-06-27 23:00:00,49,17,23.137642496149947,11.905093407447307,-11.23254908870264,11.23254908870264,DEFICIT_PRESSURE,2
5492.05,2026-06-27 23:00:00,4,17,24.696252442259574,15.890009013278762,-8.806243428980812,8.806243428980812,DEFICIT_PRESSURE,3
6140.05,2026-06-27 23:00:00,17,19,17.888206039122405,9.248908744033745,-8.63929729508866,8.63929729508866,DEFICIT_PRESSURE,4
6726.01,2026-06-27 23:00:00,8,21,10.454438606973495,18.412782125897007,7.958343518923511,7.958343518923511,SURPLUS_PRESSURE,5
5763.03,2026-06-27 23:00:00,11,21,33.644264851029796,25.940732458760657,-7.703532392269139,7.703532392269139,DEFICIT_PRESSURE,6
6072.06,2026-06-27 23:00:00,34,22,17.17124402930702,23.101106035546604,5.929862006239585,5.929862006239585,SURPLUS_PRESSURE,7
5905.14,2026-06-27 23:00:00,9,11,18.127558526509556,12.256380577559487,-5.87117794895007,5.87117794895007,DEFICIT_PRESSURE,8
5980.10,2026-06-27 23:00:00,18,2,7.8920958581425396,3.1029486509495054,-4.789147207193034,4.789147207193034,DEFICIT_PRESSURE,9
6233.04,2026-06-27 23:00:00,4,4,10.313777323911285,6.109302567207127,-4.204474756704158,4.204474756704158,DEFICIT_PRESSURE,10
6492.08,2026-06-27 23:00:00,9,7,13.240487885034605,9.310807133246604,-3.929680751788002,3.929680751788002,DEFICIT_PRESSURE,11
6912.01,2026-06-27 23:00:00,11,2,7.326928067205553,3.826602606447052,-3.500325460758501,3.500325460758501,DEFICIT_PRESSURE,12
5905.12,2026-06-27 23:00:00,14,12,14.961062379041577,12.134835306763854,-2.8262270722777227,2.8262270722777227,DEFICIT_PRESSURE,13
5712.03,2026-06-27 23:00:00,22,23,14.74067355428064,16.87285923236519,2.13218567808455,2.13218567808455,SURPLUS_PRESSURE,14
6822.09,2026-06-27 23:00:00,5,8,3.6105496989889954,5.600833367452914,1.9902836684639187,1.9902836684639187,SURPLUS_PRESSURE,15
6948.10,2026-06-27 23:00:00,6,4,9.081009240202476,7.398779320794236,-1.6822299194082406,1.6822299194082406,DEFICIT_PRESSURE,16
6432.09,2026-06-27 23:00:00,11,8,9.658112422583653,8.127940184886432,-1.5301722376972204,1.5301722376972204,DEFICIT_PRESSURE,17
5374.01,2026-06-27 23:00:00,18,21,14.825553732518381,13.752923037782837,-1.072630694735544,1.072630694735544,DEFICIT_PRESSURE,18
6173.08,2026-06-27 23:00:00,0,0,2.3324531090702814,1.501556528516413,-0.8308965805538684,0.8308965805538684,DEFICIT_PRESSURE,19
6459.07,2026-06-27 23:00:00,11,11,14.302243706026708,13.77729411343508,-0.5249495925916285,0.5249495925916285,DEFICIT_PRESSURE,20
6331.01,2026-06-28 00:00:00,12,14,43.18832699334108,21.38304556647836,-21.80528142686272,21.80528142686272,DEFICIT_PRESSURE,1
6140.05,2026-06-28 00:00:00,10,8,7.448663850316455,25.321929441276875,17.873265590960422,17.873265590960422,SURPLUS_PRESSURE,2
6364.07,2026-06-28 00:00:00,38,17,28.51345439786391,13.89281551864305,-14.62063887922086,14.62063887922086,DEFICIT_PRESSURE,3
6726.01,2026-06-28 00:00:00,4,9,4.814279370780024,19.036422030258635,14.22214265947861,14.22214265947861,SURPLUS_PRESSURE,4
6072.06,2026-06-28 00:00:00,23,22,30.77759549532995,20.350507845787696,-10.427087649542255,10.427087649542255,DEFICIT_PRESSURE,5
6459.07,2026-06-28 00:00:00,2,6,6.210022571798698,15.227257555020447,9.01723498322175,9.01723498322175,SURPLUS_PRESSURE,6
5980.10,2026-06-28 00:00:00,16,1,10.654584832615084,2.3408672860805932,-8.313717546534491,8.313717546534491,DEFICIT_PRESSURE,7
5492.05,2026-06-28 00:00:00,17,6,8.828907754268837,13.331739417383256,4.502831663114419,4.502831663114419,SURPLUS_PRESSURE,8
5374.01,2026-06-28 00:00:00,15,11,16.668827879513017,20.55199936278124,3.883171483268221,3.883171483268221,SURPLUS_PRESSURE,9
5763.03,2026-06-28 00:00:00,18,10,16.376768224638806,19.974773396608487,3.5980051719696817,3.5980051719696817,SURPLUS_PRESSURE,10
6822.09,2026-06-28 00:00:00,3,7,3.1965903371289603,6.754494931932096,3.557904594803136,3.557904594803136,SURPLUS_PRESSURE,11
6173.08,2026-06-28 00:00:00,0,0,3.6027142308655384,0.3226948601985605,-3.280019370666978,3.280019370666978,DEFICIT_PRESSURE,12
6912.01,2026-06-28 00:00:00,7,3,5.608507506467987,2.3986951052003778,-3.2098124012676092,3.2098124012676092,DEFICIT_PRESSURE,13
6492.08,2026-06-28 00:00:00,4,6,8.017095998494307,5.455127732410224,-2.561968266084083,2.561968266084083,DEFICIT_PRESSURE,14
6233.04,2026-06-28 00:00:00,2,2,3.8167914452003577,6.030908178205789,2.214116733005431,2.214116733005431,SURPLUS_PRESSURE,15
5905.12,2026-06-28 00:00:00,18,7,10.409007706987433,8.818953038479314,-1.5900546685081185,1.5900546685081185,DEFICIT_PRESSURE,16
5712.03,2026-06-28 00:00:00,14,16,23.741142196634122,22.316968406641372,-1.42417378999275,1.42417378999275,DEFICIT_PRESSURE,17
6432.09,2026-06-28 00:00:00,12,8,7.059362862741758,5.94921427276787,-1.110148589973888,1.110148589973888,DEFICIT_PRESSURE,18
6948.10,2026-06-28 00:00:00,2,2,4.282696414169846,3.47225060405888,-0.8104458101109655,0.8104458101109655,DEFICIT_PRESSURE,19
5905.14,2026-06-28 00:00:00,12,13,8.510688599061275,9.165015507384817,0.6543269083235419,0.6543269083235419,SURPLUS_PRESSURE,20
6364.07,2026-06-28 01:00:00,14,9,29.43272658227472,12.012357471882401,-17.420369110392322,17.420369110392322,DEFICIT_PRESSURE,1
5763.03,2026-06-28 01:00:00,23,15,18.649227071988914,9.935973323912588,-8.713253748076326,8.713253748076326,DEFICIT_PRESSURE,2
5980.10,2026-06-28 01:00:00,2,1,9.428911605333607,1.7547715103707118,-7.674140094962895,7.674140094962895,DEFICIT_PRESSURE,3
5905.12,2026-06-28 01:00:00,9,5,12.402685652091279,5.724703677965731,-6.677981974125547,6.677981974125547,DEFICIT_PRESSURE,4
6331.01,2026-06-28 01:00:00,12,8,10.480353763970891,6.49301175912469,-3.9873420048462007,3.9873420048462007,DEFICIT_PRESSURE,5
6822.09,2026-06-28 01:00:00,4,8,1.4918348508208947,5.452538380966163,3.9607035301452687,3.9607035301452687,SURPLUS_PRESSURE,6
5712.03,2026-06-28 01:00:00,18,6,15.66171751917427,11.84190570842321,-3.819811810751059,3.819811810751059,DEFICIT_PRESSURE,7
6912.01,2026-06-28 01:00:00,1,2,4.568150333261119,1.5409275463747472,-3.027222786886372,3.027222786886372,DEFICIT_PRESSURE,8
5492.05,2026-06-28 01:00:00,10,6,12.331277195448429,9.501515299335455,-2.8297618961129736,2.8297618961129736,DEFICIT_PRESSURE,9
6726.01,2026-06-28 01:00:00,3,6,3.221315108087654,5.9973915172190075,2.7760764091313535,2.7760764091313535,SURPLUS_PRESSURE,10
6173.08,2026-06-28 01:00:00,0,0,3.163761110441714,0.49697278322990196,-2.6667883272118122,2.6667883272118122,DEFICIT_PRESSURE,11
6072.06,2026-06-28 01:00:00,14,12,18.21243410840325,15.850489674829824,-2.361944433573427,2.361944433573427,DEFICIT_PRESSURE,12
5374.01,2026-06-28 01:00:00,15,5,10.923490218727338,12.85488441654736,1.9313941978200226,1.9313941978200226,SURPLUS_PRESSURE,13
6459.07,2026-06-28 01:00:00,3,6,3.1330497087491733,4.82557378497645,1.692524076227277,1.692524076227277,SURPLUS_PRESSURE,14
6432.09,2026-06-28 01:00:00,5,8,7.574382899002948,9.260539011915709,1.6861561129127614,1.6861561129127614,SURPLUS_PRESSURE,15
6140.05,2026-06-28 01:00:00,23,14,6.913633842057752,5.8928117935532365,-1.0208220485045159,1.0208220485045159,DEFICIT_PRESSURE,16
6492.08,2026-06-28 01:00:00,5,4,3.0845911931785834,4.053154656571226,0.9685634633926425,0.9685634633926425,SURPLUS_PRESSURE,17
5905.14,2026-06-28 01:00:00,5,9,7.756038929886432,7.1954194294937475,-0.5606195003926846,0.5606195003926846,DEFICIT_PRESSURE,18
6948.10,2026-06-28 01:00:00,1,4,2.7694443949422776,2.3491563088923306,-0.42028808604994694,0.42028808604994694,DEFICIT_PRESSURE,19
6233.04,2026-06-28 01:00:00,1,1,1.376418409923745,1.104529769093421,-0.27188864083032405,0.27188864083032405,DEFICIT_PRESSURE,20
5712.03,2026-06-28 02:00:00,13,7,18.96575499842473,8.833645024157612,-10.132109974267117,10.132109974267117,DEFICIT_PRESSURE,1
5374.01,2026-06-28 02:00:00,7,7,13.185647639990284,5.3804842404252,-7.805163399565084,7.805163399565084,DEFICIT_PRESSURE,2
6822.09,2026-06-28 02:00:00,3,10,1.311447913792998,5.380113710169964,4.068665796376966,4.068665796376966,SURPLUS_PRESSURE,3
5763.03,2026-06-28 02:00:00,19,13,20.77422678733683,16.75725736251092,-4.016969424825909,4.016969424825909,DEFICIT_PRESSURE,4
6140.05,2026-06-28 02:00:00,13,3,11.15314705338322,7.726005472003873,-3.427141581379347,3.427141581379347,DEFICIT_PRESSURE,5
6072.06,2026-06-28 02:00:00,20,9,12.564116714563266,9.409441326349123,-3.1546753882141427,3.1546753882141427,DEFICIT_PRESSURE,6
5980.10,2026-06-28 02:00:00,3,1,4.114876794160374,1.0621448171330556,-3.0527319770273182,3.0527319770273182,DEFICIT_PRESSURE,7
6459.07,2026-06-28 02:00:00,3,7,2.968292509470864,5.470902924584641,2.5026104151137765,2.5026104151137765,SURPLUS_PRESSURE,8
6331.01,2026-06-28 02:00:00,4,3,8.081855560317388,5.708992912256922,-2.372862648060466,2.372862648060466,DEFICIT_PRESSURE,9
5905.14,2026-06-28 02:00:00,6,6,3.7842370427618737,5.107747143620482,1.3235101008586088,1.3235101008586088,SURPLUS_PRESSURE,10
5492.05,2026-06-28 02:00:00,10,5,5.680896222836506,4.748385992592594,-0.9325102302439126,0.9325102302439126,DEFICIT_PRESSURE,11
6364.07,2026-06-28 02:00:00,4,8,10.162962017239552,9.320053743110972,-0.8429082741285807,0.8429082741285807,DEFICIT_PRESSURE,12
5905.12,2026-06-28 02:00:00,10,2,3.812874211875807,3.1709709432520503,-0.6419032686237567,0.6419032686237567,DEFICIT_PRESSURE,13
6948.10,2026-06-28 02:00:00,2,5,1.9245916463892376,2.3923905323818295,0.4677988859925919,0.4677988859925919,SURPLUS_PRESSURE,14
6173.08,2026-06-28 02:00:00,0,0,0.7352241729530593,0.33195489364337655,-0.40326927930968276,0.40326927930968276,DEFICIT_PRESSURE,15
6912.01,2026-06-28 02:00:00,1,2,0.9332724849346414,1.2930376491345112,0.3597651641998698,0.3597651641998698,SURPLUS_PRESSURE,16
6233.04,2026-06-28 02:00:00,1,2,2.6593296989392825,2.325178500132716,-0.33415119880656663,0.33415119880656663,DEFICIT_PRESSURE,17
6492.08,2026-06-28 02:00:00,2,8,2.708367019733011,2.5679830059283417,-0.14038401380466947,0.14038401380466947,DEFICIT_PRESSURE,18
6432.09,2026-06-28 02:00:00,1,2,3.375623685626789,3.445997105805867,0.07037342017907777,0.07037342017907777,SURPLUS_PRESSURE,19
6726.01,2026-06-28 02:00:00,2,3,3.2741890541670506,3.28418826081326,0.009999206646209569,0.009999206646209569,SURPLUS_PRESSURE,20
5492.05,2026-06-28 03:00:00,3,2,9.289461437914195,2.258170540662574,-7.031290897251621,7.031290897251621,DEFICIT_PRESSURE,1
6072.06,2026-06-28 03:00:00,18,9,10.68127588369762,4.918768665567156,-5.762507218130463,5.762507218130463,DEFICIT_PRESSURE,2
6140.05,2026-06-28 03:00:00,6,4,8.473286177249365,3.1948112228331236,-5.278474954416241,5.278474954416241,DEFICIT_PRESSURE,3
6492.08,2026-06-28 03:00:00,0,2,0.785602240189099,5.4948338117889,4.709231571599801,4.709231571599801,SURPLUS_PRESSURE,4
6822.09,2026-06-28 03:00:00,2,4,1.0153625024253308,4.6639453734402725,3.6485828710149417,3.6485828710149417,SURPLUS_PRESSURE,5
5712.03,2026-06-28 03:00:00,12,9,6.758488660113005,3.405141570430538,-3.353347089682467,3.353347089682467,DEFICIT_PRESSURE,6
5763.03,2026-06-28 03:00:00,4,4,14.491294444343772,11.430007831555365,-3.0612866127884075,3.0612866127884075,DEFICIT_PRESSURE,7
5980.10,2026-06-28 03:00:00,3,0,3.777592189368399,0.9007119660324266,-2.8768802233359723,2.8768802233359723,DEFICIT_PRESSURE,8
5905.12,2026-06-28 03:00:00,5,4,3.797482217634608,1.010178608536273,-2.787303609098335,2.787303609098335,DEFICIT_PRESSURE,9
6364.07,2026-06-28 03:00:00,6,6,4.178315233114324,6.440718049879683,2.262402816765359,2.262402816765359,SURPLUS_PRESSURE,10
6948.10,2026-06-28 03:00:00,1,2,0.9709439949667226,3.178925025738045,2.2079810307713226,2.2079810307713226,SURPLUS_PRESSURE,11
6726.01,2026-06-28 03:00:00,2,2,0.9726703557425412,2.6366746635186353,1.6640043077760942,1.6640043077760942,SURPLUS_PRESSURE,12
5374.01,2026-06-28 03:00:00,6,2,5.789240029426841,4.566869901967855,-1.2223701274589862,1.2223701274589862,DEFICIT_PRESSURE,13
6173.08,2026-06-28 03:00:00,0,0,0.8382212807267619,0.008567250228804092,-0.8296540304979578,0.8296540304979578,DEFICIT_PRESSURE,14
6459.07,2026-06-28 03:00:00,10,4,4.133943083533868,4.495662389749374,0.3617193062155062,0.3617193062155062,SURPLUS_PRESSURE,15
6331.01,2026-06-28 03:00:00,1,6,3.4680183768971107,3.8185156643441327,0.350497287447022,0.350497287447022,SURPLUS_PRESSURE,16
6912.01,2026-06-28 03:00:00,1,4,0.5231384202008528,0.7957776670418982,0.27263924684104546,0.27263924684104546,SURPLUS_PRESSURE,17
6432.09,2026-06-28 03:00:00,0,2,1.2707358486241325,1.012343072347308,-0.25839277627682455,0.25839277627682455,DEFICIT_PRESSURE,18
6233.04,2026-06-28 03:00:00,0,2,0.4249619434108362,0.5717802641201041,0.14681832070926787,0.14681832070926787,SURPLUS_PRESSURE,19
5905.14,2026-06-28 03:00:00,7,4,2.261037327201552,2.18202582886879,-0.07901149833276211,0.07901149833276211,DEFICIT_PRESSURE,20
6726.01,2026-06-28 04:00:00,0,0,4.642475977431998,1.6906144775109662,-2.9518614999210318,2.9518614999210318,DEFICIT_PRESSURE,1
6331.01,2026-06-28 04:00:00,1,0,1.864977685349637,4.596420566478289,2.731442881128652,2.731442881128652,SURPLUS_PRESSURE,2
6364.07,2026-06-28 04:00:00,7,4,3.560148892334017,6.011395894331385,2.451247001997368,2.451247001997368,SURPLUS_PRESSURE,3
5763.03,2026-06-28 04:00:00,5,4,5.777021061539063,3.4599736745922116,-2.3170473869468515,2.3170473869468515,DEFICIT_PRESSURE,4
6140.05,2026-06-28 04:00:00,9,4,5.1432688235620745,3.1365741956550277,-2.006694627907047,2.006694627907047,DEFICIT_PRESSURE,5
5712.03,2026-06-28 04:00:00,5,5,3.7657748491074363,2.435797113643309,-1.3299777354641273,1.3299777354641273,DEFICIT_PRESSURE,6
5374.01,2026-06-28 04:00:00,0,1,2.9381793951808453,1.7144700650042979,-1.2237093301765474,1.2237093301765474,DEFICIT_PRESSURE,7
5492.05,2026-06-28 04:00:00,3,5,2.587682871908577,1.3697982259389232,-1.2178846459696537,1.2178846459696537,DEFICIT_PRESSURE,8
5980.10,2026-06-28 04:00:00,1,0,1.2956815567905178,0.33061626366514846,-0.9650652931253694,0.9650652931253694,DEFICIT_PRESSURE,9
6822.09,2026-06-28 04:00:00,1,4,0.710188707508697,1.6683713474639257,0.9581826399552287,0.9581826399552287,SURPLUS_PRESSURE,10
6912.01,2026-06-28 04:00:00,0,4,0.4693188847343928,1.4147606925152272,0.9454418077808344,0.9454418077808344,SURPLUS_PRESSURE,11
6072.06,2026-06-28 04:00:00,6,2,8.631346894007454,7.743736587154076,-0.8876103068533778,0.8876103068533778,DEFICIT_PRESSURE,12
5905.14,2026-06-28 04:00:00,3,1,2.658728266152533,2.0352648731328857,-0.6234633930196471,0.6234633930196471,DEFICIT_PRESSURE,13
5905.12,2026-06-28 04:00:00,1,8,3.066070826646615,3.673288916566274,0.6072180899196589,0.6072180899196589,SURPLUS_PRESSURE,14
6948.10,2026-06-28 04:00:00,2,1,0.9346716142570309,1.4724503561376294,0.5377787418805985,0.5377787418805985,SURPLUS_PRESSURE,15
6173.08,2026-06-28 04:00:00,0,0,0.954025724429127,0.45243112393482415,-0.5015946004943028,0.5015946004943028,DEFICIT_PRESSURE,16
6432.09,2026-06-28 04:00:00,0,1,0.8607280548601658,1.341177111616937,0.4804490567567713,0.4804490567567713,SURPLUS_PRESSURE,17
6459.07,2026-06-28 04:00:00,0,2,3.4414016199824506,2.9671576420342696,-0.4742439779481811,0.4742439779481811,DEFICIT_PRESSURE,18
6233.04,2026-06-28 04:00:00,1,0,0.5374427059931048,0.652853542174296,0.11541083618119119,0.11541083618119119,SURPLUS_PRESSURE,19
6492.08,2026-06-28 04:00:00,1,2,0.8902477932240979,0.9275489895748033,0.03730119635070539,0.03730119635070539,SURPLUS_PRESSURE,20
5905.12,2026-06-28 05:00:00,5,3,1.3985316730821415,5.140564326444004,3.7420326533618624,3.7420326533618624,SURPLUS_PRESSURE,1
6492.08,2026-06-28 05:00:00,2,1,0.75334389856643,3.414576289207822,2.661232390641392,2.661232390641392,SURPLUS_PRESSURE,2
6432.09,2026-06-28 05:00:00,0,1,0.7540321244008892,2.8385028689434053,2.084470744542516,2.084470744542516,SURPLUS_PRESSURE,3
6822.09,2026-06-28 05:00:00,0,2,0.8784018619066474,2.926017853920629,2.0476159920139816,2.0476159920139816,SURPLUS_PRESSURE,4
6948.10,2026-06-28 05:00:00,3,3,3.0057989025225478,1.1005941367760987,-1.905204765746449,1.905204765746449,DEFICIT_PRESSURE,5
6072.06,2026-06-28 05:00:00,2,0,3.2106337778322045,1.4935598086489263,-1.7170739691832781,1.7170739691832781,DEFICIT_PRESSURE,6
6140.05,2026-06-28 05:00:00,0,0,3.541566451611471,1.881904678885442,-1.6596617727260288,1.6596617727260288,DEFICIT_PRESSURE,7
5905.14,2026-06-28 05:00:00,2,2,1.3475247314977314,2.204863634603817,0.8573389031060856,0.8573389031060856,SURPLUS_PRESSURE,8
5492.05,2026-06-28 05:00:00,1,1,1.4930127796172192,2.3077639582061336,0.8147511785889143,0.8147511785889143,SURPLUS_PRESSURE,9
6912.01,2026-06-28 05:00:00,1,0,0.44016276972329704,1.2316113801905246,0.7914486104672276,0.7914486104672276,SURPLUS_PRESSURE,10
6459.07,2026-06-28 05:00:00,1,1,2.4587603961732425,1.7599023692597258,-0.6988580269135167,0.6988580269135167,DEFICIT_PRESSURE,11
6726.01,2026-06-28 05:00:00,1,1,0.8029727559986428,1.4040434500351469,0.601070694036504,0.601070694036504,SURPLUS_PRESSURE,12
6364.07,2026-06-28 05:00:00,2,0,3.4331946565182796,2.9477958741442416,-0.485398782374038,0.485398782374038,DEFICIT_PRESSURE,13
6233.04,2026-06-28 05:00:00,0,0,0.679420181495212,0.27005582458123,-0.409364356913982,0.409364356913982,DEFICIT_PRESSURE,14
6173.08,2026-06-28 05:00:00,0,0,0.35625059289453204,0.051583333333333335,-0.3046672595611987,0.3046672595611987,DEFICIT_PRESSURE,15
5763.03,2026-06-28 05:00:00,1,3,3.3634607315015312,3.0626072943796547,-0.3008534371218765,0.3008534371218765,DEFICIT_PRESSURE,16
5374.01,2026-06-28 05:00:00,1,2,0.9001581034575953,1.1892278464352497,0.2890697429776544,0.2890697429776544,SURPLUS_PRESSURE,17
5980.10,2026-06-28 05:00:00,0,0,0.694837671016967,0.507763573737203,-0.18707409727976398,0.18707409727976398,DEFICIT_PRESSURE,18
5712.03,2026-06-28 05:00:00,1,1,1.6831844999055698,1.8431165938976373,0.15993209399206743,0.15993209399206743,SURPLUS_PRESSURE,19
6331.01,2026-06-28 05:00:00,1,2,2.462480748155144,2.3260838947886575,-0.13639685336648633,0.13639685336648633,DEFICIT_PRESSURE,20
6822.09,2026-06-28 06:00:00,2,13,1.5993081991861504,9.220364596956342,7.621056397770191,7.621056397770191,SURPLUS_PRESSURE,1
6948.10,2026-06-28 06:00:00,3,2,2.6610833161283733,6.773051454866179,4.111968138737806,4.111968138737806,SURPLUS_PRESSURE,2
5905.12,2026-06-28 06:00:00,8,2,6.690944136085293,3.352227670763487,-3.338716465321806,3.338716465321806,DEFICIT_PRESSURE,3
6140.05,2026-06-28 06:00:00,3,5,1.4742485229281064,3.886020547173363,2.4117720242452565,2.4117720242452565,SURPLUS_PRESSURE,4
6726.01,2026-06-28 06:00:00,3,2,3.5440706639305994,1.3315840887693324,-2.2124865751612672,2.2124865751612672,DEFICIT_PRESSURE,5
6364.07,2026-06-28 06:00:00,6,7,4.0466215388344695,2.110770658204928,-1.9358508806295416,1.9358508806295416,DEFICIT_PRESSURE,6
5763.03,2026-06-28 06:00:00,1,1,1.4381988078707033,3.3240252558251253,1.885826447954422,1.885826447954422,SURPLUS_PRESSURE,7
5374.01,2026-06-28 06:00:00,1,2,3.14349656227151,4.931259890492232,1.7877633282207217,1.7877633282207217,SURPLUS_PRESSURE,8
5905.14,2026-06-28 06:00:00,3,2,1.5285140338588805,3.1134986876489137,1.5849846537900332,1.5849846537900332,SURPLUS_PRESSURE,9
5712.03,2026-06-28 06:00:00,2,2,2.2581343883126506,3.5408568947681633,1.2827225064555128,1.2827225064555128,SURPLUS_PRESSURE,10
6492.08,2026-06-28 06:00:00,1,1,1.5264296411327007,2.79705511978234,1.2706254786496392,1.2706254786496392,SURPLUS_PRESSURE,11
5492.05,2026-06-28 06:00:00,0,1,1.4807221964328923,2.674538671676259,1.1938164752433669,1.1938164752433669,SURPLUS_PRESSURE,12
6432.09,2026-06-28 06:00:00,2,3,5.494656434360064,6.626458614466383,1.1318021801063187,1.1318021801063187,SURPLUS_PRESSURE,13
6233.04,2026-06-28 06:00:00,0,6,0.9991107211172817,2.0242556229082584,1.0251449017909766,1.0251449017909766,SURPLUS_PRESSURE,14
5980.10,2026-06-28 06:00:00,1,2,1.4849284588800398,0.6039541701261999,-0.8809742887538399,0.8809742887538399,DEFICIT_PRESSURE,15
6912.01,2026-06-28 06:00:00,0,3,2.2592300732856656,1.515329020391899,-0.7439010528937666,0.7439010528937666,DEFICIT_PRESSURE,16
6459.07,2026-06-28 06:00:00,2,3,1.3679211167883103,2.0776471374989254,0.7097260207106151,0.7097260207106151,SURPLUS_PRESSURE,17
6173.08,2026-06-28 06:00:00,0,0,0.7452863238433959,0.06969313252824065,-0.6755931913151553,0.6755931913151553,DEFICIT_PRESSURE,18
6072.06,2026-06-28 06:00:00,5,6,2.9020364818603612,2.4082571678048077,-0.49377931405555353,0.49377931405555353,DEFICIT_PRESSURE,19
6331.01,2026-06-28 06:00:00,6,6,6.555482802190605,6.394400251917298,-0.1610825502733073,0.1610825502733073,DEFICIT_PRESSURE,20
6233.04,2026-06-28 07:00:00,1,7,3.025744146736749,12.768857918697158,9.74311377196041,9.74311377196041,SURPLUS_PRESSURE,1
6822.09,2026-06-28 07:00:00,11,11,11.179857026143788,18.340983707716806,7.161126681573018,7.161126681573018,SURPLUS_PRESSURE,2
6331.01,2026-06-28 07:00:00,3,14,5.316279247394935,12.053686038889246,6.737406791494311,6.737406791494311,SURPLUS_PRESSURE,3
6072.06,2026-06-28 07:00:00,9,12,4.674459422966215,10.823613272601092,6.149153849634877,6.149153849634877,SURPLUS_PRESSURE,4
6912.01,2026-06-28 07:00:00,8,7,3.156423760438969,9.09398578184471,5.937562021405741,5.937562021405741,SURPLUS_PRESSURE,5
6432.09,2026-06-28 07:00:00,6,11,4.749444306928147,9.55568046470865,4.8062361577805035,4.8062361577805035,SURPLUS_PRESSURE,6
5492.05,2026-06-28 07:00:00,1,3,0.8189241271268081,5.531935822853885,4.713011695727078,4.713011695727078,SURPLUS_PRESSURE,7
5712.03,2026-06-28 07:00:00,3,8,3.1553934513588575,7.85269819991699,4.697304748558132,4.697304748558132,SURPLUS_PRESSURE,8
6364.07,2026-06-28 07:00:00,8,8,12.2439599784309,8.382035305251003,-3.861924673179896,3.861924673179896,DEFICIT_PRESSURE,9
6140.05,2026-06-28 07:00:00,4,7,5.0500202888149985,7.675821212594859,2.6258009237798605,2.6258009237798605,SURPLUS_PRESSURE,10
5905.12,2026-06-28 07:00:00,9,12,7.2145202133441755,4.77714946520312,-2.4373707481410554,2.4373707481410554,DEFICIT_PRESSURE,11
6492.08,2026-06-28 07:00:00,4,4,2.881242345221935,5.251057058715702,2.369814713493767,2.369814713493767,SURPLUS_PRESSURE,12
5374.01,2026-06-28 07:00:00,1,2,2.272614923784026,3.978922546261414,1.706307622477388,1.706307622477388,SURPLUS_PRESSURE,13
5905.14,2026-06-28 07:00:00,3,6,4.620844848492813,3.742428834808306,-0.878416013684507,0.878416013684507,DEFICIT_PRESSURE,14
6726.01,2026-06-28 07:00:00,15,5,8.451941774110084,7.689754351398208,-0.7621874227118761,0.7621874227118761,DEFICIT_PRESSURE,15
6948.10,2026-06-28 07:00:00,8,20,8.192794538794542,8.863806538103207,0.6710119993086643,0.6710119993086643,SURPLUS_PRESSURE,16
5763.03,2026-06-28 07:00:00,4,2,4.151950028268521,4.697448759185947,0.5454987309174255,0.5454987309174255,SURPLUS_PRESSURE,17
5980.10,2026-06-28 07:00:00,3,1,2.4128890144751343,2.6096547658111184,0.19676575133598417,0.19676575133598417,SURPLUS_PRESSURE,18
6459.07,2026-06-28 07:00:00,3,3,4.422592812973099,4.2681774227422276,-0.1544153902308718,0.1544153902308718,DEFICIT_PRESSURE,19
6173.08,2026-06-28 07:00:00,0,0,1.1340935155887422,1.0901274295990993,-0.04396608598964291,0.04396608598964291,DEFICIT_PRESSURE,20
6331.01,2026-06-28 08:00:00,3,14,7.357776907909128,20.8406133508572,13.482836442948074,13.482836442948074,SURPLUS_PRESSURE,1
6948.10,2026-06-28 08:00:00,11,6,9.615922499525958,22.105153050232214,12.489230550706257,12.489230550706257,SURPLUS_PRESSURE,2
6233.04,2026-06-28 08:00:00,11,32,5.743713403303826,17.419381073675776,11.67566767037195,11.67566767037195,SURPLUS_PRESSURE,3
6726.01,2026-06-28 08:00:00,15,11,18.005974572214896,6.51217192490894,-11.493802647305955,11.493802647305955,DEFICIT_PRESSURE,4
6432.09,2026-06-28 08:00:00,6,9,9.23109520153863,19.58276872420674,10.351673522668111,10.351673522668111,SURPLUS_PRESSURE,5
6459.07,2026-06-28 08:00:00,6,4,9.752671571175464,3.9179113955711564,-5.834760175604307,5.834760175604307,DEFICIT_PRESSURE,6
6140.05,2026-06-28 08:00:00,16,16,12.654855089355097,18.094922123456563,5.440067034101466,5.440067034101466,SURPLUS_PRESSURE,7
6364.07,2026-06-28 08:00:00,9,10,15.031660942562189,10.190465893125007,-4.841195049437182,4.841195049437182,DEFICIT_PRESSURE,8
6822.09,2026-06-28 08:00:00,15,5,13.260503551029121,9.201790344213116,-4.058713206816005,4.058713206816005,DEFICIT_PRESSURE,9
5980.10,2026-06-28 08:00:00,5,0,7.794115611940895,4.079631497162541,-3.7144841147783536,3.7144841147783536,DEFICIT_PRESSURE,10
5905.14,2026-06-28 08:00:00,10,7,6.930256114739865,9.720966702369678,2.790710587629813,2.790710587629813,SURPLUS_PRESSURE,11
5712.03,2026-06-28 08:00:00,4,3,5.515589050851402,8.148048391549137,2.6324593406977357,2.6324593406977357,SURPLUS_PRESSURE,12
5905.12,2026-06-28 08:00:00,4,5,12.94660242532023,15.454520606402694,2.5079181810824647,2.5079181810824647,SURPLUS_PRESSURE,13
6492.08,2026-06-28 08:00:00,4,6,7.1433127929883815,8.455605253016019,1.3122924600276376,1.3122924600276376,SURPLUS_PRESSURE,14
6173.08,2026-06-28 08:00:00,0,0,2.552677427268643,1.6142585083801395,-0.9384189188885037,0.9384189188885037,DEFICIT_PRESSURE,15
6072.06,2026-06-28 08:00:00,8,9,14.019922529179592,14.85291578969448,0.832993260514888,0.832993260514888,SURPLUS_PRESSURE,16
5492.05,2026-06-28 08:00:00,3,4,4.72293446118658,5.308444354607128,0.5855098934205483,0.5855098934205483,SURPLUS_PRESSURE,17
5763.03,2026-06-28 08:00:00,9,8,7.187045631132223,6.8994585854633375,-0.2875870456688858,0.2875870456688858,DEFICIT_PRESSURE,18
6912.01,2026-06-28 08:00:00,10,20,14.157808662522145,14.378472761716832,0.22066409919468732,0.22066409919468732,SURPLUS_PRESSURE,19
5374.01,2026-06-28 08:00:00,2,4,4.738042579202858,4.569240561724299,-0.16880201747855939,0.16880201747855939,DEFICIT_PRESSURE,20
6331.01,2026-06-28 09:00:00,16,26,6.734719350870318,22.436776684066757,15.70205733319644,15.70205733319644,SURPLUS_PRESSURE,1
6233.04,2026-06-28 09:00:00,10,12,15.528739633576077,27.650996482818424,12.122256849242348,12.122256849242348,SURPLUS_PRESSURE,2
6912.01,2026-06-28 09:00:00,34,26,10.411086520378483,19.832179405107553,9.42109288472907,9.42109288472907,SURPLUS_PRESSURE,3
5980.10,2026-06-28 09:00:00,11,3,10.218098295527144,1.7825358236196283,-8.435562471907515,8.435562471907515,DEFICIT_PRESSURE,4
6432.09,2026-06-28 09:00:00,10,22,8.124718785299667,15.52381858292267,7.399099797623004,7.399099797623004,SURPLUS_PRESSURE,5
6822.09,2026-06-28 09:00:00,7,7,13.399416378112841,6.269749281465375,-7.1296670966474665,7.1296670966474665,DEFICIT_PRESSURE,6
6726.01,2026-06-28 09:00:00,26,16,18.917173065062677,11.869409710706366,-7.047763354356311,7.047763354356311,DEFICIT_PRESSURE,7
6948.10,2026-06-28 09:00:00,16,16,15.773207536045279,9.965263136153554,-5.807944399891724,5.807944399891724,DEFICIT_PRESSURE,8
6072.06,2026-06-28 09:00:00,14,20,10.511595930817904,13.317765422937516,2.8061694921196114,2.8061694921196114,SURPLUS_PRESSURE,9
6459.07,2026-06-28 09:00:00,8,7,9.962024889214375,7.168956250277136,-2.793068638937239,2.793068638937239,DEFICIT_PRESSURE,10
5905.14,2026-06-28 09:00:00,11,22,11.203576331552494,13.839167932042331,2.635591600489837,2.635591600489837,SURPLUS_PRESSURE,11
6492.08,2026-06-28 09:00:00,15,11,6.819936494373346,8.902613098555438,2.082676604182092,2.082676604182092,SURPLUS_PRESSURE,12
6364.07,2026-06-28 09:00:00,9,21,11.001459558848076,12.978092344109449,1.9766327852613728,1.9766327852613728,SURPLUS_PRESSURE,13
6173.08,2026-06-28 09:00:00,0,0,3.5856295203146518,1.708271645323354,-1.8773578749912978,1.8773578749912978,DEFICIT_PRESSURE,14
5492.05,2026-06-28 09:00:00,11,18,8.207869179680742,10.081669782565603,1.8738006028848613,1.8738006028848613,SURPLUS_PRESSURE,15
5905.12,2026-06-28 09:00:00,7,12,7.496167790246399,9.314423467476033,1.8182556772296339,1.8182556772296339,SURPLUS_PRESSURE,16
5712.03,2026-06-28 09:00:00,9,19,10.70758903419063,12.410569535493162,1.702980501302532,1.702980501302532,SURPLUS_PRESSURE,17
5374.01,2026-06-28 09:00:00,9,5,10.462461919135666,9.298119064601877,-1.164342854533789,1.164342854533789,DEFICIT_PRESSURE,18
6140.05,2026-06-28 09:00:00,27,27,21.831065580906735,22.30394503814508,0.4728794572383457,0.4728794572383457,SURPLUS_PRESSURE,19
5763.03,2026-06-28 09:00:00,16,17,10.737112759614078,10.999456399080664,0.2623436394665859,0.2623436394665859,SURPLUS_PRESSURE,20
5980.10,2026-06-28 10:00:00,11,4,13.283939859616355,2.4624708735151715,-10.821468986101184,10.821468986101184,DEFICIT_PRESSURE,1
6072.06,2026-06-28 10:00:00,34,36,18.396554352044806,28.348561927256938,9.952007575212132,9.952007575212132,SURPLUS_PRESSURE,2
6726.01,2026-06-28 10:00:00,23,17,24.307615408317837,16.24979668241626,-8.057818725901576,8.057818725901576,DEFICIT_PRESSURE,3
5905.12,2026-06-28 10:00:00,25,21,11.577802204994919,19.28022089084071,7.702418685845791,7.702418685845791,SURPLUS_PRESSURE,4
5712.03,2026-06-28 10:00:00,13,26,14.996569478264469,22.574065856864962,7.577496378600493,7.577496378600493,SURPLUS_PRESSURE,5
5492.05,2026-06-28 10:00:00,13,17,11.077645460230954,18.489297114729876,7.411651654498922,7.411651654498922,SURPLUS_PRESSURE,6
6912.01,2026-06-28 10:00:00,29,25,23.40023165819831,30.071666576621784,6.671434918423472,6.671434918423472,SURPLUS_PRESSURE,7
6140.05,2026-06-28 10:00:00,28,32,26.27393971493093,32.08694734503918,5.813007630108249,5.813007630108249,SURPLUS_PRESSURE,8
6432.09,2026-06-28 10:00:00,15,22,13.09860057046358,18.537255410993406,5.438654840529827,5.438654840529827,SURPLUS_PRESSURE,9
6331.01,2026-06-28 10:00:00,15,20,19.88395122515867,25.219587192364433,5.335635967205764,5.335635967205764,SURPLUS_PRESSURE,10
6364.07,2026-06-28 10:00:00,18,21,14.320587126601406,19.42454678100885,5.1039596544074435,5.1039596544074435,SURPLUS_PRESSURE,11
5905.14,2026-06-28 10:00:00,28,19,16.60015352411002,21.199712484819315,4.599558960709295,4.599558960709295,SURPLUS_PRESSURE,12
5374.01,2026-06-28 10:00:00,10,27,14.535409261862783,11.153731233705878,-3.381678028156905,3.381678028156905,DEFICIT_PRESSURE,13
5763.03,2026-06-28 10:00:00,26,20,19.332418133766634,21.409700603318992,2.077282469552358,2.077282469552358,SURPLUS_PRESSURE,14
6173.08,2026-06-28 10:00:00,0,0,3.631822262819031,2.5017598945091972,-1.1300623683098339,1.1300623683098339,DEFICIT_PRESSURE,15
6459.07,2026-06-28 10:00:00,17,14,13.660321343566707,12.754180859534136,-0.9061404840325711,0.9061404840325711,DEFICIT_PRESSURE,16
6822.09,2026-06-28 10:00:00,15,10,10.676101998914215,11.282186383040216,0.6060843841260013,0.6060843841260013,SURPLUS_PRESSURE,17
6492.08,2026-06-28 10:00:00,19,14,16.028995794408154,15.59841185981549,-0.4305839345926632,0.4305839345926632,DEFICIT_PRESSURE,18
6948.10,2026-06-28 10:00:00,28,34,18.46960875303778,18.27093663946257,-0.19867211357520986,0.19867211357520986,DEFICIT_PRESSURE,19
6233.04,2026-06-28 10:00:00,35,31,16.273288163891237,16.085685248238676,-0.18760291565256182,0.18760291565256182,DEFICIT_PRESSURE,20
5980.10,2026-06-28 11:00:00,27,8,15.90395816233298,5.169951830430351,-10.734006331902629,10.734006331902629,DEFICIT_PRESSURE,1
5374.01,2026-06-28 11:00:00,21,18,15.719632175560436,23.945525542397608,8.225893366837171,8.225893366837171,SURPLUS_PRESSURE,2
5712.03,2026-06-28 11:00:00,19,33,20.395167623110954,28.07329542518341,7.678127802072456,7.678127802072456,SURPLUS_PRESSURE,3
5905.12,2026-06-28 11:00:00,13,28,30.760385693617113,23.214104543275447,-7.546281150341667,7.546281150341667,DEFICIT_PRESSURE,4
6726.01,2026-06-28 11:00:00,29,21,25.674432956122793,18.32338984744497,-7.351043108677821,7.351043108677821,DEFICIT_PRESSURE,5
6822.09,2026-06-28 11:00:00,11,15,14.03332059454184,7.509683692558055,-6.523636901983784,6.523636901983784,DEFICIT_PRESSURE,6
6364.07,2026-06-28 11:00:00,22,14,16.97111289349146,23.178619133319348,6.2075062398278895,6.2075062398278895,SURPLUS_PRESSURE,7
6331.01,2026-06-28 11:00:00,21,18,17.377904996663332,22.54020742382885,5.162302427165518,5.162302427165518,SURPLUS_PRESSURE,8
6432.09,2026-06-28 11:00:00,17,11,16.334839309290153,21.218674603439435,4.883835294149282,4.883835294149282,SURPLUS_PRESSURE,9
5905.14,2026-06-28 11:00:00,17,28,26.342268916641878,22.264681350289028,-4.07758756635285,4.07758756635285,DEFICIT_PRESSURE,10
6140.05,2026-06-28 11:00:00,30,43,29.12739943416842,32.94900291380877,3.8216034796403484,3.8216034796403484,SURPLUS_PRESSURE,11
6072.06,2026-06-28 11:00:00,35,50,30.83505897806123,33.80317545062573,2.9681164725644997,2.9681164725644997,SURPLUS_PRESSURE,12
6459.07,2026-06-28 11:00:00,24,11,19.248956748097143,21.61692775468218,2.3679710065850372,2.3679710065850372,SURPLUS_PRESSURE,13
6233.04,2026-06-28 11:00:00,37,41,32.39335135413912,34.645816430803,2.2524650766638814,2.2524650766638814,SURPLUS_PRESSURE,14
6173.08,2026-06-28 11:00:00,0,0,3.9188515436067597,1.7398713251107596,-2.178980218496,2.178980218496,DEFICIT_PRESSURE,15
5492.05,2026-06-28 11:00:00,23,29,17.003007903861533,18.608255072202866,1.6052471683413323,1.6052471683413323,SURPLUS_PRESSURE,16
5763.03,2026-06-28 11:00:00,28,33,21.28639639716454,22.724084633267193,1.4376882361026517,1.4376882361026517,SURPLUS_PRESSURE,17
6912.01,2026-06-28 11:00:00,34,25,30.27590633339907,29.19010418070859,-1.08580215269048,1.08580215269048,DEFICIT_PRESSURE,18
6492.08,2026-06-28 11:00:00,17,24,19.721469909544087,19.034095032652434,-0.6873748768916528,0.6873748768916528,DEFICIT_PRESSURE,19
6948.10,2026-06-28 11:00:00,26,28,26.821175590001232,26.509967706639273,-0.31120788336195915,0.31120788336195915,DEFICIT_PRESSURE,20
5980.10,2026-06-28 12:00:00,36,9,29.54560489982468,9.916886443619996,-19.628718456204687,19.628718456204687,DEFICIT_PRESSURE,1
6140.05,2026-06-28 12:00:00,65,53,31.117232112523737,41.28580524786684,10.168573135343102,10.168573135343102,SURPLUS_PRESSURE,2
5905.12,2026-06-28 12:00:00,30,42,20.1387203482334,29.274752013405514,9.136031665172116,9.136031665172116,SURPLUS_PRESSURE,3
6072.06,2026-06-28 12:00:00,32,25,33.00293138372283,41.72619945039134,8.72326806666851,8.72326806666851,SURPLUS_PRESSURE,4
5905.14,2026-06-28 12:00:00,32,57,19.208545775689036,27.832828257507316,8.62428248181828,8.62428248181828,SURPLUS_PRESSURE,5
6459.07,2026-06-28 12:00:00,12,15,28.561937326397683,21.273256572826554,-7.288680753571128,7.288680753571128,DEFICIT_PRESSURE,6
5763.03,2026-06-28 12:00:00,30,54,26.649528044392675,33.39457177135419,6.745043726961512,6.745043726961512,SURPLUS_PRESSURE,7
5712.03,2026-06-28 12:00:00,26,26,22.658089354382096,28.92686430370669,6.268774949324595,6.268774949324595,SURPLUS_PRESSURE,8
6331.01,2026-06-28 12:00:00,17,20,27.51079227761361,21.292801490116275,-6.217990787497335,6.217990787497335,DEFICIT_PRESSURE,9
6233.04,2026-06-28 12:00:00,42,40,42.63383849608441,47.756426321964575,5.122587825880167,5.122587825880167,SURPLUS_PRESSURE,10
5374.01,2026-06-28 12:00:00,33,26,17.56136019302781,22.02478963539795,4.463429442370142,4.463429442370142,SURPLUS_PRESSURE,11
6432.09,2026-06-28 12:00:00,19,18,18.962338183169468,14.744628771640201,-4.217709411529267,4.217709411529267,DEFICIT_PRESSURE,12
6492.08,2026-06-28 12:00:00,33,32,20.245148716181333,24.331447464454286,4.086298748272952,4.086298748272952,SURPLUS_PRESSURE,13
6364.07,2026-06-28 12:00:00,24,33,19.323447718175114,22.560549154399965,3.237101436224851,3.237101436224851,SURPLUS_PRESSURE,14
6948.10,2026-06-28 12:00:00,23,37,26.366505264849916,28.967681329404044,2.601176064554128,2.601176064554128,SURPLUS_PRESSURE,15
6726.01,2026-06-28 12:00:00,50,45,26.833267950930395,24.913537348090347,-1.9197306028400476,1.9197306028400476,DEFICIT_PRESSURE,16
6173.08,2026-06-28 12:00:00,0,0,4.563012091096718,2.654686890028297,-1.908325201068421,1.908325201068421,DEFICIT_PRESSURE,17
6822.09,2026-06-28 12:00:00,17,17,14.613258541354101,13.181176130737843,-1.4320824106162586,1.4320824106162586,DEFICIT_PRESSURE,18
5492.05,2026-06-28 12:00:00,21,21,26.84051990218406,28.255889334549753,1.4153694323656936,1.4153694323656936,SURPLUS_PRESSURE,19
6912.01,2026-06-28 12:00:00,39,40,34.04679183948837,33.18970871087776,-0.8570831286106113,0.8570831286106113,DEFICIT_PRESSURE,20
5980.10,2026-06-28 13:00:00,43,12,33.02472727866064,10.064501400424508,-22.960225878236134,22.960225878236134,DEFICIT_PRESSURE,1
5905.14,2026-06-28 13:00:00,28,41,29.716285974984054,46.74202851026701,17.02574253528296,17.02574253528296,SURPLUS_PRESSURE,2
5763.03,2026-06-28 13:00:00,38,42,29.797346382392544,46.75982724095576,16.962480858563215,16.962480858563215,SURPLUS_PRESSURE,3
6726.01,2026-06-28 13:00:00,41,35,40.39240204887852,30.838852445022958,-9.553549603855565,9.553549603855565,DEFICIT_PRESSURE,4
5492.05,2026-06-28 13:00:00,31,28,30.191660723456156,23.731865014623367,-6.4597957088327895,6.4597957088327895,DEFICIT_PRESSURE,5
5374.01,2026-06-28 13:00:00,37,34,32.36737726948143,27.179197931417743,-5.188179338063687,5.188179338063687,DEFICIT_PRESSURE,6
6492.08,2026-06-28 13:00:00,21,23,30.467665219257846,25.520836117563334,-4.946829101694512,4.946829101694512,DEFICIT_PRESSURE,7
6233.04,2026-06-28 13:00:00,57,49,44.94773186987786,49.64234567676133,4.694613806883467,4.694613806883467,SURPLUS_PRESSURE,8
5712.03,2026-06-28 13:00:00,29,28,28.733721393505657,32.37948478795723,3.645763394451574,3.645763394451574,SURPLUS_PRESSURE,9
6912.01,2026-06-28 13:00:00,25,61,37.22912213052271,40.85989345736743,3.630771326844716,3.630771326844716,SURPLUS_PRESSURE,10
5905.12,2026-06-28 13:00:00,29,38,31.173790602303708,34.651803712510294,3.478013110206586,3.478013110206586,SURPLUS_PRESSURE,11
6948.10,2026-06-28 13:00:00,55,41,27.937522423161223,30.60085028968484,2.663327866523616,2.663327866523616,SURPLUS_PRESSURE,12
6459.07,2026-06-28 13:00:00,22,23,16.0900309972734,17.552900023179458,1.462869025906059,1.462869025906059,SURPLUS_PRESSURE,13
6140.05,2026-06-28 13:00:00,55,48,48.52186832703083,47.20475623065372,-1.3171120963771088,1.3171120963771088,DEFICIT_PRESSURE,14
6432.09,2026-06-28 13:00:00,28,25,18.397756438049193,17.110301744535683,-1.28745469351351,1.28745469351351,DEFICIT_PRESSURE,15
6364.07,2026-06-28 13:00:00,25,31,25.206033313966174,26.482983720467242,1.2769504065010686,1.2769504065010686,SURPLUS_PRESSURE,16
6173.08,2026-06-28 13:00:00,0,0,3.839948575690555,2.671473550306444,-1.1684750253841107,1.1684750253841107,DEFICIT_PRESSURE,17
6331.01,2026-06-28 13:00:00,42,20,20.655442742130145,21.201829505158713,0.5463867630285684,0.5463867630285684,SURPLUS_PRESSURE,18
6822.09,2026-06-28 13:00:00,19,19,15.352663860279483,15.151371588573948,-0.201292271705535,0.201292271705535,DEFICIT_PRESSURE,19
6072.06,2026-06-28 13:00:00,41,54,28.14002722686624,28.190947424524946,0.050920197658705035,0.050920197658705035,SURPLUS_PRESSURE,20
5980.10,2026-06-28 14:00:00,31,5,36.39419241244235,10.484867652908559,-25.909324759533792,25.909324759533792,DEFICIT_PRESSURE,1
5763.03,2026-06-28 14:00:00,45,44,25.572961082915857,42.93189959787772,17.35893851496186,17.35893851496186,SURPLUS_PRESSURE,2
6912.01,2026-06-28 14:00:00,41,46,35.21227017976223,47.88666393271466,12.674393752952433,12.674393752952433,SURPLUS_PRESSURE,3
6432.09,2026-06-28 14:00:00,10,7,25.301938498518254,17.760099282463884,-7.54183921605437,7.54183921605437,DEFICIT_PRESSURE,4
6072.06,2026-06-28 14:00:00,41,63,30.253825516486515,37.78245394879772,7.5286284323112085,7.5286284323112085,SURPLUS_PRESSURE,5
5492.05,2026-06-28 14:00:00,38,27,23.21157620141907,30.580508727363465,7.368932525944395,7.368932525944395,SURPLUS_PRESSURE,6
5905.12,2026-06-28 14:00:00,31,59,26.9804631391876,34.156376757610715,7.175913618423117,7.175913618423117,SURPLUS_PRESSURE,7
6331.01,2026-06-28 14:00:00,30,25,30.916319093904526,24.30857811361382,-6.607740980290707,6.607740980290707,DEFICIT_PRESSURE,8
6364.07,2026-06-28 14:00:00,19,20,16.37078324045705,22.352417484845873,5.981634244388822,5.981634244388822,SURPLUS_PRESSURE,9
5905.14,2026-06-28 14:00:00,35,33,28.142174652643934,33.36164773611861,5.2194730834746785,5.2194730834746785,SURPLUS_PRESSURE,10
6822.09,2026-06-28 14:00:00,11,18,21.146846993567898,16.098066648792013,-5.048780344775885,5.048780344775885,DEFICIT_PRESSURE,11
6492.08,2026-06-28 14:00:00,25,18,28.21389105263178,23.46775921537625,-4.746131837255529,4.746131837255529,DEFICIT_PRESSURE,12
5712.03,2026-06-28 14:00:00,19,22,29.900198754698906,27.491349814439403,-2.408848940259503,2.408848940259503,DEFICIT_PRESSURE,13
6173.08,2026-06-28 14:00:00,0,0,4.804955279197926,2.742152464591626,-2.0628028146062998,2.0628028146062998,DEFICIT_PRESSURE,14
6948.10,2026-06-28 14:00:00,34,58,36.166909561693295,38.18836625903396,2.0214566973406676,2.0214566973406676,SURPLUS_PRESSURE,15
6459.07,2026-06-28 14:00:00,26,25,26.13140951600685,24.426104768236417,-1.705304747770434,1.705304747770434,DEFICIT_PRESSURE,16
6726.01,2026-06-28 14:00:00,36,36,35.386880484510606,33.791650781385144,-1.5952297031254616,1.5952297031254616,DEFICIT_PRESSURE,17
6233.04,2026-06-28 14:00:00,41,51,45.39150255843089,44.11802878023255,-1.273473778198344,1.273473778198344,DEFICIT_PRESSURE,18
6140.05,2026-06-28 14:00:00,57,61,45.28929328835534,44.25677408917724,-1.0325191991780969,1.0325191991780969,DEFICIT_PRESSURE,19
5374.01,2026-06-28 14:00:00,37,36,26.388535221063083,27.12175192698419,0.7332167059211052,0.7332167059211052,SURPLUS_PRESSURE,20
5980.10,2026-06-28 15:00:00,34,7,31.465840493149006,4.366538815561838,-27.099301677587167,27.099301677587167,DEFICIT_PRESSURE,1
6331.01,2026-06-28 15:00:00,38,25,37.4114642442286,23.894483191814682,-13.516981052413914,13.516981052413914,DEFICIT_PRESSURE,2
5763.03,2026-06-28 15:00:00,66,44,43.00249111350942,33.46893587617421,-9.533555237335214,9.533555237335214,DEFICIT_PRESSURE,3
5492.05,2026-06-28 15:00:00,33,36,36.807590993993465,28.302193278865616,-8.505397715127849,8.505397715127849,DEFICIT_PRESSURE,4
5905.12,2026-06-28 15:00:00,41,32,31.9936785242947,39.74328216129444,7.749603636999737,7.749603636999737,SURPLUS_PRESSURE,5
6364.07,2026-06-28 15:00:00,19,42,16.56107612792925,24.28984338809809,7.728767260168841,7.728767260168841,SURPLUS_PRESSURE,6
6492.08,2026-06-28 15:00:00,12,11,27.720304349421667,19.999452455435033,-7.720851893986634,7.720851893986634,DEFICIT_PRESSURE,7
6912.01,2026-06-28 15:00:00,45,49,47.06529444916464,54.65465160675661,7.589357157591969,7.589357157591969,SURPLUS_PRESSURE,8
6948.10,2026-06-28 15:00:00,39,44,33.83700503220612,38.633631274890284,4.796626242684162,4.796626242684162,SURPLUS_PRESSURE,9
6822.09,2026-06-28 15:00:00,15,17,12.90962729167797,17.6554762664396,4.74584897476163,4.74584897476163,SURPLUS_PRESSURE,10
6459.07,2026-06-28 15:00:00,32,39,27.57273215992365,22.91669498998637,-4.656037169937278,4.656037169937278,DEFICIT_PRESSURE,11
6233.04,2026-06-28 15:00:00,53,54,40.426057317674505,44.5458172984594,4.119759980784892,4.119759980784892,SURPLUS_PRESSURE,12
6432.09,2026-06-28 15:00:00,17,16,14.75830095587329,11.176573554857619,-3.581727401015671,3.581727401015671,DEFICIT_PRESSURE,13
6072.06,2026-06-28 15:00:00,57,42,34.77084637615213,38.35162668335145,3.580780307199319,3.580780307199319,SURPLUS_PRESSURE,14
5905.14,2026-06-28 15:00:00,26,26,31.45255104391691,29.559399384828165,-1.893151659088744,1.893151659088744,DEFICIT_PRESSURE,15
5712.03,2026-06-28 15:00:00,30,29,27.646813456615067,26.011680614832848,-1.6351328417822195,1.6351328417822195,DEFICIT_PRESSURE,16
6173.08,2026-06-28 15:00:00,0,0,3.894194039966614,2.8636772893224567,-1.0305167506441575,1.0305167506441575,DEFICIT_PRESSURE,17
5374.01,2026-06-28 15:00:00,32,25,31.253247909305934,31.993639905105873,0.7403919957999392,0.7403919957999392,SURPLUS_PRESSURE,18
6140.05,2026-06-28 15:00:00,63,62,41.993796576766464,41.753064238457625,-0.24073233830883822,0.24073233830883822,DEFICIT_PRESSURE,19
6726.01,2026-06-28 15:00:00,37,38,30.38827569432647,30.304747837353908,-0.08352785697256238,0.08352785697256238,DEFICIT_PRESSURE,20
5980.10,2026-06-28 16:00:00,42,6,33.0937365421894,8.526293191068019,-24.567443351121376,24.567443351121376,DEFICIT_PRESSURE,1
6364.07,2026-06-28 16:00:00,33,28,18.319872337465522,35.52501040864975,17.205138071184226,17.205138071184226,SURPLUS_PRESSURE,2
6331.01,2026-06-28 16:00:00,21,16,34.608534473309426,23.80841018328476,-10.800124290024666,10.800124290024666,DEFICIT_PRESSURE,3
5763.03,2026-06-28 16:00:00,51,48,49.618950658019486,41.89150882776435,-7.727441830255138,7.727441830255138,DEFICIT_PRESSURE,4
6459.07,2026-06-28 16:00:00,27,36,27.021138316025546,34.65745207366526,7.636313757639716,7.636313757639716,SURPLUS_PRESSURE,5
6948.10,2026-06-28 16:00:00,42,33,29.086275111399832,35.94342836525366,6.857153253853827,6.857153253853827,SURPLUS_PRESSURE,6
5905.12,2026-06-28 16:00:00,29,27,32.59089586916937,26.466028240486946,-6.124867628682427,6.124867628682427,DEFICIT_PRESSURE,7
5374.01,2026-06-28 16:00:00,19,29,27.892602798211055,23.029702617666093,-4.862900180544962,4.862900180544962,DEFICIT_PRESSURE,8
6432.09,2026-06-28 16:00:00,29,21,24.163401217966058,19.711566240465466,-4.451834977500592,4.451834977500592,DEFICIT_PRESSURE,9
6822.09,2026-06-28 16:00:00,11,9,13.785794547619266,17.622305600079798,3.8365110524605317,3.8365110524605317,SURPLUS_PRESSURE,10
5905.14,2026-06-28 16:00:00,42,33,28.537109364250824,32.316858382219266,3.7797490179684416,3.7797490179684416,SURPLUS_PRESSURE,11
6492.08,2026-06-28 16:00:00,19,20,18.540435821425177,15.645671539524164,-2.894764281901013,2.894764281901013,DEFICIT_PRESSURE,12
5492.05,2026-06-28 16:00:00,48,51,39.096139992682204,41.98824052134558,2.892100528663377,2.892100528663377,SURPLUS_PRESSURE,13
6173.08,2026-06-28 16:00:00,0,0,4.0524051150026885,1.788105318883877,-2.2642997961188116,2.2642997961188116,DEFICIT_PRESSURE,14
6726.01,2026-06-28 16:00:00,24,24,31.11683967274675,33.25069011817488,2.1338504454281306,2.1338504454281306,SURPLUS_PRESSURE,15
6912.01,2026-06-28 16:00:00,55,47,48.81818538383606,46.72051526190655,-2.097670121929511,2.097670121929511,DEFICIT_PRESSURE,16
6140.05,2026-06-28 16:00:00,42,41,49.029704169370135,47.373642288111334,-1.6560618812588004,1.6560618812588004,DEFICIT_PRESSURE,17
6233.04,2026-06-28 16:00:00,57,56,51.834912909985995,53.46733590292607,1.6324229929400715,1.6324229929400715,SURPLUS_PRESSURE,18
6072.06,2026-06-28 16:00:00,42,37,37.76555373683673,36.895784699646164,-0.8697690371905651,0.8697690371905651,DEFICIT_PRESSURE,19
5712.03,2026-06-28 16:00:00,30,29,34.581443599548344,33.962823200992844,-0.6186203985554997,0.6186203985554997,DEFICIT_PRESSURE,20
5980.10,2026-06-28 17:00:00,36,7,41.342722944582626,4.06711934777498,-37.27560359680764,37.27560359680764,DEFICIT_PRESSURE,1
6331.01,2026-06-28 17:00:00,30,32,37.30323164679216,15.964463556335991,-21.33876809045617,21.33876809045617,DEFICIT_PRESSURE,2
5763.03,2026-06-28 17:00:00,47,69,55.03397946084524,34.20826823691788,-20.825711223927357,20.825711223927357,DEFICIT_PRESSURE,3
6233.04,2026-06-28 17:00:00,66,58,57.647779211714,41.25333652322061,-16.394442688493392,16.394442688493392,DEFICIT_PRESSURE,4
6912.01,2026-06-28 17:00:00,50,35,61.703152533980344,48.22144500269358,-13.481707531286766,13.481707531286766,DEFICIT_PRESSURE,5
5905.14,2026-06-28 17:00:00,33,30,41.77979656001923,32.00942257044508,-9.770373989574146,9.770373989574146,DEFICIT_PRESSURE,6
5492.05,2026-06-28 17:00:00,42,45,45.80701828080629,36.50627601335306,-9.30074226745323,9.30074226745323,DEFICIT_PRESSURE,7
6072.06,2026-06-28 17:00:00,45,35,42.82285573114431,34.16017871835027,-8.662677012794042,8.662677012794042,DEFICIT_PRESSURE,8
6432.09,2026-06-28 17:00:00,26,25,26.649998610542458,19.51829177326224,-7.131706837280216,7.131706837280216,DEFICIT_PRESSURE,9
6726.01,2026-06-28 17:00:00,31,35,30.63525565301312,37.27022199291011,6.634966339896987,6.634966339896987,SURPLUS_PRESSURE,10
6948.10,2026-06-28 17:00:00,44,40,39.96356340281891,33.47836312016642,-6.485200282652492,6.485200282652492,DEFICIT_PRESSURE,11
6822.09,2026-06-28 17:00:00,22,12,15.587356698579407,11.318320808233379,-4.269035890346029,4.269035890346029,DEFICIT_PRESSURE,12
5905.12,2026-06-28 17:00:00,46,36,29.093644931270763,24.969911521145608,-4.123733410125155,4.123733410125155,DEFICIT_PRESSURE,13
6364.07,2026-06-28 17:00:00,30,41,30.784643157440236,26.685543684217535,-4.099099473222701,4.099099473222701,DEFICIT_PRESSURE,14
6140.05,2026-06-28 17:00:00,44,42,40.45138638883561,36.821852572741484,-3.629533816094124,3.629533816094124,DEFICIT_PRESSURE,15
5712.03,2026-06-28 17:00:00,34,33,29.764825548101943,33.32966723255235,3.5648416844504105,3.5648416844504105,SURPLUS_PRESSURE,16
6492.08,2026-06-28 17:00:00,25,29,27.897102268761923,24.814163347065048,-3.0829389216968757,3.0829389216968757,DEFICIT_PRESSURE,17
5374.01,2026-06-28 17:00:00,35,38,25.560225905262204,28.61427724738381,3.054051342121607,3.054051342121607,SURPLUS_PRESSURE,18
6459.07,2026-06-28 17:00:00,43,38,27.194225566882405,29.59779979586238,2.4035742289799735,2.4035742289799735,SURPLUS_PRESSURE,19
6173.08,2026-06-28 17:00:00,0,0,5.285303832951406,2.899929909713934,-2.385373923237472,2.385373923237472,DEFICIT_PRESSURE,20
5980.10,2026-06-28 18:00:00,56,8,32.62393225164413,8.402521639073848,-24.22141061257028,24.22141061257028,DEFICIT_PRESSURE,1
5763.03,2026-06-28 18:00:00,31,34,39.08450733859113,48.619590423781794,9.535083085190664,9.535083085190664,SURPLUS_PRESSURE,2
6912.01,2026-06-28 18:00:00,55,63,47.49929659254221,38.41929392156909,-9.080002670973116,9.080002670973116,DEFICIT_PRESSURE,3
6432.09,2026-06-28 18:00:00,29,20,26.491662999712638,18.952226210117427,-7.539436789595211,7.539436789595211,DEFICIT_PRESSURE,4
6072.06,2026-06-28 18:00:00,52,51,40.32132946361172,33.41339560393844,-6.907933859673278,6.907933859673278,DEFICIT_PRESSURE,5
5905.12,2026-06-28 18:00:00,41,37,39.022653977664675,32.67440726341773,-6.348246714246947,6.348246714246947,DEFICIT_PRESSURE,6
6364.07,2026-06-28 18:00:00,54,55,38.09563862502744,31.988429638326615,-6.107208986700826,6.107208986700826,DEFICIT_PRESSURE,7
6822.09,2026-06-28 18:00:00,16,31,20.216258924440833,15.329172944992358,-4.887085979448475,4.887085979448475,DEFICIT_PRESSURE,8
6459.07,2026-06-28 18:00:00,39,29,31.58996074487286,28.373811496733012,-3.2161492481398497,3.2161492481398497,DEFICIT_PRESSURE,9
5492.05,2026-06-28 18:00:00,27,31,37.44834087635869,40.35113628571887,2.9027954093601807,2.9027954093601807,SURPLUS_PRESSURE,10
6726.01,2026-06-28 18:00:00,57,55,33.71489394376269,31.160061032756712,-2.5548329110059775,2.5548329110059775,DEFICIT_PRESSURE,11
6331.01,2026-06-28 18:00:00,20,18,23.849837615599498,25.742609665534292,1.8927720499347949,1.8927720499347949,SURPLUS_PRESSURE,12
6233.04,2026-06-28 18:00:00,60,66,48.78223247887282,50.36026506704935,1.5780325881765265,1.5780325881765265,SURPLUS_PRESSURE,13
5712.03,2026-06-28 18:00:00,43,37,29.02566278961257,27.537555186747905,-1.488107602864666,1.488107602864666,DEFICIT_PRESSURE,14
6492.08,2026-06-28 18:00:00,33,27,22.951998548926078,24.4227024018976,1.4707038529715213,1.4707038529715213,SURPLUS_PRESSURE,15
6140.05,2026-06-28 18:00:00,56,54,42.91681643799029,41.69389008973574,-1.2229263482545534,1.2229263482545534,DEFICIT_PRESSURE,16
6173.08,2026-06-28 18:00:00,0,0,3.73882697647455,2.5737772472409284,-1.1650497292336217,1.1650497292336217,DEFICIT_PRESSURE,17
5905.14,2026-06-28 18:00:00,40,39,32.917582344335635,31.978358653049316,-0.939223691286319,0.939223691286319,DEFICIT_PRESSURE,18
5374.01,2026-06-28 18:00:00,30,23,29.826678535335017,29.373968426332517,-0.4527101090024992,0.4527101090024992,DEFICIT_PRESSURE,19
6948.10,2026-06-28 18:00:00,39,31,40.840444834337504,41.259068105383776,0.41862327104627184,0.41862327104627184,SURPLUS_PRESSURE,20
5980.10,2026-06-28 19:00:00,35,11,39.3020897105159,8.70435064716788,-30.597739063348023,30.597739063348023,DEFICIT_PRESSURE,1
6140.05,2026-06-28 19:00:00,38,44,41.19141217755061,32.4488935742972,-8.742518603253409,8.742518603253409,DEFICIT_PRESSURE,2
6331.01,2026-06-28 19:00:00,32,33,25.438898665777366,17.850149599410933,-7.588749066366432,7.588749066366432,DEFICIT_PRESSURE,3
6726.01,2026-06-28 19:00:00,35,36,33.69484764913062,41.23084635002583,7.535998700895206,7.535998700895206,SURPLUS_PRESSURE,4
5712.03,2026-06-28 19:00:00,47,34,38.45163701243872,31.46968804293111,-6.981948969507606,6.981948969507606,DEFICIT_PRESSURE,5
6432.09,2026-06-28 19:00:00,15,17,20.807134811359873,14.37246082899669,-6.434673982363183,6.434673982363183,DEFICIT_PRESSURE,6
6459.07,2026-06-28 19:00:00,14,12,26.16706400663867,31.20682750102224,5.039763494383568,5.039763494383568,SURPLUS_PRESSURE,7
6912.01,2026-06-28 19:00:00,52,37,36.52138373914896,41.35366758891495,4.832283849765993,4.832283849765993,SURPLUS_PRESSURE,8
6948.10,2026-06-28 19:00:00,39,41,28.67731194861967,24.996749508442566,-3.6805624401771055,3.6805624401771055,DEFICIT_PRESSURE,9
6173.08,2026-06-28 19:00:00,0,0,5.636772074513768,2.0048216149377245,-3.6319504595760437,3.6319504595760437,DEFICIT_PRESSURE,10
6364.07,2026-06-28 19:00:00,40,29,34.56126320353235,31.807320630646426,-2.753942572885922,2.753942572885922,DEFICIT_PRESSURE,11
5763.03,2026-06-28 19:00:00,49,45,28.62779585744623,25.95120234940716,-2.676593508039069,2.676593508039069,DEFICIT_PRESSURE,12
6492.08,2026-06-28 19:00:00,10,13,26.717654447705275,24.17125410930412,-2.546400338401156,2.546400338401156,DEFICIT_PRESSURE,13
6233.04,2026-06-28 19:00:00,52,44,40.48219876541934,38.13085988254058,-2.351338882878764,2.351338882878764,DEFICIT_PRESSURE,14
5492.05,2026-06-28 19:00:00,35,26,28.628321717004283,26.448772138043722,-2.179549578960561,2.179549578960561,DEFICIT_PRESSURE,15
6822.09,2026-06-28 19:00:00,22,15,19.397279582104886,21.50486914814957,2.107589566044684,2.107589566044684,SURPLUS_PRESSURE,16
5905.14,2026-06-28 19:00:00,38,28,32.39009054722017,30.4824333352681,-1.907657211952067,1.907657211952067,DEFICIT_PRESSURE,17
5374.01,2026-06-28 19:00:00,35,28,24.98682765402004,23.953764320104252,-1.0330633339157878,1.0330633339157878,DEFICIT_PRESSURE,18
6072.06,2026-06-28 19:00:00,47,32,32.675481533423465,31.891646662375695,-0.7838348710477696,0.7838348710477696,DEFICIT_PRESSURE,19
5905.12,2026-06-28 19:00:00,34,27,29.528564567362633,29.15793692362376,-0.3706276437388709,0.3706276437388709,DEFICIT_PRESSURE,20
6072.06,2026-06-28 20:00:00,32,27,37.468297967262316,23.943502393678123,-13.524795573584193,13.524795573584193,DEFICIT_PRESSURE,1
5980.10,2026-06-28 20:00:00,18,2,23.644212422607616,10.334071698304088,-13.310140724303528,13.310140724303528,DEFICIT_PRESSURE,2
6364.07,2026-06-28 20:00:00,32,34,30.176881744434894,18.24987180159159,-11.927009942843306,11.927009942843306,DEFICIT_PRESSURE,3
5712.03,2026-06-28 20:00:00,24,17,31.59647588122938,24.187938252988555,-7.4085376282408255,7.4085376282408255,DEFICIT_PRESSURE,4
6912.01,2026-06-28 20:00:00,47,40,31.75602243685452,24.896649758096377,-6.859372678758142,6.859372678758142,DEFICIT_PRESSURE,5
6140.05,2026-06-28 20:00:00,37,36,28.132957783314147,33.9146162605258,5.78165847721165,5.78165847721165,SURPLUS_PRESSURE,6
5763.03,2026-06-28 20:00:00,48,46,36.61385715601177,30.85961358928622,-5.754243566725549,5.754243566725549,DEFICIT_PRESSURE,7
6233.04,2026-06-28 20:00:00,46,37,37.67542452862794,32.141787776542856,-5.533636752085087,5.533636752085087,DEFICIT_PRESSURE,8
5905.12,2026-06-28 20:00:00,45,22,25.74552405357164,20.251813512351884,-5.493710541219755,5.493710541219755,DEFICIT_PRESSURE,9
6726.01,2026-06-28 20:00:00,24,27,25.95793011409147,31.131405754988695,5.173475640897223,5.173475640897223,SURPLUS_PRESSURE,10
5374.01,2026-06-28 20:00:00,20,21,22.909331714099764,19.41122177827706,-3.498109935822704,3.498109935822704,DEFICIT_PRESSURE,11
5905.14,2026-06-28 20:00:00,23,29,23.533957930014886,20.468256329881168,-3.0657016001337176,3.0657016001337176,DEFICIT_PRESSURE,12
5492.05,2026-06-28 20:00:00,32,28,24.849247000152886,22.328361929965766,-2.52088507018712,2.52088507018712,DEFICIT_PRESSURE,13
6331.01,2026-06-28 20:00:00,26,30,23.534097100511584,21.08442576557934,-2.449671334932244,2.449671334932244,DEFICIT_PRESSURE,14
6432.09,2026-06-28 20:00:00,14,10,15.219034717912756,13.44721180056073,-1.7718229173520257,1.7718229173520257,DEFICIT_PRESSURE,15
6173.08,2026-06-28 20:00:00,0,0,3.6897548153023894,1.9883633297793175,-1.7013914855230718,1.7013914855230718,DEFICIT_PRESSURE,16
6492.08,2026-06-28 20:00:00,13,19,16.28495741078923,15.415839736796116,-0.869117673993113,0.869117673993113,DEFICIT_PRESSURE,17
6822.09,2026-06-28 20:00:00,16,16,14.015496048086165,13.269258337560016,-0.7462377105261488,0.7462377105261488,DEFICIT_PRESSURE,18
6459.07,2026-06-28 20:00:00,24,25,16.261632911196486,15.519849983350833,-0.7417829278456534,0.7417829278456534,DEFICIT_PRESSURE,19
6948.10,2026-06-28 20:00:00,33,16,23.806269915433113,24.072022481201998,0.26575256576888506,0.26575256576888506,SURPLUS_PRESSURE,20
5905.12,2026-06-28 21:00:00,27,17,29.754420458890205,13.964553532259961,-15.789866926630244,15.789866926630244,DEFICIT_PRESSURE,1
6233.04,2026-06-28 21:00:00,18,8,30.683406036290762,15.58424774800684,-15.099158288283922,15.099158288283922,DEFICIT_PRESSURE,2
5763.03,2026-06-28 21:00:00,23,15,34.71234067743495,20.349066919735666,-14.363273757699286,14.363273757699286,DEFICIT_PRESSURE,3
5980.10,2026-06-28 21:00:00,11,2,14.023001493342674,2.1999880909864284,-11.823013402356246,11.823013402356246,DEFICIT_PRESSURE,4
6912.01,2026-06-28 21:00:00,6,23,26.463309615843244,18.643669889412614,-7.81963972643063,7.81963972643063,DEFICIT_PRESSURE,5
6140.05,2026-06-28 21:00:00,25,25,22.053608679366512,28.705462718360653,6.651854038994141,6.651854038994141,SURPLUS_PRESSURE,6
6948.10,2026-06-28 21:00:00,11,11,20.466714013487834,14.326310223452083,-6.1404037900357515,6.1404037900357515,DEFICIT_PRESSURE,7
6072.06,2026-06-28 21:00:00,21,22,23.429289370326305,28.96006505229166,5.5307756819653555,5.5307756819653555,SURPLUS_PRESSURE,8
6364.07,2026-06-28 21:00:00,36,21,21.466586972597284,16.324856904274483,-5.141730068322801,5.141730068322801,DEFICIT_PRESSURE,9
6726.01,2026-06-28 21:00:00,24,33,22.63683156830298,17.72516181034198,-4.9116697579610005,4.9116697579610005,DEFICIT_PRESSURE,10
6492.08,2026-06-28 21:00:00,14,15,19.04528854222203,14.666407579518193,-4.378880962703835,4.378880962703835,DEFICIT_PRESSURE,11
6432.09,2026-06-28 21:00:00,12,12,13.058234280154636,8.752492093861424,-4.305742186293212,4.305742186293212,DEFICIT_PRESSURE,12
5374.01,2026-06-28 21:00:00,16,14,14.968727905317209,19.239704500584637,4.2709765952674275,4.2709765952674275,SURPLUS_PRESSURE,13
6822.09,2026-06-28 21:00:00,12,7,10.763590320629572,7.619943234140983,-3.1436470864885884,3.1436470864885884,DEFICIT_PRESSURE,14
5492.05,2026-06-28 21:00:00,20,16,20.623756809959495,17.64318054495461,-2.980576265004885,2.980576265004885,DEFICIT_PRESSURE,15
6459.07,2026-06-28 21:00:00,8,19,17.058327142788215,15.039709387560695,-2.0186177552275204,2.0186177552275204,DEFICIT_PRESSURE,16
6173.08,2026-06-28 21:00:00,0,0,3.7356192841668587,1.7642489261456087,-1.97137035802125,1.97137035802125,DEFICIT_PRESSURE,17
6331.01,2026-06-28 21:00:00,18,14,16.359001668832036,17.3160033312257,0.9570016623936652,0.9570016623936652,SURPLUS_PRESSURE,18
5905.14,2026-06-28 21:00:00,19,19,16.64097916248347,17.58965119765496,0.9486720351714872,0.9486720351714872,SURPLUS_PRESSURE,19
5712.03,2026-06-28 21:00:00,32,18,19.754911551593892,19.037780941569412,-0.7171306100244799,0.7171306100244799,DEFICIT_PRESSURE,20
6364.07,2026-06-28 22:00:00,23,15,34.24371675329133,14.382971214925611,-19.86074553836572,19.86074553836572,DEFICIT_PRESSURE,1
5712.03,2026-06-28 22:00:00,22,13,24.475614769772314,11.066807399820782,-13.408807369951532,13.408807369951532,DEFICIT_PRESSURE,2
6726.01,2026-06-28 22:00:00,16,27,13.46533045887884,25.592038374580103,12.126707915701262,12.126707915701262,SURPLUS_PRESSURE,3
5980.10,2026-06-28 22:00:00,8,3,11.536592224390281,2.172714764179244,-9.363877460211038,9.363877460211038,DEFICIT_PRESSURE,4
5905.12,2026-06-28 22:00:00,21,7,18.783841133257116,11.023239411416764,-7.760601721840352,7.760601721840352,DEFICIT_PRESSURE,5
6140.05,2026-06-28 22:00:00,8,5,16.390445425316724,23.987212694114454,7.596767268797731,7.596767268797731,SURPLUS_PRESSURE,6
5492.05,2026-06-28 22:00:00,13,22,20.310366183536114,13.39592994905508,-6.914436234481034,6.914436234481034,DEFICIT_PRESSURE,7
5905.14,2026-06-28 22:00:00,18,13,18.205296239026918,11.832778797309182,-6.372517441717736,6.372517441717736,DEFICIT_PRESSURE,8
6912.01,2026-06-28 22:00:00,13,6,7.228983429993474,13.408648338611371,6.179664908617897,6.179664908617897,SURPLUS_PRESSURE,9
6492.08,2026-06-28 22:00:00,4,3,15.437370910199489,10.470358477821865,-4.967012432377624,4.967012432377624,DEFICIT_PRESSURE,10
6331.01,2026-06-28 22:00:00,15,16,18.602033139020023,13.796877440266673,-4.8051556987533495,4.8051556987533495,DEFICIT_PRESSURE,11
6072.06,2026-06-28 22:00:00,22,10,19.35943907003765,14.883154917926998,-4.476284152110651,4.476284152110651,DEFICIT_PRESSURE,12
6173.08,2026-06-28 22:00:00,0,0,3.530809156953919,0.571097783229902,-2.9597113737240166,2.9597113737240166,DEFICIT_PRESSURE,13
6233.04,2026-06-28 22:00:00,4,3,13.700428490030344,11.027864884195099,-2.6725636058352453,2.6725636058352453,DEFICIT_PRESSURE,14
6822.09,2026-06-28 22:00:00,5,8,7.840287056318118,5.452193205914223,-2.3880938504038953,2.3880938504038953,DEFICIT_PRESSURE,15
6432.09,2026-06-28 22:00:00,8,8,10.57848118552186,8.62340563782505,-1.9550755476968096,1.9550755476968096,DEFICIT_PRESSURE,16
6459.07,2026-06-28 22:00:00,22,13,12.770970933501012,14.442883782134507,1.6719128486334949,1.6719128486334949,SURPLUS_PRESSURE,17
5374.01,2026-06-28 22:00:00,12,12,13.433982897449098,14.810578832191752,1.376595934742653,1.376595934742653,SURPLUS_PRESSURE,18
5763.03,2026-06-28 22:00:00,26,16,22.828757778540236,21.628434870392958,-1.2003229081472782,1.2003229081472782,DEFICIT_PRESSURE,19
6948.10,2026-06-28 22:00:00,13,12,8.275704593321443,9.334382916212,1.0586783228905574,1.0586783228905574,SURPLUS_PRESSURE,20
5905.12,2026-06-28 23:00:00,18,8,15.998497358190667,6.091962436438905,-9.906534921751762,9.906534921751762,DEFICIT_PRESSURE,1
6364.07,2026-06-28 23:00:00,36,21,17.17696749871501,8.78065663407616,-8.39631086463885,8.39631086463885,DEFICIT_PRESSURE,2
5763.03,2026-06-28 23:00:00,16,14,20.89517793562284,13.098130387216454,-7.797047548406386,7.797047548406386,DEFICIT_PRESSURE,3
6140.05,2026-06-28 23:00:00,4,5,4.5881206356279876,11.427023160488595,6.8389025248606075,6.8389025248606075,SURPLUS_PRESSURE,4
6726.01,2026-06-28 23:00:00,10,14,9.97506656512704,16.08850574961511,6.113439184488069,6.113439184488069,SURPLUS_PRESSURE,5
5712.03,2026-06-28 23:00:00,8,11,15.57387831513188,9.719040416986882,-5.854837898144998,5.854837898144998,DEFICIT_PRESSURE,6
5374.01,2026-06-28 23:00:00,16,17,10.393492084620668,15.925571895085689,5.532079810465021,5.532079810465021,SURPLUS_PRESSURE,7
5980.10,2026-06-28 23:00:00,15,1,8.7830822579072,3.2948533037075958,-5.488228954199604,5.488228954199604,DEFICIT_PRESSURE,8
6331.01,2026-06-28 23:00:00,14,11,14.31732269119769,8.866276403279608,-5.451046287918082,5.451046287918082,DEFICIT_PRESSURE,9
5492.05,2026-06-28 23:00:00,10,5,9.6334854078785,14.350851291922687,4.717365884044188,4.717365884044188,SURPLUS_PRESSURE,10
6912.01,2026-06-28 23:00:00,13,8,10.0745254664741,5.950320344373058,-4.124205122101042,4.124205122101042,DEFICIT_PRESSURE,11
6822.09,2026-06-28 23:00:00,6,5,3.552893994090229,5.9753785254087495,2.4224845313185206,2.4224845313185206,SURPLUS_PRESSURE,12
6492.08,2026-06-28 23:00:00,11,7,6.943491966030184,4.911173486482076,-2.032318479548108,2.032318479548108,DEFICIT_PRESSURE,13
6432.09,2026-06-28 23:00:00,5,6,6.315730337667828,8.087134777721202,1.7714044400533737,1.7714044400533737,SURPLUS_PRESSURE,14
6459.07,2026-06-28 23:00:00,5,5,12.978033174040874,11.3265281651703,-1.6515050088705738,1.6515050088705738,DEFICIT_PRESSURE,15
6948.10,2026-06-28 23:00:00,6,12,7.401513543869051,5.866214552810489,-1.5352989910585615,1.5352989910585615,DEFICIT_PRESSURE,16
6173.08,2026-06-28 23:00:00,0,0,1.8221402280515187,0.41157503394537964,-1.410565194106139,1.410565194106139,DEFICIT_PRESSURE,17
6072.06,2026-06-28 23:00:00,10,9,15.985404997826397,15.090062237832605,-0.8953427599937918,0.8953427599937918,DEFICIT_PRESSURE,18
5905.14,2026-06-28 23:00:00,15,11,11.511171963517892,10.753853516999914,-0.7573184465179779,0.7573184465179779,DEFICIT_PRESSURE,19
6233.04,2026-06-28 23:00:00,0,1,3.065511822181169,2.9901692494006062,-0.07534257278056256,0.07534257278056256,DEFICIT_PRESSURE,20
6364.07,2026-06-29 00:00:00,11,4,35.95091149301246,20.63366910613375,-15.317242386878714,15.317242386878714,DEFICIT_PRESSURE,1
5905.12,2026-06-29 00:00:00,15,15,14.729866640225575,5.515422815900429,-9.214443824325146,9.214443824325146,DEFICIT_PRESSURE,2
5980.10,2026-06-29 00:00:00,9,2,9.467045054661208,1.448519853034269,-8.01852520162694,8.01852520162694,DEFICIT_PRESSURE,3
5763.03,2026-06-29 00:00:00,13,4,15.389102319188801,9.16095054394676,-6.228151775242042,6.228151775242042,DEFICIT_PRESSURE,4
5492.05,2026-06-29 00:00:00,2,1,6.704909695147044,1.9115009620620065,-4.7934087330850375,4.7934087330850375,DEFICIT_PRESSURE,5
5905.14,2026-06-29 00:00:00,4,5,8.785253184201927,5.020258666332299,-3.7649945178696287,3.7649945178696287,DEFICIT_PRESSURE,6
6331.01,2026-06-29 00:00:00,6,7,8.949203439442769,12.347991931871372,3.3987884924286025,3.3987884924286025,SURPLUS_PRESSURE,7
6948.10,2026-06-29 00:00:00,10,4,4.206681846689708,7.193890345716802,2.987208499027094,2.987208499027094,SURPLUS_PRESSURE,8
6912.01,2026-06-29 00:00:00,7,3,6.868066180680085,4.27095588971305,-2.597110290967035,2.597110290967035,DEFICIT_PRESSURE,9
6432.09,2026-06-29 00:00:00,3,3,3.4310679480525645,5.407687771265262,1.976619823212697,1.976619823212697,SURPLUS_PRESSURE,10
6072.06,2026-06-29 00:00:00,6,6,6.441325165694405,4.565913853727144,-1.8754113119672606,1.8754113119672606,DEFICIT_PRESSURE,11
6492.08,2026-06-29 00:00:00,3,4,6.0031863176201625,4.268418456781814,-1.7347678608383488,1.7347678608383488,DEFICIT_PRESSURE,12
5374.01,2026-06-29 00:00:00,1,6,11.152319313293546,9.716627371523934,-1.435691941769612,1.435691941769612,DEFICIT_PRESSURE,13
6173.08,2026-06-29 00:00:00,0,0,1.2813438898095004,0.444259568839356,-0.8370843209701444,0.8370843209701444,DEFICIT_PRESSURE,14
6726.01,2026-06-29 00:00:00,18,6,7.222631848673712,7.892346739176725,0.6697148905030126,0.6697148905030126,SURPLUS_PRESSURE,15
6822.09,2026-06-29 00:00:00,9,2,3.1232613930211515,3.7121965002287785,0.588935107207627,0.588935107207627,SURPLUS_PRESSURE,16
6140.05,2026-06-29 00:00:00,4,2,2.240102948678202,2.7757409299885687,0.5356379813103667,0.5356379813103667,SURPLUS_PRESSURE,17
6459.07,2026-06-29 00:00:00,1,6,3.040932527684973,2.6025202376418646,-0.4384122900431082,0.4384122900431082,DEFICIT_PRESSURE,18
5712.03,2026-06-29 00:00:00,8,8,6.693516209063963,7.095673425126284,0.4021572160623208,0.4021572160623208,SURPLUS_PRESSURE,19
6233.04,2026-06-29 00:00:00,1,0,2.4886287286942963,2.314388001913127,-0.1742407267811692,0.1742407267811692,DEFICIT_PRESSURE,20
5763.03,2026-06-29 01:00:00,5,2,12.206416015611897,5.885636184838939,-6.320779830772958,6.320779830772958,DEFICIT_PRESSURE,1
6822.09,2026-06-29 01:00:00,0,4,6.5849210299555345,1.1993135635161254,-5.385607466439409,5.385607466439409,DEFICIT_PRESSURE,2
5712.03,2026-06-29 01:00:00,6,1,10.951792203984176,5.715781658925846,-5.23601054505833,5.23601054505833,DEFICIT_PRESSURE,3
5905.14,2026-06-29 01:00:00,0,3,2.2814742401292976,6.386416362675891,4.104942122546593,4.104942122546593,SURPLUS_PRESSURE,4
6726.01,2026-06-29 01:00:00,2,8,7.108397347248047,3.547283340940417,-3.5611140063076303,3.5611140063076303,DEFICIT_PRESSURE,5
6364.07,2026-06-29 01:00:00,2,1,7.068463662907243,4.14014862236893,-2.9283150405383136,2.9283150405383136,DEFICIT_PRESSURE,6
5980.10,2026-06-29 01:00:00,7,0,3.908789985144775,1.071650199989317,-2.837139785155458,2.837139785155458,DEFICIT_PRESSURE,7
6948.10,2026-06-29 01:00:00,0,0,4.929294004126115,2.787036706096364,-2.142257298029751,2.142257298029751,DEFICIT_PRESSURE,8
6331.01,2026-06-29 01:00:00,8,1,7.548375290628075,5.426615127178691,-2.121760163449385,2.121760163449385,DEFICIT_PRESSURE,9
5905.12,2026-06-29 01:00:00,6,6,7.96143883526345,6.284147293333678,-1.6772915419297716,1.6772915419297716,DEFICIT_PRESSURE,10
5492.05,2026-06-29 01:00:00,0,2,1.7673158052687434,3.31152590128809,1.5442100960193466,1.5442100960193466,SURPLUS_PRESSURE,11
6459.07,2026-06-29 01:00:00,1,2,1.7499846230664236,3.2264694847359765,1.476484861669553,1.476484861669553,SURPLUS_PRESSURE,12
6173.08,2026-06-29 01:00:00,0,0,1.1810717244124125,0.009380705886296447,-1.171691018526116,1.171691018526116,DEFICIT_PRESSURE,13
6912.01,2026-06-29 01:00:00,5,1,3.090603100982256,2.067375253375396,-1.0232278476068601,1.0232278476068601,DEFICIT_PRESSURE,14
6140.05,2026-06-29 01:00:00,3,6,1.9692612358370334,1.0155943204924258,-0.9536669153446076,0.9536669153446076,DEFICIT_PRESSURE,15
6072.06,2026-06-29 01:00:00,7,4,4.0399039639111445,4.810964671343311,0.7710607074321665,0.7710607074321665,SURPLUS_PRESSURE,16
5374.01,2026-06-29 01:00:00,5,1,1.8988639194864203,2.3801709324379807,0.4813070129515604,0.4813070129515604,SURPLUS_PRESSURE,17
6492.08,2026-06-29 01:00:00,2,3,1.734993898062353,1.4773882070855913,-0.25760569097676167,0.25760569097676167,DEFICIT_PRESSURE,18
6233.04,2026-06-29 01:00:00,0,0,0.44873618501474866,0.2527206426575787,-0.19601554235716995,0.19601554235716995,DEFICIT_PRESSURE,19
6432.09,2026-06-29 01:00:00,1,6,1.3528419576803636,1.339959927741023,-0.012882029939340622,0.012882029939340622,DEFICIT_PRESSURE,20
5763.03,2026-06-29 02:00:00,1,0,8.024511527244481,1.5475877265150826,-6.4769238007293986,6.4769238007293986,DEFICIT_PRESSURE,1
6072.06,2026-06-29 02:00:00,2,1,7.831374798498825,1.8815748931525667,-5.949799905346258,5.949799905346258,DEFICIT_PRESSURE,2
5980.10,2026-06-29 02:00:00,0,0,3.49169227989864,0.2721297246022117,-3.219562555296428,3.219562555296428,DEFICIT_PRESSURE,3
6459.07,2026-06-29 02:00:00,1,2,1.304799471529262,4.359565876659448,3.054766405130186,3.054766405130186,SURPLUS_PRESSURE,4
6331.01,2026-06-29 02:00:00,3,0,4.222711974262116,1.2080892309524474,-3.014622743309668,3.014622743309668,DEFICIT_PRESSURE,5
6726.01,2026-06-29 02:00:00,2,1,1.2555214885993775,3.8030110899796075,2.5474896013802297,2.5474896013802297,SURPLUS_PRESSURE,6
5712.03,2026-06-29 02:00:00,0,1,3.067320428363907,0.6973799000781712,-2.3699405282857358,2.3699405282857358,DEFICIT_PRESSURE,7
5905.12,2026-06-29 02:00:00,2,0,4.5173110742397276,2.204536770365499,-2.3127743038742286,2.3127743038742286,DEFICIT_PRESSURE,8
6822.09,2026-06-29 02:00:00,1,2,1.0462294103055,2.4958306756436226,1.4496012653381225,1.4496012653381225,SURPLUS_PRESSURE,9
6140.05,2026-06-29 02:00:00,2,5,1.58180799346872,2.8478864397954013,1.2660784463266814,1.2660784463266814,SURPLUS_PRESSURE,10
6912.01,2026-06-29 02:00:00,2,1,1.6435838208507176,0.4641481910997987,-1.179435629750919,1.179435629750919,DEFICIT_PRESSURE,11
5492.05,2026-06-29 02:00:00,0,3,1.1995174192033877,2.3647330394782426,1.165215620274855,1.165215620274855,SURPLUS_PRESSURE,12
6432.09,2026-06-29 02:00:00,1,0,0.5207426244880394,1.551120934997991,1.0303783105099518,1.0303783105099518,SURPLUS_PRESSURE,13
6492.08,2026-06-29 02:00:00,5,0,0.9004008383670038,1.6993553177940919,0.7989544794270881,0.7989544794270881,SURPLUS_PRESSURE,14
6948.10,2026-06-29 02:00:00,0,0,0.5681541456031739,1.0744536681582308,0.506299522555057,0.506299522555057,SURPLUS_PRESSURE,15
6173.08,2026-06-29 02:00:00,0,0,0.428275746096251,0.008329803939520238,-0.41994594215673076,0.41994594215673076,DEFICIT_PRESSURE,16
6364.07,2026-06-29 02:00:00,0,1,2.9920541604482582,2.787355076730519,-0.20469908371773915,0.20469908371773915,DEFICIT_PRESSURE,17
6233.04,2026-06-29 02:00:00,0,0,0.3223589467253122,0.16284365830574923,-0.15951528841956295,0.15951528841956295,DEFICIT_PRESSURE,18
5374.01,2026-06-29 02:00:00,1,2,2.2695667220099263,2.4275595330692004,0.1579928110592741,0.1579928110592741,SURPLUS_PRESSURE,19
5905.14,2026-06-29 02:00:00,1,2,0.9580156470200956,1.0839448711650654,0.12592922414496988,0.12592922414496988,SURPLUS_PRESSURE,20
6459.07,2026-06-29 03:00:00,5,1,1.070707474622144,4.128652204247714,3.0579447296255697,3.0579447296255697,SURPLUS_PRESSURE,1
5763.03,2026-06-29 03:00:00,2,2,1.6893235618999978,0.36081575148204104,-1.3285078104179568,1.3285078104179568,DEFICIT_PRESSURE,2
6072.06,2026-06-29 03:00:00,1,4,1.5082933785585326,0.36524612711068627,-1.1430472514478462,1.1430472514478462,DEFICIT_PRESSURE,3
6492.08,2026-06-29 03:00:00,1,1,1.8157157463671525,0.8021113954819457,-1.0136043508852068,1.0136043508852068,DEFICIT_PRESSURE,4
6140.05,2026-06-29 03:00:00,2,0,1.1437756040424445,1.8518675276125804,0.708091923570136,0.708091923570136,SURPLUS_PRESSURE,5
6364.07,2026-06-29 03:00:00,2,0,1.8560781799265769,1.148695970428071,-0.7073822094985058,0.7073822094985058,DEFICIT_PRESSURE,6
5712.03,2026-06-29 03:00:00,2,0,0.6346927352959686,0.17417722223326948,-0.4605155130626991,0.4605155130626991,DEFICIT_PRESSURE,7
6173.08,2026-06-29 03:00:00,0,0,0.39986899709010226,0.009088517425572993,-0.3907804796645293,0.3907804796645293,DEFICIT_PRESSURE,8
6912.01,2026-06-29 03:00:00,1,0,0.8266512753305973,0.47200599143852706,-0.3546452838920703,0.3546452838920703,DEFICIT_PRESSURE,9
5905.12,2026-06-29 03:00:00,0,1,0.7176581481490208,0.37619539967641175,-0.3414627484726091,0.3414627484726091,DEFICIT_PRESSURE,10
6432.09,2026-06-29 03:00:00,0,0,0.38349382387834546,0.6936394024630594,0.310145578584714,0.310145578584714,SURPLUS_PRESSURE,11
6331.01,2026-06-29 03:00:00,2,1,0.8095227316111633,0.5575236818368855,-0.2519990497742778,0.2519990497742778,DEFICIT_PRESSURE,12
5492.05,2026-06-29 03:00:00,1,4,1.1740112042566766,0.9880059966188831,-0.1860052076377935,0.1860052076377935,DEFICIT_PRESSURE,13
5905.14,2026-06-29 03:00:00,4,0,0.5724201289719071,0.7274018697231784,0.15498174075127136,0.15498174075127136,SURPLUS_PRESSURE,14
6233.04,2026-06-29 03:00:00,0,0,0.2608452925293031,0.1430416759040788,-0.11780361662522432,0.11780361662522432,DEFICIT_PRESSURE,15
5374.01,2026-06-29 03:00:00,2,1,1.2711650618877075,1.16996338926041,-0.10120167262729751,0.10120167262729751,DEFICIT_PRESSURE,16
5980.10,2026-06-29 03:00:00,0,0,0.363826643858368,0.27093526892179964,-0.09289137493656835,0.09289137493656835,DEFICIT_PRESSURE,17
6822.09,2026-06-29 03:00:00,0,0,0.674348586162725,0.7649976396409673,0.09064905347824237,0.09064905347824237,SURPLUS_PRESSURE,18
6726.01,2026-06-29 03:00:00,0,0,0.952099057188831,0.8982938763522896,-0.0538051808365414,0.0538051808365414,DEFICIT_PRESSURE,19
6948.10,2026-06-29 03:00:00,2,2,0.40396608820966856,0.350371576760362,-0.05359451144930655,0.05359451144930655,DEFICIT_PRESSURE,20
6726.01,2026-06-29 04:00:00,2,4,0.6243603039833958,2.1908049943707093,1.5664446903873135,1.5664446903873135,SURPLUS_PRESSURE,1
6822.09,2026-06-29 04:00:00,0,1,0.20849198832532287,1.3126327920288503,1.1041408037035274,1.1041408037035274,SURPLUS_PRESSURE,2
6912.01,2026-06-29 04:00:00,0,2,0.5962500321156051,1.3665328514694428,0.7702828193538377,0.7702828193538377,SURPLUS_PRESSURE,3
5712.03,2026-06-29 04:00:00,0,0,1.5848668956419667,0.8648298168356285,-0.7200370788063382,0.7200370788063382,DEFICIT_PRESSURE,4
6459.07,2026-06-29 04:00:00,3,2,1.420954182732824,0.7955351483121116,-0.6254190344207124,0.6254190344207124,DEFICIT_PRESSURE,5
5980.10,2026-06-29 04:00:00,1,0,0.8544254831821014,0.29975734181960023,-0.5546681413625012,0.5546681413625012,DEFICIT_PRESSURE,6
5492.05,2026-06-29 04:00:00,0,1,1.1460938085733985,1.6907366116786477,0.5446428031052493,0.5446428031052493,SURPLUS_PRESSURE,7
6331.01,2026-06-29 04:00:00,3,0,0.9932942410417621,1.5287648454466958,0.5354706044049337,0.5354706044049337,SURPLUS_PRESSURE,8
5763.03,2026-06-29 04:00:00,4,1,2.4688435277814236,1.9532241043989784,-0.5156194233824452,0.5156194233824452,DEFICIT_PRESSURE,9
5374.01,2026-06-29 04:00:00,0,2,1.2374239813813785,1.738153091151101,0.5007291097697224,0.5007291097697224,SURPLUS_PRESSURE,10
6948.10,2026-06-29 04:00:00,0,1,1.086200903620942,1.5584079459582352,0.47220704233729327,0.47220704233729327,SURPLUS_PRESSURE,11
6492.08,2026-06-29 04:00:00,2,1,0.3713973737589475,0.8232242180321531,0.4518268442732056,0.4518268442732056,SURPLUS_PRESSURE,12
6364.07,2026-06-29 04:00:00,2,1,1.5837759135312521,1.1851993656754194,-0.39857654785583274,0.39857654785583274,DEFICIT_PRESSURE,13
6173.08,2026-06-29 04:00:00,0,0,0.3893655229372515,0.009380705886296447,-0.37998481705095505,0.37998481705095505,DEFICIT_PRESSURE,14
6072.06,2026-06-29 04:00:00,0,2,1.563829473974502,1.2595593301714583,-0.30427014380304374,0.30427014380304374,DEFICIT_PRESSURE,15
5905.12,2026-06-29 04:00:00,0,1,0.769830464976056,1.0205940215470026,0.2507635565709466,0.2507635565709466,SURPLUS_PRESSURE,16
5905.14,2026-06-29 04:00:00,1,3,1.7725668698419603,1.623709665373263,-0.14885720446869732,0.14885720446869732,DEFICIT_PRESSURE,17
6432.09,2026-06-29 04:00:00,0,0,0.4458545933339456,0.49093035084699443,0.04507575751304882,0.04507575751304882,SURPLUS_PRESSURE,18
6233.04,2026-06-29 04:00:00,0,0,0.2671924731585281,0.2534900603100634,-0.01370241284846474,0.01370241284846474,DEFICIT_PRESSURE,19
6140.05,2026-06-29 04:00:00,3,6,1.5150608540159967,1.5105802810376758,-0.004480572978320829,0.004480572978320829,DEFICIT_PRESSURE,20
6233.04,2026-06-29 05:00:00,0,21,0.43703688696773146,18.557883985569234,18.1208470986015,18.1208470986015,SURPLUS_PRESSURE,1
6822.09,2026-06-29 05:00:00,3,7,2.411770114460356,6.448201236360273,4.036431121899916,4.036431121899916,SURPLUS_PRESSURE,2
6364.07,2026-06-29 05:00:00,1,3,4.543520041831758,2.0626931652824405,-2.480826876549317,2.480826876549317,DEFICIT_PRESSURE,3
5374.01,2026-06-29 05:00:00,3,4,1.5123294572742119,3.9718885127680035,2.4595590554937914,2.4595590554937914,SURPLUS_PRESSURE,4
6140.05,2026-06-29 05:00:00,3,5,3.0594791305013445,5.502841007939386,2.4433618774380417,2.4433618774380417,SURPLUS_PRESSURE,5
6459.07,2026-06-29 05:00:00,6,2,3.653314429332076,1.3642625243035096,-2.2890519050285665,2.2890519050285665,DEFICIT_PRESSURE,6
6492.08,2026-06-29 05:00:00,6,4,2.2186315138786754,3.956271077601684,1.7376395637230084,1.7376395637230084,SURPLUS_PRESSURE,7
5905.14,2026-06-29 05:00:00,4,5,2.3262213317873943,3.526611249557183,1.2003899177697885,1.2003899177697885,SURPLUS_PRESSURE,8
6912.01,2026-06-29 05:00:00,3,3,0.7740440414235681,1.865590430427915,1.0915463890043469,1.0915463890043469,SURPLUS_PRESSURE,9
6948.10,2026-06-29 05:00:00,6,4,2.242938401397635,1.3345619025464144,-0.9083764988512204,0.9083764988512204,DEFICIT_PRESSURE,10
6726.01,2026-06-29 05:00:00,5,5,2.325048037239277,3.1539665871178486,0.8289185498785714,0.8289185498785714,SURPLUS_PRESSURE,11
5980.10,2026-06-29 05:00:00,0,1,1.2211259267988477,0.5954742534310956,-0.6256516733677521,0.6256516733677521,DEFICIT_PRESSURE,12
6173.08,2026-06-29 05:00:00,0,0,0.9954357185174721,0.530771473601261,-0.46466424491621117,0.46466424491621117,DEFICIT_PRESSURE,13
6331.01,2026-06-29 05:00:00,9,8,4.798348200879773,4.369714248330333,-0.4286339525494398,0.4286339525494398,DEFICIT_PRESSURE,14
6432.09,2026-06-29 05:00:00,7,5,4.121690618461351,3.802497578841108,-0.3191930396202425,0.3191930396202425,DEFICIT_PRESSURE,15
5712.03,2026-06-29 05:00:00,0,1,1.6404693178997944,1.3634178757858515,-0.27705144211394295,0.27705144211394295,DEFICIT_PRESSURE,16
5763.03,2026-06-29 05:00:00,1,4,2.6690498059611603,2.7819006409711022,0.11285083500994197,0.11285083500994197,SURPLUS_PRESSURE,17
6072.06,2026-06-29 05:00:00,2,3,2.0941587005613966,2.185890938183911,0.09173223762251448,0.09173223762251448,SURPLUS_PRESSURE,18
5492.05,2026-06-29 05:00:00,3,2,1.4182771353761643,1.3432395095751943,-0.07503762580096995,0.07503762580096995,DEFICIT_PRESSURE,19
5905.12,2026-06-29 05:00:00,2,3,2.992886979791298,2.987846240000662,-0.005040739790636017,0.005040739790636017,DEFICIT_PRESSURE,20
6822.09,2026-06-29 06:00:00,8,32,9.226772780181017,39.35604896306317,30.12927618288215,30.12927618288215,SURPLUS_PRESSURE,1
6233.04,2026-06-29 06:00:00,6,14,4.190957551710801,24.122012650009083,19.93105509829828,19.93105509829828,SURPLUS_PRESSURE,2
6432.09,2026-06-29 06:00:00,21,24,15.082663809912892,24.71824743413833,9.635583624225438,9.635583624225438,SURPLUS_PRESSURE,3
6726.01,2026-06-29 06:00:00,15,6,15.565945961718025,7.921175271324465,-7.64477069039356,7.64477069039356,DEFICIT_PRESSURE,4
6912.01,2026-06-29 06:00:00,12,15,6.0999833296291435,12.482749909711892,6.382766580082748,6.382766580082748,SURPLUS_PRESSURE,5
6364.07,2026-06-29 06:00:00,10,12,11.315600164114715,6.227102656126826,-5.0884975079878885,5.0884975079878885,DEFICIT_PRESSURE,6
5712.03,2026-06-29 06:00:00,5,15,5.48360058704645,10.554034250140143,5.070433663093693,5.070433663093693,SURPLUS_PRESSURE,7
5905.12,2026-06-29 06:00:00,9,11,7.821218362726256,12.663008328272916,4.84178996554666,4.84178996554666,SURPLUS_PRESSURE,8
5980.10,2026-06-29 06:00:00,9,0,6.708624515851027,1.9680784960474906,-4.740546019803537,4.740546019803537,DEFICIT_PRESSURE,9
6140.05,2026-06-29 06:00:00,13,22,8.089086767662712,12.121110993554437,4.032024225891725,4.032024225891725,SURPLUS_PRESSURE,10
6948.10,2026-06-29 06:00:00,6,10,7.263914256708843,10.90394142444691,3.640027167738066,3.640027167738066,SURPLUS_PRESSURE,11
5763.03,2026-06-29 06:00:00,13,8,11.526311066550655,7.888986851383911,-3.6373242151667435,3.6373242151667435,DEFICIT_PRESSURE,12
5905.14,2026-06-29 06:00:00,8,9,7.364553815898507,10.898266220280352,3.533712404381845,3.533712404381845,SURPLUS_PRESSURE,13
6459.07,2026-06-29 06:00:00,4,4,10.356608804961136,7.973579974647331,-2.3830288303138047,2.3830288303138047,DEFICIT_PRESSURE,14
5374.01,2026-06-29 06:00:00,3,9,7.393134062045144,5.794470905207594,-1.5986631568375502,1.5986631568375502,DEFICIT_PRESSURE,15
5492.05,2026-06-29 06:00:00,8,5,3.9489928631439186,5.52958454802157,1.5805916848776516,1.5805916848776516,SURPLUS_PRESSURE,16
6492.08,2026-06-29 06:00:00,12,14,12.815837901020602,13.896817699521803,1.0809797985012004,1.0809797985012004,SURPLUS_PRESSURE,17
6331.01,2026-06-29 06:00:00,16,11,12.853003244566896,12.11914296976528,-0.7338602748016161,0.7338602748016161,DEFICIT_PRESSURE,18
6072.06,2026-06-29 06:00:00,14,14,7.706095221809171,8.365066736232414,0.6589715144232429,0.6589715144232429,SURPLUS_PRESSURE,19
6173.08,2026-06-29 06:00:00,0,0,1.3882332234267003,1.4688866201962625,0.08065339676956218,0.08065339676956218,SURPLUS_PRESSURE,20
6822.09,2026-06-29 07:00:00,27,36,13.49991373226165,39.54236246297435,26.042448730712703,26.042448730712703,SURPLUS_PRESSURE,1
5980.10,2026-06-29 07:00:00,15,3,17.791865020641954,0.7910671045854436,-17.00079791605651,17.00079791605651,DEFICIT_PRESSURE,2
5712.03,2026-06-29 07:00:00,14,30,17.480450903140856,30.655749797582235,13.17529889444138,13.17529889444138,SURPLUS_PRESSURE,3
6432.09,2026-06-29 07:00:00,45,58,32.14717652684602,44.83730152625153,12.690124999405512,12.690124999405512,SURPLUS_PRESSURE,4
6492.08,2026-06-29 07:00:00,20,31,21.543634032652257,33.53669837220743,11.993064339555175,11.993064339555175,SURPLUS_PRESSURE,5
5905.12,2026-06-29 07:00:00,20,19,11.669737854235175,21.30873979747664,9.639001943241466,9.639001943241466,SURPLUS_PRESSURE,6
5763.03,2026-06-29 07:00:00,14,10,19.65347141805309,10.793380939274373,-8.860090478778718,8.860090478778718,DEFICIT_PRESSURE,7
6726.01,2026-06-29 07:00:00,24,10,20.82985543378426,12.19664518624883,-8.63321024753543,8.63321024753543,DEFICIT_PRESSURE,8
5492.05,2026-06-29 07:00:00,8,20,10.044563543909225,18.091940588025324,8.047377044116098,8.047377044116098,SURPLUS_PRESSURE,9
6912.01,2026-06-29 07:00:00,16,15,12.933635105592794,19.58237598781887,6.648740882226077,6.648740882226077,SURPLUS_PRESSURE,10
6948.10,2026-06-29 07:00:00,15,22,17.186412189622366,23.32212151764101,6.135709328018642,6.135709328018642,SURPLUS_PRESSURE,11
5374.01,2026-06-29 07:00:00,12,11,9.938435580172253,14.362212286790621,4.4237767066183675,4.4237767066183675,SURPLUS_PRESSURE,12
6140.05,2026-06-29 07:00:00,24,37,20.808097997920587,24.522805022868756,3.7147070249481686,3.7147070249481686,SURPLUS_PRESSURE,13
6331.01,2026-06-29 07:00:00,32,33,20.489487932945035,17.51369312801807,-2.9757948049269665,2.9757948049269665,DEFICIT_PRESSURE,14
5905.14,2026-06-29 07:00:00,19,26,16.903561008127177,19.1420255693095,2.2384645611823224,2.2384645611823224,SURPLUS_PRESSURE,15
6072.06,2026-06-29 07:00:00,23,30,14.293569695186664,12.883807149726179,-1.4097625454604845,1.4097625454604845,DEFICIT_PRESSURE,16
6459.07,2026-06-29 07:00:00,10,18,12.027600352107038,12.690134913491358,0.6625345613843194,0.6625345613843194,SURPLUS_PRESSURE,17
6173.08,2026-06-29 07:00:00,6,29,2.3645314714036707,1.753690491975719,-0.6108409794279517,0.6108409794279517,DEFICIT_PRESSURE,18
6233.04,2026-06-29 07:00:00,11,13,22.063063159283555,22.38441259460843,0.32134943532487625,0.32134943532487625,SURPLUS_PRESSURE,19
6364.07,2026-06-29 07:00:00,26,25,14.470801689941329,14.680440462305157,0.209638772363828,0.209638772363828,SURPLUS_PRESSURE,20
6492.08,2026-06-29 08:00:00,36,81,32.30914309407006,82.2654246031746,49.956281509104535,49.956281509104535,SURPLUS_PRESSURE,1
6173.08,2026-06-29 08:00:00,29,94,14.717565501476713,60.99191666666667,46.274351165189955,46.274351165189955,SURPLUS_PRESSURE,2
6459.07,2026-06-29 08:00:00,52,86,30.28520051779318,61.06359523809524,30.77839472030206,30.77839472030206,SURPLUS_PRESSURE,3
5905.12,2026-06-29 08:00:00,33,49,27.42861854062397,54.319968253968256,26.891349713344287,26.891349713344287,SURPLUS_PRESSURE,4
6822.09,2026-06-29 08:00:00,30,53,35.17378966650323,58.45256243894995,23.278772772446715,23.278772772446715,SURPLUS_PRESSURE,5
5980.10,2026-06-29 08:00:00,25,14,26.36939788900735,3.4472823824490986,-22.92211550655825,22.92211550655825,DEFICIT_PRESSURE,6
6072.06,2026-06-29 08:00:00,36,33,26.201134757617147,45.026529671243324,18.825394913626177,18.825394913626177,SURPLUS_PRESSURE,7
6140.05,2026-06-29 08:00:00,46,50,45.54650474206571,60.47078968253966,14.924284940473953,14.924284940473953,SURPLUS_PRESSURE,8
5712.03,2026-06-29 08:00:00,44,49,36.28621222354387,48.92236799719888,12.636155773655013,12.636155773655013,SURPLUS_PRESSURE,9
6233.04,2026-06-29 08:00:00,49,31,42.552873015873004,31.982001799063493,-10.570871216809511,10.570871216809511,DEFICIT_PRESSURE,10
6331.01,2026-06-29 08:00:00,39,38,27.87984735983361,36.26599857825692,8.386151218423308,8.386151218423308,SURPLUS_PRESSURE,11
5374.01,2026-06-29 08:00:00,22,18,30.456124101045148,22.832350466343044,-7.623773634702104,7.623773634702104,DEFICIT_PRESSURE,12
5763.03,2026-06-29 08:00:00,22,18,29.095057773109247,22.64224158341069,-6.452816189698556,6.452816189698556,DEFICIT_PRESSURE,13
6726.01,2026-06-29 08:00:00,26,23,25.143334727393476,19.75234295548417,-5.390991771909306,5.390991771909306,DEFICIT_PRESSURE,14
6432.09,2026-06-29 08:00:00,55,69,50.25561183558254,55.50878566279618,5.253173827213637,5.253173827213637,SURPLUS_PRESSURE,15
5905.14,2026-06-29 08:00:00,31,36,27.635921740078256,32.74443508571712,5.108513345638865,5.108513345638865,SURPLUS_PRESSURE,16
5492.05,2026-06-29 08:00:00,20,22,20.46885808623521,24.48149887453056,4.01264078829535,4.01264078829535,SURPLUS_PRESSURE,17
6364.07,2026-06-29 08:00:00,32,32,25.27984144363208,28.81393004701276,3.534088603380681,3.534088603380681,SURPLUS_PRESSURE,18
6948.10,2026-06-29 08:00:00,28,37,31.670796843696568,34.55649564439463,2.885698800698062,2.885698800698062,SURPLUS_PRESSURE,19
6912.01,2026-06-29 08:00:00,25,58,34.618665764790755,36.25072918478863,1.632063419997877,1.632063419997877,SURPLUS_PRESSURE,20
6492.08,2026-06-29 09:00:00,18,73,23.796854920674555,63.86469107036757,40.067836149693015,40.067836149693015,SURPLUS_PRESSURE,1
6459.07,2026-06-29 09:00:00,32,37,27.69916125896045,52.4065119047619,24.707350645801448,24.707350645801448,SURPLUS_PRESSURE,2
6432.09,2026-06-29 09:00:00,37,69,32.17014346183845,55.60038390397833,23.430240442139883,23.430240442139883,SURPLUS_PRESSURE,3
6822.09,2026-06-29 09:00:00,17,42,17.86836772310901,40.59908920370611,22.730721480597097,22.730721480597097,SURPLUS_PRESSURE,4
6140.05,2026-06-29 09:00:00,34,59,35.460664354017744,58.03381400732299,22.573149653305244,22.573149653305244,SURPLUS_PRESSURE,5
6173.08,2026-06-29 09:00:00,17,36,21.060270826296065,42.158676948051955,21.09840612175589,21.09840612175589,SURPLUS_PRESSURE,6
6912.01,2026-06-29 09:00:00,24,41,26.219563570547155,47.02558804897724,20.806024478430086,20.806024478430086,SURPLUS_PRESSURE,7
5980.10,2026-06-29 09:00:00,32,13,27.13798394327167,9.944476067861846,-17.193507875409825,17.193507875409825,DEFICIT_PRESSURE,8
5712.03,2026-06-29 09:00:00,31,45,31.744978437677887,47.646081624218574,15.901103186540688,15.901103186540688,SURPLUS_PRESSURE,9
6948.10,2026-06-29 09:00:00,27,50,25.20505076041505,32.35597627724699,7.150925516831936,7.150925516831936,SURPLUS_PRESSURE,10
5905.14,2026-06-29 09:00:00,35,45,23.98464135561517,30.11969043100696,6.1350490753917875,6.1350490753917875,SURPLUS_PRESSURE,11
6726.01,2026-06-29 09:00:00,28,30,22.52861380647476,17.997125451404244,-4.531488355070515,4.531488355070515,DEFICIT_PRESSURE,12
6364.07,2026-06-29 09:00:00,27,24,24.67008784589862,29.200157063454245,4.530069217555624,4.530069217555624,SURPLUS_PRESSURE,13
5492.05,2026-06-29 09:00:00,21,22,18.60195969709654,22.438328484680397,3.836368787583858,3.836368787583858,SURPLUS_PRESSURE,14
6233.04,2026-06-29 09:00:00,32,29,29.404257708135383,26.226282376327507,-3.1779753318078754,3.1779753318078754,DEFICIT_PRESSURE,15
5374.01,2026-06-29 09:00:00,18,12,21.175343134754186,18.987547153175257,-2.1877959815789296,2.1877959815789296,DEFICIT_PRESSURE,16
6072.06,2026-06-29 09:00:00,32,31,26.087692904833858,27.47761077817042,1.389917873336561,1.389917873336561,SURPLUS_PRESSURE,17
5905.12,2026-06-29 09:00:00,24,30,35.20527624441015,34.22865135146386,-0.9766248929462904,0.9766248929462904,DEFICIT_PRESSURE,18
6331.01,2026-06-29 09:00:00,34,35,32.5741315065378,32.11194630608612,-0.4621852004516853,0.4621852004516853,DEFICIT_PRESSURE,19
5763.03,2026-06-29 09:00:00,17,13,21.307035838940905,20.89065587504238,-0.4163799638985246,0.4163799638985246,DEFICIT_PRESSURE,20
5980.10,2026-06-29 10:00:00,25,6,22.96598169318775,10.534182461485345,-12.431799231702405,12.431799231702405,DEFICIT_PRESSURE,1
6140.05,2026-06-29 10:00:00,27,28,26.533943355950942,37.13760060540169,10.603657249450745,10.603657249450745,SURPLUS_PRESSURE,2
6492.08,2026-06-29 10:00:00,24,54,18.22472422810742,24.17447860446375,5.949754376356331,5.949754376356331,SURPLUS_PRESSURE,3
6822.09,2026-06-29 10:00:00,11,22,13.606465447156936,17.930914629246693,4.324449182089758,4.324449182089758,SURPLUS_PRESSURE,4
6948.10,2026-06-29 10:00:00,28,29,25.57841378368554,28.863129190397853,3.284715406712312,3.284715406712312,SURPLUS_PRESSURE,5
5492.05,2026-06-29 10:00:00,15,15,15.015893519734755,18.278490654229376,3.262597134494621,3.262597134494621,SURPLUS_PRESSURE,6
6233.04,2026-06-29 10:00:00,24,23,27.576843216541377,24.382824446142926,-3.1940187703984506,3.1940187703984506,DEFICIT_PRESSURE,7
6726.01,2026-06-29 10:00:00,35,45,19.116612645718,22.27405094520421,3.157438299486209,3.157438299486209,SURPLUS_PRESSURE,8
5712.03,2026-06-29 10:00:00,18,14,22.783266556642264,19.73213340987243,-3.0511331467698355,3.0511331467698355,DEFICIT_PRESSURE,9
6432.09,2026-06-29 10:00:00,23,30,18.636637161092285,20.93780055344158,2.301163392349295,2.301163392349295,SURPLUS_PRESSURE,10
6364.07,2026-06-29 10:00:00,13,18,17.809663919879018,20.031704670818808,2.22204075093979,2.22204075093979,SURPLUS_PRESSURE,11
5763.03,2026-06-29 10:00:00,11,13,20.882984572483647,19.436443461248533,-1.4465411112351134,1.4465411112351134,DEFICIT_PRESSURE,12
5905.14,2026-06-29 10:00:00,13,12,22.038390883271017,23.292443666746095,1.2540527834750783,1.2540527834750783,SURPLUS_PRESSURE,13
6173.08,2026-06-29 10:00:00,15,15,15.6860514729957,14.517270911688756,-1.168780561306944,1.168780561306944,DEFICIT_PRESSURE,14
6459.07,2026-06-29 10:00:00,13,14,18.870243227935536,19.977373050451696,1.1071298225161605,1.1071298225161605,SURPLUS_PRESSURE,15
6331.01,2026-06-29 10:00:00,17,19,18.64528707505732,18.054431400962198,-0.5908556740951205,0.5908556740951205,DEFICIT_PRESSURE,16
6912.01,2026-06-29 10:00:00,14,15,23.005086023466074,22.446882770940743,-0.5582032525253311,0.5582032525253311,DEFICIT_PRESSURE,17
6072.06,2026-06-29 10:00:00,27,31,24.7442819527846,25.17475121798425,0.4304692651996511,0.4304692651996511,SURPLUS_PRESSURE,18
5374.01,2026-06-29 10:00:00,15,15,16.350543485245026,16.751522646875728,0.40097916163070124,0.40097916163070124,SURPLUS_PRESSURE,19
5905.12,2026-06-29 10:00:00,18,25,23.685147334921805,23.53278747032177,-0.15235986460003303,0.15235986460003303,DEFICIT_PRESSURE,20
5980.10,2026-06-29 11:00:00,19,7,26.797418955823044,7.136894618099152,-19.660524337723892,19.660524337723892,DEFICIT_PRESSURE,1
6492.08,2026-06-29 11:00:00,15,24,17.58539951400371,30.55935728078673,12.97395776678302,12.97395776678302,SURPLUS_PRESSURE,2
5905.12,2026-06-29 11:00:00,24,28,14.637615832290628,26.658461780361357,12.020845948070729,12.020845948070729,SURPLUS_PRESSURE,3
6140.05,2026-06-29 11:00:00,21,17,25.819029744876957,33.95188862187526,8.132858876998306,8.132858876998306,SURPLUS_PRESSURE,4
6072.06,2026-06-29 11:00:00,21,23,23.030166961497354,28.86900393734113,5.838836975843776,5.838836975843776,SURPLUS_PRESSURE,5
6233.04,2026-06-29 11:00:00,20,34,23.195246701169697,27.518272047747114,4.323025346577417,4.323025346577417,SURPLUS_PRESSURE,6
6173.08,2026-06-29 11:00:00,22,21,12.488351733987916,16.36495097980901,3.876599245821094,3.876599245821094,SURPLUS_PRESSURE,7
6459.07,2026-06-29 11:00:00,16,13,17.33928641893846,13.482708480496196,-3.856577938442264,3.856577938442264,DEFICIT_PRESSURE,8
6432.09,2026-06-29 11:00:00,14,15,15.757889176001521,19.331297514271206,3.573408338269685,3.573408338269685,SURPLUS_PRESSURE,9
5905.14,2026-06-29 11:00:00,21,19,14.054809066194615,16.576357686072818,2.521548619878203,2.521548619878203,SURPLUS_PRESSURE,10
5374.01,2026-06-29 11:00:00,19,15,16.59298461661946,14.11694531133631,-2.47603930528315,2.47603930528315,DEFICIT_PRESSURE,11
5712.03,2026-06-29 11:00:00,21,21,17.47077284637719,19.806655228125017,2.335882381747826,2.335882381747826,SURPLUS_PRESSURE,12
5763.03,2026-06-29 11:00:00,8,9,17.653409330508563,19.340368717392913,1.6869593868843502,1.6869593868843502,SURPLUS_PRESSURE,13
5492.05,2026-06-29 11:00:00,18,17,15.547102650099452,16.97478688029109,1.4276842301916393,1.4276842301916393,SURPLUS_PRESSURE,14
6331.01,2026-06-29 11:00:00,24,26,19.981547292859037,19.015459293248437,-0.9660879996106004,0.9660879996106004,DEFICIT_PRESSURE,15
6948.10,2026-06-29 11:00:00,35,28,27.13874690368558,27.918809136460812,0.7800622327752329,0.7800622327752329,SURPLUS_PRESSURE,16
6364.07,2026-06-29 11:00:00,11,10,18.01337773251241,17.27623926882937,-0.7371384636830385,0.7371384636830385,DEFICIT_PRESSURE,17
6912.01,2026-06-29 11:00:00,22,14,20.136300667002082,20.75381650189451,0.6175158348924263,0.6175158348924263,SURPLUS_PRESSURE,18
6822.09,2026-06-29 11:00:00,17,18,15.778359269663325,16.10966577531115,0.3313065056478255,0.3313065056478255,SURPLUS_PRESSURE,19
6726.01,2026-06-29 11:00:00,33,36,28.737064933585213,28.65008224245844,-0.08698269112677437,0.08698269112677437,DEFICIT_PRESSURE,20
5980.10,2026-06-29 12:00:00,29,4,26.681234084792585,7.862926728586478,-18.818307356206105,18.818307356206105,DEFICIT_PRESSURE,1
6948.10,2026-06-29 12:00:00,19,19,35.23866202320898,27.207295505739115,-8.031366517469866,8.031366517469866,DEFICIT_PRESSURE,2
5905.14,2026-06-29 12:00:00,21,25,24.9362285239589,32.528250146429976,7.592021622471076,7.592021622471076,SURPLUS_PRESSURE,3
6331.01,2026-06-29 12:00:00,21,23,19.242237390300346,26.477829532945883,7.235592142645537,7.235592142645537,SURPLUS_PRESSURE,4
6912.01,2026-06-29 12:00:00,31,39,27.633671778093415,20.495398914905554,-7.138272863187861,7.138272863187861,DEFICIT_PRESSURE,5
6233.04,2026-06-29 12:00:00,27,29,29.36091003143315,33.36265228600867,4.001742254575518,4.001742254575518,SURPLUS_PRESSURE,6
6140.05,2026-06-29 12:00:00,28,29,33.127635425830775,29.15390172815195,-3.9737336976788242,3.9737336976788242,DEFICIT_PRESSURE,7
6173.08,2026-06-29 12:00:00,22,17,23.271477511474203,19.731527218834945,-3.539950292639258,3.539950292639258,DEFICIT_PRESSURE,8
5712.03,2026-06-29 12:00:00,25,25,24.134877717953362,20.792723119983215,-3.342154597970147,3.342154597970147,DEFICIT_PRESSURE,9
6459.07,2026-06-29 12:00:00,23,25,19.649424234407203,16.43485849426534,-3.214565740141861,3.214565740141861,DEFICIT_PRESSURE,10
6726.01,2026-06-29 12:00:00,37,23,30.25226059506892,33.46182912419979,3.2095685291308698,3.2095685291308698,SURPLUS_PRESSURE,11
5374.01,2026-06-29 12:00:00,17,14,19.024430965786618,15.880221563293723,-3.144209402492894,3.144209402492894,DEFICIT_PRESSURE,12
6432.09,2026-06-29 12:00:00,16,9,16.258288530899403,19.121350638083225,2.863062107183822,2.863062107183822,SURPLUS_PRESSURE,13
5763.03,2026-06-29 12:00:00,19,23,17.676714338789495,15.89763012802214,-1.7790842107673548,1.7790842107673548,DEFICIT_PRESSURE,14
6072.06,2026-06-29 12:00:00,28,20,24.563315666421136,22.90280535506357,-1.6605103113575659,1.6605103113575659,DEFICIT_PRESSURE,15
6492.08,2026-06-29 12:00:00,18,18,22.358912060029446,23.68543832322437,1.3265262631949248,1.3265262631949248,SURPLUS_PRESSURE,16
5905.12,2026-06-29 12:00:00,26,34,25.738573203553127,26.928694416165353,1.190121212612226,1.190121212612226,SURPLUS_PRESSURE,17
5492.05,2026-06-29 12:00:00,25,24,21.357855870086507,20.254998740977243,-1.102857129109264,1.102857129109264,DEFICIT_PRESSURE,18
6364.07,2026-06-29 12:00:00,10,13,18.12065313163888,18.854090389250977,0.7334372576120991,0.7334372576120991,SURPLUS_PRESSURE,19
6822.09,2026-06-29 12:00:00,24,14,17.95687880643445,18.253670101271325,0.2967912948368756,0.2967912948368756,SURPLUS_PRESSURE,20
5980.10,2026-06-29 13:00:00,22,3,28.811987661832244,6.218884059047457,-22.593103602784787,22.593103602784787,DEFICIT_PRESSURE,1
6233.04,2026-06-29 13:00:00,23,26,36.64382005092301,27.545765093134214,-9.098054957788797,9.098054957788797,DEFICIT_PRESSURE,2
6173.08,2026-06-29 13:00:00,27,31,27.336451666521754,20.875082728641313,-6.46136893788044,6.46136893788044,DEFICIT_PRESSURE,3
6912.01,2026-06-29 13:00:00,27,24,29.252641350082012,35.556879901377876,6.304238551295864,6.304238551295864,SURPLUS_PRESSURE,4
5905.12,2026-06-29 13:00:00,30,32,26.84355769089992,33.08471957434184,6.241161883441919,6.241161883441919,SURPLUS_PRESSURE,5
6364.07,2026-06-29 13:00:00,10,13,16.493515279700972,22.067989897340745,5.574474617639773,5.574474617639773,SURPLUS_PRESSURE,6
6948.10,2026-06-29 13:00:00,39,31,30.61464451054931,25.87241881620837,-4.7422256943409415,4.7422256943409415,DEFICIT_PRESSURE,7
6140.05,2026-06-29 13:00:00,30,21,39.18567558351188,34.716515610131296,-4.4691599733805845,4.4691599733805845,DEFICIT_PRESSURE,8
6459.07,2026-06-29 13:00:00,19,15,28.27897746476054,24.608758214287196,-3.6702192504733446,3.6702192504733446,DEFICIT_PRESSURE,9
6822.09,2026-06-29 13:00:00,20,14,19.407782678751122,15.749870021383902,-3.65791265736722,3.65791265736722,DEFICIT_PRESSURE,10
6072.06,2026-06-29 13:00:00,19,29,27.40455618456986,24.240279219489068,-3.1642769650807914,3.1642769650807914,DEFICIT_PRESSURE,11
6726.01,2026-06-29 13:00:00,25,31,34.779793380309094,32.50950929431936,-2.2702840859897364,2.2702840859897364,DEFICIT_PRESSURE,12
5763.03,2026-06-29 13:00:00,14,16,24.335123290615467,22.255473652842166,-2.0796496377733007,2.0796496377733007,DEFICIT_PRESSURE,13
6432.09,2026-06-29 13:00:00,12,13,17.828470115896003,16.23302712999749,-1.5954429858985115,1.5954429858985115,DEFICIT_PRESSURE,14
6492.08,2026-06-29 13:00:00,22,18,23.005951461761175,24.440752155599494,1.4348006938383193,1.4348006938383193,SURPLUS_PRESSURE,15
5374.01,2026-06-29 13:00:00,10,12,19.43893218282826,18.160606382051572,-1.2783258007766882,1.2783258007766882,DEFICIT_PRESSURE,16
5492.05,2026-06-29 13:00:00,25,22,24.741383269396817,25.817601891221276,1.0762186218244594,1.0762186218244594,SURPLUS_PRESSURE,17
5905.14,2026-06-29 13:00:00,28,20,26.414287386693577,27.371770146374278,0.9574827596807012,0.9574827596807012,SURPLUS_PRESSURE,18
6331.01,2026-06-29 13:00:00,20,32,26.59639369458232,25.931451939972476,-0.6649417546098455,0.6649417546098455,DEFICIT_PRESSURE,19
5712.03,2026-06-29 13:00:00,25,29,26.593287395497228,26.08685758529602,-0.5064298102012081,0.5064298102012081,DEFICIT_PRESSURE,20
5980.10,2026-06-29 14:00:00,31,4,26.454507003144283,2.381362686467921,-24.073144316676363,24.073144316676363,DEFICIT_PRESSURE,1
6331.01,2026-06-29 14:00:00,25,40,25.930371757547423,37.85646540114465,11.92609364359723,11.92609364359723,SURPLUS_PRESSURE,2
5905.12,2026-06-29 14:00:00,22,25,28.564349271627567,36.77297185309008,8.20862258146251,8.20862258146251,SURPLUS_PRESSURE,3
5492.05,2026-06-29 14:00:00,22,24,27.387550365090746,21.50215478934579,-5.885395575744955,5.885395575744955,DEFICIT_PRESSURE,4
5905.14,2026-06-29 14:00:00,18,23,26.903263264218978,21.71279443968761,-5.190468824531369,5.190468824531369,DEFICIT_PRESSURE,5
6364.07,2026-06-29 14:00:00,19,21,16.304913517831384,20.32750933651583,4.022595818684447,4.022595818684447,SURPLUS_PRESSURE,6
5712.03,2026-06-29 14:00:00,23,18,22.304359217073987,26.211592260170843,3.9072330430968556,3.9072330430968556,SURPLUS_PRESSURE,7
6459.07,2026-06-29 14:00:00,29,22,21.17524073115816,17.74860975640858,-3.4266309747495782,3.4266309747495782,DEFICIT_PRESSURE,8
5374.01,2026-06-29 14:00:00,23,24,12.449989643496988,15.865895494769829,3.415905851272841,3.415905851272841,SURPLUS_PRESSURE,9
5763.03,2026-06-29 14:00:00,23,23,17.133121088511412,20.24937579245143,3.116254703940019,3.116254703940019,SURPLUS_PRESSURE,10
6140.05,2026-06-29 14:00:00,31,35,32.34972700891117,29.767997155385306,-2.581729853525861,2.581729853525861,DEFICIT_PRESSURE,11
6432.09,2026-06-29 14:00:00,17,9,13.917635586186433,16.256712970648692,2.339077384462259,2.339077384462259,SURPLUS_PRESSURE,12
6948.10,2026-06-29 14:00:00,30,33,34.08673331465641,31.899623222788737,-2.1871100918676767,2.1871100918676767,DEFICIT_PRESSURE,13
6912.01,2026-06-29 14:00:00,36,29,27.455375382088977,25.974329290745303,-1.481046091343675,1.481046091343675,DEFICIT_PRESSURE,14
6233.04,2026-06-29 14:00:00,17,11,28.099909145093854,26.750044373634264,-1.3498647714595897,1.3498647714595897,DEFICIT_PRESSURE,15
6822.09,2026-06-29 14:00:00,24,21,16.261024830789,15.309039128402626,-0.9519857023863754,0.9519857023863754,DEFICIT_PRESSURE,16
6173.08,2026-06-29 14:00:00,25,20,25.335345482059196,26.214200936432867,0.8788554543736709,0.8788554543736709,SURPLUS_PRESSURE,17
6492.08,2026-06-29 14:00:00,24,18,19.860834791196588,20.214555536553434,0.3537207453568456,0.3537207453568456,SURPLUS_PRESSURE,18
6072.06,2026-06-29 14:00:00,29,24,27.15538005630546,27.395487554570078,0.2401074982646172,0.2401074982646172,SURPLUS_PRESSURE,19
6726.01,2026-06-29 14:00:00,23,31,28.131689407075505,28.272763014533297,0.14107360745779118,0.14107360745779118,SURPLUS_PRESSURE,20
5980.10,2026-06-29 15:00:00,33,8,29.465258552774074,5.076623811908378,-24.388634740865697,24.388634740865697,DEFICIT_PRESSURE,1
5763.03,2026-06-29 15:00:00,21,24,29.906102024168966,22.685008944729493,-7.221093079439473,7.221093079439473,DEFICIT_PRESSURE,2
6912.01,2026-06-29 15:00:00,27,36,35.43054870459572,28.817931777454774,-6.612616927140948,6.612616927140948,DEFICIT_PRESSURE,3
6072.06,2026-06-29 15:00:00,26,23,32.06196067002215,25.536710274084527,-6.525250395937626,6.525250395937626,DEFICIT_PRESSURE,4
6459.07,2026-06-29 15:00:00,34,27,27.805551595640342,21.77689397501496,-6.028657620625381,6.028657620625381,DEFICIT_PRESSURE,5
5712.03,2026-06-29 15:00:00,28,33,26.241909083782907,21.35704637153453,-4.884862712248378,4.884862712248378,DEFICIT_PRESSURE,6
6331.01,2026-06-29 15:00:00,35,45,31.101666746237353,34.872871794790015,3.7712050485526625,3.7712050485526625,SURPLUS_PRESSURE,7
6364.07,2026-06-29 15:00:00,19,36,18.95044937155115,22.551285411097794,3.6008360395466426,3.6008360395466426,SURPLUS_PRESSURE,8
6492.08,2026-06-29 15:00:00,32,22,16.39437466415841,19.44916643024053,3.054791766082122,3.054791766082122,SURPLUS_PRESSURE,9
6233.04,2026-06-29 15:00:00,30,38,25.375925573406885,22.944673554516033,-2.431252018890852,2.431252018890852,DEFICIT_PRESSURE,10
5905.14,2026-06-29 15:00:00,25,24,22.263988207436498,23.889469950010966,1.6254817425744683,1.6254817425744683,SURPLUS_PRESSURE,11
6432.09,2026-06-29 15:00:00,16,17,17.344843414044156,15.780350193294534,-1.5644932207496218,1.5644932207496218,DEFICIT_PRESSURE,12
6140.05,2026-06-29 15:00:00,42,47,32.42208226780449,33.593619610748355,1.1715373429438642,1.1715373429438642,SURPLUS_PRESSURE,13
6822.09,2026-06-29 15:00:00,24,19,19.734775669159752,18.58814037370554,-1.1466352954542138,1.1466352954542138,DEFICIT_PRESSURE,14
6173.08,2026-06-29 15:00:00,30,29,23.78013465455797,22.80661127634388,-0.9735233782140895,0.9735233782140895,DEFICIT_PRESSURE,15
5905.12,2026-06-29 15:00:00,35,31,27.93331204077991,27.632814833989517,-0.3004972067903928,0.3004972067903928,DEFICIT_PRESSURE,16
5374.01,2026-06-29 15:00:00,18,19,22.907390358223456,22.62880008723518,-0.2785902709882748,0.2785902709882748,DEFICIT_PRESSURE,17
6948.10,2026-06-29 15:00:00,36,37,30.38634463493762,30.622402134422845,0.23605749948522714,0.23605749948522714,SURPLUS_PRESSURE,18
5492.05,2026-06-29 15:00:00,33,32,25.307984240135333,25.08319547260544,-0.22478876752989407,0.22478876752989407,DEFICIT_PRESSURE,19
6726.01,2026-06-29 15:00:00,41,34,28.67515824117017,28.887802230922045,0.21264398975187504,0.21264398975187504,SURPLUS_PRESSURE,20
5980.10,2026-06-29 16:00:00,30,5,32.86483251966229,6.760904355422698,-26.103928164239594,26.103928164239594,DEFICIT_PRESSURE,1
6364.07,2026-06-29 16:00:00,38,35,24.569246686833417,35.191626541008,10.622379854174582,10.622379854174582,SURPLUS_PRESSURE,2
6331.01,2026-06-29 16:00:00,35,64,28.404087504682117,36.877977327549175,8.473889822867058,8.473889822867058,SURPLUS_PRESSURE,3
6233.04,2026-06-29 16:00:00,32,30,32.14083936372171,38.06176655519109,5.9209271914693815,5.9209271914693815,SURPLUS_PRESSURE,4
6432.09,2026-06-29 16:00:00,34,31,15.456756267288055,21.279477765386353,5.822721498098298,5.822721498098298,SURPLUS_PRESSURE,5
5905.12,2026-06-29 16:00:00,25,30,33.2461697042592,27.724944482314548,-5.521225221944654,5.521225221944654,DEFICIT_PRESSURE,6
5374.01,2026-06-29 16:00:00,25,18,15.697168228069838,20.87237931196083,5.175211083890993,5.175211083890993,SURPLUS_PRESSURE,7
6072.06,2026-06-29 16:00:00,25,26,29.901408969446297,24.81562202893237,-5.085786940513927,5.085786940513927,DEFICIT_PRESSURE,8
5712.03,2026-06-29 16:00:00,31,23,28.628473250506826,33.211589867401564,4.583116616894738,4.583116616894738,SURPLUS_PRESSURE,9
6459.07,2026-06-29 16:00:00,35,29,31.859647519925993,28.306431271900884,-3.553216248025109,3.553216248025109,DEFICIT_PRESSURE,10
6173.08,2026-06-29 16:00:00,49,33,22.633502259485702,20.523908758751272,-2.10959350073443,2.10959350073443,DEFICIT_PRESSURE,11
5492.05,2026-06-29 16:00:00,37,39,34.38980633282501,32.38954534440556,-2.0002609884194484,2.0002609884194484,DEFICIT_PRESSURE,12
6948.10,2026-06-29 16:00:00,43,63,36.23363489766142,34.32599480616723,-1.9076400914941871,1.9076400914941871,DEFICIT_PRESSURE,13
6822.09,2026-06-29 16:00:00,42,16,14.17678525317185,12.276532889081109,-1.9002523640907416,1.9002523640907416,DEFICIT_PRESSURE,14
6492.08,2026-06-29 16:00:00,53,30,24.534500438470946,22.760948534110835,-1.7735519043601116,1.7735519043601116,DEFICIT_PRESSURE,15
6912.01,2026-06-29 16:00:00,33,30,32.92151196787757,33.975371458730955,1.0538594908533838,1.0538594908533838,SURPLUS_PRESSURE,16
6726.01,2026-06-29 16:00:00,44,37,30.97229081403987,30.490081605317496,-0.4822092087223737,0.4822092087223737,DEFICIT_PRESSURE,17
6140.05,2026-06-29 16:00:00,32,35,37.99496945227295,38.47100548318127,0.47603603090832536,0.47603603090832536,SURPLUS_PRESSURE,18
5763.03,2026-06-29 16:00:00,19,15,28.065581108538904,27.86286658403458,-0.20271452450432292,0.20271452450432292,DEFICIT_PRESSURE,19
5905.14,2026-06-29 16:00:00,25,22,28.519405982329616,28.376967697474598,-0.14243828485501808,0.14243828485501808,DEFICIT_PRESSURE,20
5980.10,2026-06-29 17:00:00,60,8,38.059487453250505,4.719638355972801,-33.33984909727771,33.33984909727771,DEFICIT_PRESSURE,1
6822.09,2026-06-29 17:00:00,66,29,44.156271954632196,12.678862875984532,-31.477409078647664,31.477409078647664,DEFICIT_PRESSURE,2
6173.08,2026-06-29 17:00:00,87,45,54.28258059524698,25.485006493154707,-28.797574102092277,28.797574102092277,DEFICIT_PRESSURE,3
6492.08,2026-06-29 17:00:00,139,34,59.45896272757475,35.03027191908265,-24.4286908084921,24.4286908084921,DEFICIT_PRESSURE,4
5712.03,2026-06-29 17:00:00,61,59,39.48220047938731,26.51243724197998,-12.969763237407328,12.969763237407328,DEFICIT_PRESSURE,5
6432.09,2026-06-29 17:00:00,84,61,40.7808993927449,29.74429738870931,-11.03660200403559,11.03660200403559,DEFICIT_PRESSURE,6
5905.14,2026-06-29 17:00:00,41,44,34.17553123391221,24.661437884152747,-9.514093349759463,9.514093349759463,DEFICIT_PRESSURE,7
5374.01,2026-06-29 17:00:00,28,48,32.52557504454601,23.09431445088849,-9.43126059365752,9.43126059365752,DEFICIT_PRESSURE,8
6331.01,2026-06-29 17:00:00,65,70,41.61419767449738,46.94977259379053,5.335574919293144,5.335574919293144,SURPLUS_PRESSURE,9
5905.12,2026-06-29 17:00:00,60,47,33.075289443698814,37.92735758536971,4.852068141670898,4.852068141670898,SURPLUS_PRESSURE,10
6912.01,2026-06-29 17:00:00,60,37,35.82852574060024,40.53685821317963,4.708332472579386,4.708332472579386,SURPLUS_PRESSURE,11
5763.03,2026-06-29 17:00:00,27,41,25.1020101390418,20.58889588525418,-4.51311425378762,4.51311425378762,DEFICIT_PRESSURE,12
6072.06,2026-06-29 17:00:00,41,56,34.32050340131332,29.938100746999577,-4.38240265431374,4.38240265431374,DEFICIT_PRESSURE,13
6948.10,2026-06-29 17:00:00,68,44,44.59068683510859,48.750633633953925,4.159946798845333,4.159946798845333,SURPLUS_PRESSURE,14
6459.07,2026-06-29 17:00:00,61,45,34.89930324218053,37.879488464834864,2.9801852226543346,2.9801852226543346,SURPLUS_PRESSURE,15
5492.05,2026-06-29 17:00:00,53,52,39.920160822014346,37.143679817097606,-2.7764810049167394,2.7764810049167394,DEFICIT_PRESSURE,16
6364.07,2026-06-29 17:00:00,52,73,45.12069212276641,42.41109340605528,-2.7095987167111275,2.7095987167111275,DEFICIT_PRESSURE,17
6140.05,2026-06-29 17:00:00,85,72,40.14895221345209,42.80605286902844,2.6571006555763503,2.6571006555763503,SURPLUS_PRESSURE,18
6233.04,2026-06-29 17:00:00,53,54,41.50763022837295,39.447196575719616,-2.0604336526533373,2.0604336526533373,DEFICIT_PRESSURE,19
6726.01,2026-06-29 17:00:00,44,52,49.42067629469544,47.62495202358282,-1.7957242711126185,1.7957242711126185,DEFICIT_PRESSURE,20
5980.10,2026-06-29 18:00:00,61,10,58.98986309523811,8.304571298703223,-50.685291796534884,50.685291796534884,DEFICIT_PRESSURE,1
6492.08,2026-06-29 18:00:00,37,32,51.64701224508557,28.04704098712193,-23.599971257963638,23.599971257963638,DEFICIT_PRESSURE,2
6432.09,2026-06-29 18:00:00,71,37,58.294239706030424,36.93778913950661,-21.35645056652381,21.35645056652381,DEFICIT_PRESSURE,3
6912.01,2026-06-29 18:00:00,80,29,60.00590277777778,38.696447429083264,-21.309455348694513,21.309455348694513,DEFICIT_PRESSURE,4
6948.10,2026-06-29 18:00:00,80,50,57.40114685742155,40.20725034806492,-17.193896509356634,17.193896509356634,DEFICIT_PRESSURE,5
6822.09,2026-06-29 18:00:00,42,33,44.408159157653806,29.719175454034545,-14.688983703619261,14.688983703619261,DEFICIT_PRESSURE,6
5763.03,2026-06-29 18:00:00,40,43,27.433244204401536,42.024021757333955,14.590777552932419,14.590777552932419,SURPLUS_PRESSURE,7
6459.07,2026-06-29 18:00:00,41,43,53.60168441161877,40.08862111128509,-13.513063300333677,13.513063300333677,DEFICIT_PRESSURE,8
5712.03,2026-06-29 18:00:00,63,60,57.796904000200136,44.37952213113131,-13.417381869068826,13.417381869068826,DEFICIT_PRESSURE,9
5905.12,2026-06-29 18:00:00,43,34,51.76327598045289,40.281128103876775,-11.482147876576114,11.482147876576114,DEFICIT_PRESSURE,10
6233.04,2026-06-29 18:00:00,70,70,44.22594642857144,53.002438974576464,8.776492546005024,8.776492546005024,SURPLUS_PRESSURE,11
6072.06,2026-06-29 18:00:00,36,44,37.84515495933459,45.200483691113824,7.355328731779231,7.355328731779231,SURPLUS_PRESSURE,12
6173.08,2026-06-29 18:00:00,64,33,39.894023758348844,33.0499639505858,-6.8440598077630455,6.8440598077630455,DEFICIT_PRESSURE,13
6726.01,2026-06-29 18:00:00,51,74,43.59670380066578,49.40722483879554,5.810521038129764,5.810521038129764,SURPLUS_PRESSURE,14
5374.01,2026-06-29 18:00:00,24,46,26.51252599935866,32.04089634006379,5.528370340705127,5.528370340705127,SURPLUS_PRESSURE,15
5492.05,2026-06-29 18:00:00,51,47,49.960872726187105,44.94502134939673,-5.015851376790373,5.015851376790373,DEFICIT_PRESSURE,16
6364.07,2026-06-29 18:00:00,61,41,47.84621001220998,43.80244686770616,-4.043763144503821,4.043763144503821,DEFICIT_PRESSURE,17
6331.01,2026-06-29 18:00:00,48,27,45.71387428169326,48.81307551353875,3.099201231845491,3.099201231845491,SURPLUS_PRESSURE,18
5905.14,2026-06-29 18:00:00,49,45,39.83967807187231,41.3338649951405,1.4941869232681952,1.4941869232681952,SURPLUS_PRESSURE,19
6140.05,2026-06-29 18:00:00,98,54,50.151950396825384,49.28817070919276,-0.863779687632622,0.863779687632622,DEFICIT_PRESSURE,20
5980.10,2026-06-29 19:00:00,56,3,37.12859757441706,8.649042062079966,-28.479555512337093,28.479555512337093,DEFICIT_PRESSURE,1
6912.01,2026-06-29 19:00:00,26,27,45.337058006776985,26.462525801444887,-18.8745322053321,18.8745322053321,DEFICIT_PRESSURE,2
5374.01,2026-06-29 19:00:00,32,31,21.958604510464287,36.600125457453615,14.641520946989328,14.641520946989328,SURPLUS_PRESSURE,3
6948.10,2026-06-29 19:00:00,33,28,43.30132064888241,31.986351046296058,-11.314969602586352,11.314969602586352,DEFICIT_PRESSURE,4
6726.01,2026-06-29 19:00:00,52,46,32.866967117284204,43.975445504185956,11.108478386901751,11.108478386901751,SURPLUS_PRESSURE,5
6364.07,2026-06-29 19:00:00,54,37,39.75467300557322,29.603135120774834,-10.151537884798383,10.151537884798383,DEFICIT_PRESSURE,6
5763.03,2026-06-29 19:00:00,31,51,28.082357051445992,36.92091751725789,8.838560465811899,8.838560465811899,SURPLUS_PRESSURE,7
6331.01,2026-06-29 19:00:00,46,24,32.28352074823272,24.34976787937884,-7.933752868853876,7.933752868853876,DEFICIT_PRESSURE,8
5712.03,2026-06-29 19:00:00,57,37,44.354163772466194,36.53571813192402,-7.818445640542173,7.818445640542173,DEFICIT_PRESSURE,9
6822.09,2026-06-29 19:00:00,50,27,30.196178609688904,22.37946948789953,-7.816709121789373,7.816709121789373,DEFICIT_PRESSURE,10
6140.05,2026-06-29 19:00:00,38,37,44.71370525610898,37.1845973158387,-7.529107940270279,7.529107940270279,DEFICIT_PRESSURE,11
5492.05,2026-06-29 19:00:00,41,36,37.856854294576166,30.33885863810358,-7.517995656472586,7.517995656472586,DEFICIT_PRESSURE,12
6233.04,2026-06-29 19:00:00,67,61,48.20961289090005,41.07357259391105,-7.136040296988995,7.136040296988995,DEFICIT_PRESSURE,13
5905.14,2026-06-29 19:00:00,45,33,40.48638076316535,34.02878856326354,-6.457592199901811,6.457592199901811,DEFICIT_PRESSURE,14
6459.07,2026-06-29 19:00:00,34,38,22.10399919303003,28.421269888665332,6.317270695635301,6.317270695635301,SURPLUS_PRESSURE,15
5905.12,2026-06-29 19:00:00,43,43,31.981631948510916,26.063748134239162,-5.917883814271754,5.917883814271754,DEFICIT_PRESSURE,16
6173.08,2026-06-29 19:00:00,31,23,25.854547074356013,21.380539647641655,-4.474007426714358,4.474007426714358,DEFICIT_PRESSURE,17
6072.06,2026-06-29 19:00:00,31,30,27.726580426037103,29.97606129873545,2.2494808726983457,2.2494808726983457,SURPLUS_PRESSURE,18
6432.09,2026-06-29 19:00:00,19,19,23.129819345734695,24.308002000570387,1.178182654835691,1.178182654835691,SURPLUS_PRESSURE,19
6492.08,2026-06-29 19:00:00,32,21,21.994389819581258,21.91315485478413,-0.08123496479712955,0.08123496479712955,DEFICIT_PRESSURE,20
5980.10,2026-06-29 20:00:00,25,3,32.081933459770184,2.973695948374998,-29.108237511395185,29.108237511395185,DEFICIT_PRESSURE,1
6364.07,2026-06-29 20:00:00,23,15,40.79365045713622,28.688204980134525,-12.105445477001698,12.105445477001698,DEFICIT_PRESSURE,2
6331.01,2026-06-29 20:00:00,52,23,28.689999885475736,17.380596949337175,-11.30940293613856,11.30940293613856,DEFICIT_PRESSURE,3
5712.03,2026-06-29 20:00:00,45,25,35.48069822639761,25.246006940683195,-10.234691285714412,10.234691285714412,DEFICIT_PRESSURE,4
6822.09,2026-06-29 20:00:00,20,19,25.120951215102608,16.539885374833617,-8.581065840268991,8.581065840268991,DEFICIT_PRESSURE,5
5905.12,2026-06-29 20:00:00,37,33,33.547042857310124,26.042306460807332,-7.504736396502793,7.504736396502793,DEFICIT_PRESSURE,6
6233.04,2026-06-29 20:00:00,60,41,47.833648091487014,41.042364631834225,-6.791283459652789,6.791283459652789,DEFICIT_PRESSURE,7
5763.03,2026-06-29 20:00:00,38,48,24.63952443553287,31.225756276260665,6.586231840727795,6.586231840727795,SURPLUS_PRESSURE,8
5905.14,2026-06-29 20:00:00,32,29,29.459515557327528,23.599570635659575,-5.859944921667953,5.859944921667953,DEFICIT_PRESSURE,9
5492.05,2026-06-29 20:00:00,41,30,31.37274283951072,26.27575235581989,-5.096990483690831,5.096990483690831,DEFICIT_PRESSURE,10
6072.06,2026-06-29 20:00:00,32,27,24.41559108762028,19.354271788438336,-5.061319299181946,5.061319299181946,DEFICIT_PRESSURE,11
6492.08,2026-06-29 20:00:00,16,18,19.026915643078972,13.983075969892703,-5.04383967318627,5.04383967318627,DEFICIT_PRESSURE,12
6726.01,2026-06-29 20:00:00,30,24,33.64881757014921,28.769553848283582,-4.87926372186563,4.87926372186563,DEFICIT_PRESSURE,13
6948.10,2026-06-29 20:00:00,24,17,21.859395535199088,17.331662735172127,-4.5277328000269605,4.5277328000269605,DEFICIT_PRESSURE,14
6173.08,2026-06-29 20:00:00,14,14,15.262939204128042,11.294823469420328,-3.9681157347077143,3.9681157347077143,DEFICIT_PRESSURE,15
6140.05,2026-06-29 20:00:00,46,45,28.714783579311746,25.037430187488752,-3.6773533918229937,3.6773533918229937,DEFICIT_PRESSURE,16
6912.01,2026-06-29 20:00:00,12,16,20.026255255918016,22.9830004565358,2.9567452006177852,2.9567452006177852,SURPLUS_PRESSURE,17
5374.01,2026-06-29 20:00:00,31,18,20.570074007577947,18.537497166503456,-2.0325768410744907,2.0325768410744907,DEFICIT_PRESSURE,18
6459.07,2026-06-29 20:00:00,37,35,22.56190789606252,23.530126373339016,0.9682184772764941,0.9682184772764941,SURPLUS_PRESSURE,19
6432.09,2026-06-29 20:00:00,22,24,12.892997540364757,12.067873308759554,-0.8251242316052032,0.8251242316052032,DEFICIT_PRESSURE,20
6331.01,2026-06-29 21:00:00,14,10,26.888151920689328,13.28479853211917,-13.603353388570158,13.603353388570158,DEFICIT_PRESSURE,1
5980.10,2026-06-29 21:00:00,10,1,13.568319923282683,2.2330863590747465,-11.335233564207936,11.335233564207936,DEFICIT_PRESSURE,2
6233.04,2026-06-29 21:00:00,14,15,24.971992162061138,15.825891973235406,-9.146100188825733,9.146100188825733,DEFICIT_PRESSURE,3
6140.05,2026-06-29 21:00:00,19,16,27.225059816338288,18.701273700004435,-8.523786116333852,8.523786116333852,DEFICIT_PRESSURE,4
5712.03,2026-06-29 21:00:00,33,21,24.22586399009939,15.972252714052436,-8.253611276046955,8.253611276046955,DEFICIT_PRESSURE,5
5374.01,2026-06-29 21:00:00,33,25,19.384785719093344,11.703133493673597,-7.681652225419747,7.681652225419747,DEFICIT_PRESSURE,6
5492.05,2026-06-29 21:00:00,22,23,22.605154873311808,15.085953831731922,-7.519201041579885,7.519201041579885,DEFICIT_PRESSURE,7
6912.01,2026-06-29 21:00:00,14,7,9.630727161716766,17.012430827013276,7.381703665296509,7.381703665296509,SURPLUS_PRESSURE,8
5763.03,2026-06-29 21:00:00,33,20,25.231985552979992,18.899306617639052,-6.33267893534094,6.33267893534094,DEFICIT_PRESSURE,9
6072.06,2026-06-29 21:00:00,11,15,22.567502835398628,17.579214921502416,-4.988287913896212,4.988287913896212,DEFICIT_PRESSURE,10
5905.14,2026-06-29 21:00:00,29,17,19.913804770105603,15.17411173652154,-4.739693033584063,4.739693033584063,DEFICIT_PRESSURE,11
6364.07,2026-06-29 21:00:00,8,9,20.39053551643176,15.948459644355337,-4.442075872076424,4.442075872076424,DEFICIT_PRESSURE,12
5905.12,2026-06-29 21:00:00,29,18,22.903370667561617,19.03877377556075,-3.8645968920008684,3.8645968920008684,DEFICIT_PRESSURE,13
6948.10,2026-06-29 21:00:00,19,11,13.773121588472748,10.632456590380762,-3.140664998091985,3.140664998091985,DEFICIT_PRESSURE,14
6492.08,2026-06-29 21:00:00,17,15,9.72934451318328,12.541921241453814,2.8125767282705336,2.8125767282705336,SURPLUS_PRESSURE,15
6726.01,2026-06-29 21:00:00,20,25,19.922482746925393,22.365439819764745,2.442957072839352,2.442957072839352,SURPLUS_PRESSURE,16
6822.09,2026-06-29 21:00:00,16,14,11.594563246125174,9.574377806983245,-2.0201854391419296,2.0201854391419296,DEFICIT_PRESSURE,17
6459.07,2026-06-29 21:00:00,21,20,17.662678978500363,15.821352935739739,-1.841326042760624,1.841326042760624,DEFICIT_PRESSURE,18
6432.09,2026-06-29 21:00:00,10,10,13.379969793822461,14.030708602635695,0.6507388088132338,0.6507388088132338,SURPLUS_PRESSURE,19
6173.08,2026-06-29 21:00:00,8,9,8.646845396337506,8.333409516835603,-0.31343587950190255,0.31343587950190255,DEFICIT_PRESSURE,20
5763.03,2026-06-29 22:00:00,21,11,26.60489185142319,15.434054151371827,-11.170837700051363,11.170837700051363,DEFICIT_PRESSURE,1
5712.03,2026-06-29 22:00:00,12,12,23.59830850078595,13.027233066167632,-10.571075434618319,10.571075434618319,DEFICIT_PRESSURE,2
5905.12,2026-06-29 22:00:00,18,5,19.309494748712538,10.8447997443414,-8.464695004371139,8.464695004371139,DEFICIT_PRESSURE,3
5905.14,2026-06-29 22:00:00,18,11,17.269721552460393,10.665795092730802,-6.603926459729591,6.603926459729591,DEFICIT_PRESSURE,4
6459.07,2026-06-29 22:00:00,12,12,20.06920444731554,13.697356203337879,-6.371848243977659,6.371848243977659,DEFICIT_PRESSURE,5
5980.10,2026-06-29 22:00:00,12,1,7.621061088506998,1.3956701561810028,-6.225390932325995,6.225390932325995,DEFICIT_PRESSURE,6
6173.08,2026-06-29 22:00:00,4,4,10.08232764270003,4.7394741522411605,-5.342853490458869,5.342853490458869,DEFICIT_PRESSURE,7
6948.10,2026-06-29 22:00:00,8,8,13.882745839416124,9.278342796308683,-4.604403043107441,4.604403043107441,DEFICIT_PRESSURE,8
6364.07,2026-06-29 22:00:00,20,20,12.478871569586733,8.602619462998339,-3.876252106588394,3.876252106588394,DEFICIT_PRESSURE,9
6912.01,2026-06-29 22:00:00,4,5,10.265334926876147,6.466082823986362,-3.7992521028897848,3.7992521028897848,DEFICIT_PRESSURE,10
6331.01,2026-06-29 22:00:00,8,11,12.875489154799114,9.384948421886133,-3.490540732912981,3.490540732912981,DEFICIT_PRESSURE,11
6726.01,2026-06-29 22:00:00,10,18,14.757495683850998,18.21202055088883,3.454524867037833,3.454524867037833,SURPLUS_PRESSURE,12
5374.01,2026-06-29 22:00:00,16,13,17.954679020929255,14.9204360919166,-3.034242929012656,3.034242929012656,DEFICIT_PRESSURE,13
6432.09,2026-06-29 22:00:00,8,7,8.668967681018744,6.190810302481171,-2.4781573785375732,2.4781573785375732,DEFICIT_PRESSURE,14
6492.08,2026-06-29 22:00:00,13,10,9.817532872266836,7.404385738973458,-2.4131471332933785,2.4131471332933785,DEFICIT_PRESSURE,15
6140.05,2026-06-29 22:00:00,11,15,10.379960429051655,8.054761933278344,-2.3251984957733107,2.3251984957733107,DEFICIT_PRESSURE,16
6233.04,2026-06-29 22:00:00,8,10,4.892955464609625,7.052369274591825,2.1594138099822002,2.1594138099822002,SURPLUS_PRESSURE,17
6072.06,2026-06-29 22:00:00,14,7,11.320713367510693,12.329110407707935,1.0083970401972415,1.0083970401972415,SURPLUS_PRESSURE,18
6822.09,2026-06-29 22:00:00,11,8,6.725805302477155,7.538435088350031,0.8126297858728764,0.8126297858728764,SURPLUS_PRESSURE,19
5492.05,2026-06-29 22:00:00,9,7,15.370287095269113,15.879197544986505,0.5089104497173924,0.5089104497173924,SURPLUS_PRESSURE,20
5905.12,2026-06-29 23:00:00,13,5,14.200609863222601,3.1989366023505026,-11.0016732608721,11.0016732608721,DEFICIT_PRESSURE,1
5980.10,2026-06-29 23:00:00,9,1,10.762249638344487,0.6574942816078437,-10.104755356736643,10.104755356736643,DEFICIT_PRESSURE,2
5763.03,2026-06-29 23:00:00,9,8,16.162838653079874,9.422633061166886,-6.7402055919129875,6.7402055919129875,DEFICIT_PRESSURE,3
6364.07,2026-06-29 23:00:00,4,6,15.458944817086667,9.41201356749803,-6.046931249588637,6.046931249588637,DEFICIT_PRESSURE,4
6726.01,2026-06-29 23:00:00,8,8,8.016727032385925,13.57479419809492,5.558067165708996,5.558067165708996,SURPLUS_PRESSURE,5
6459.07,2026-06-29 23:00:00,9,10,11.17831030934818,6.464013432489692,-4.714296876858489,4.714296876858489,DEFICIT_PRESSURE,6
5905.14,2026-06-29 23:00:00,6,3,13.008564366203,8.479820929683376,-4.528743436519624,4.528743436519624,DEFICIT_PRESSURE,7
5712.03,2026-06-29 23:00:00,7,11,6.670442610145861,10.967632868486481,4.29719025834062,4.29719025834062,SURPLUS_PRESSURE,8
6331.01,2026-06-29 23:00:00,8,14,13.178874594936765,9.155670531450406,-4.023204063486359,4.023204063486359,DEFICIT_PRESSURE,9
6140.05,2026-06-29 23:00:00,6,3,6.639357066206785,9.447123471550348,2.807766405343563,2.807766405343563,SURPLUS_PRESSURE,10
6173.08,2026-06-29 23:00:00,7,11,4.836118611139167,2.121176633211663,-2.714941977927504,2.714941977927504,DEFICIT_PRESSURE,11
6492.08,2026-06-29 23:00:00,4,4,8.563541147639913,6.199867403572571,-2.3636737440673423,2.3636737440673423,DEFICIT_PRESSURE,12
6072.06,2026-06-29 23:00:00,16,17,8.930582911537417,6.600418094699638,-2.3301648168377795,2.3301648168377795,DEFICIT_PRESSURE,13
5492.05,2026-06-29 23:00:00,3,3,7.343443695148645,5.284301619363271,-2.059142075785374,2.059142075785374,DEFICIT_PRESSURE,14
6948.10,2026-06-29 23:00:00,7,8,5.888382710085153,7.7464026620880215,1.8580199520028682,1.8580199520028682,SURPLUS_PRESSURE,15
5374.01,2026-06-29 23:00:00,10,12,10.580931155231385,9.696976602268778,-0.8839545529626065,0.8839545529626065,DEFICIT_PRESSURE,16
6432.09,2026-06-29 23:00:00,4,6,4.459044352309177,4.8171368556897525,0.3580925033805755,0.3580925033805755,SURPLUS_PRESSURE,17
6233.04,2026-06-29 23:00:00,3,1,3.6723954925674347,3.3692679009288145,-0.30312759163862024,0.30312759163862024,DEFICIT_PRESSURE,18
6822.09,2026-06-29 23:00:00,7,9,5.792012860219029,5.684938237540898,-0.10707462267813117,0.10707462267813117,DEFICIT_PRESSURE,19
6912.01,2026-06-29 23:00:00,3,3,4.0791046024684015,3.9783848876620582,-0.10071971480634323,0.10071971480634323,DEFICIT_PRESSURE,20
5980.10,2026-06-30 00:00:00,6,1,6.041502876527145,1.358998571647451,-4.682504304879694,4.682504304879694,DEFICIT_PRESSURE,1
5374.01,2026-06-30 00:00:00,8,2,3.618520472636385,7.225447007746624,3.606926535110239,3.606926535110239,SURPLUS_PRESSURE,2
5763.03,2026-06-30 00:00:00,19,16,7.09036933338308,4.459271416272901,-2.6310979171101794,2.6310979171101794,DEFICIT_PRESSURE,3
6072.06,2026-06-30 00:00:00,11,13,7.92750426390642,10.206762024581002,2.2792577606745814,2.2792577606745814,SURPLUS_PRESSURE,4
6233.04,2026-06-30 00:00:00,3,0,2.362612036153404,0.3798265282442839,-1.9827855079091203,1.9827855079091203,DEFICIT_PRESSURE,5
6459.07,2026-06-30 00:00:00,6,5,2.989004379898014,4.780270670655127,1.7912662907571129,1.7912662907571129,SURPLUS_PRESSURE,6
6822.09,2026-06-30 00:00:00,4,8,5.3780112180792425,3.8482592836374288,-1.5297519344418138,1.5297519344418138,DEFICIT_PRESSURE,7
6912.01,2026-06-30 00:00:00,2,1,3.605856976986509,2.1410499516268913,-1.464807025359618,1.464807025359618,DEFICIT_PRESSURE,8
6948.10,2026-06-30 00:00:00,12,9,5.813106773650728,4.571994592992695,-1.2411121806580327,1.2411121806580327,DEFICIT_PRESSURE,9
6173.08,2026-06-30 00:00:00,6,2,3.137132045301574,4.291132516256586,1.1540004709550122,1.1540004709550122,SURPLUS_PRESSURE,10
5712.03,2026-06-30 00:00:00,8,4,5.316967910910682,6.243901022494558,0.9269331115838764,0.9269331115838764,SURPLUS_PRESSURE,11
6140.05,2026-06-30 00:00:00,2,3,3.925271955373178,3.024074837616934,-0.9011971177562437,0.9011971177562437,DEFICIT_PRESSURE,12
6331.01,2026-06-30 00:00:00,19,9,8.767585090899663,7.949791109610045,-0.8177939812896184,0.8177939812896184,DEFICIT_PRESSURE,13
5492.05,2026-06-30 00:00:00,2,4,2.684649171548307,1.9830676531370606,-0.7015815184112464,0.7015815184112464,DEFICIT_PRESSURE,14
5905.14,2026-06-30 00:00:00,8,7,3.4057333207962897,2.758390025791582,-0.6473432950047076,0.6473432950047076,DEFICIT_PRESSURE,15
6726.01,2026-06-30 00:00:00,2,14,5.530231112782071,4.898962317266459,-0.631268795515612,0.631268795515612,DEFICIT_PRESSURE,16
6492.08,2026-06-30 00:00:00,1,2,1.9734709147367469,2.4715684655912376,0.4980975508544907,0.4980975508544907,SURPLUS_PRESSURE,17
6432.09,2026-06-30 00:00:00,4,5,3.007788616838043,3.233876451186231,0.22608783434818802,0.22608783434818802,SURPLUS_PRESSURE,18
5905.12,2026-06-30 00:00:00,7,6,9.043953276314737,8.820487606773954,-0.22346566954078284,0.22346566954078284,DEFICIT_PRESSURE,19
6364.07,2026-06-30 00:00:00,8,4,3.0235760683975013,3.2068793823520587,0.18330331395455746,0.18330331395455746,SURPLUS_PRESSURE,20
5980.10,2026-06-30 01:00:00,2,1,8.638931466044232,0.3521149349286263,-8.286816531115607,8.286816531115607,DEFICIT_PRESSURE,1
6331.01,2026-06-30 01:00:00,1,0,10.678788901467914,3.2323076684615812,-7.446481233006333,7.446481233006333,DEFICIT_PRESSURE,2
6726.01,2026-06-30 01:00:00,2,1,2.757621738781219,7.9005267973404525,5.142905058559233,5.142905058559233,SURPLUS_PRESSURE,3
6822.09,2026-06-30 01:00:00,3,0,1.0558501140632375,4.697109921983932,3.6412598079206946,3.6412598079206946,SURPLUS_PRESSURE,4
5712.03,2026-06-30 01:00:00,6,3,3.409754971036,1.1975853322620968,-2.2121696387739034,2.2121696387739034,DEFICIT_PRESSURE,5
6432.09,2026-06-30 01:00:00,2,6,1.4789468412561724,3.5948891977767072,2.115942356520535,2.115942356520535,SURPLUS_PRESSURE,6
6140.05,2026-06-30 01:00:00,0,0,1.1998987190443664,3.2011812122496552,2.001282493205289,2.001282493205289,SURPLUS_PRESSURE,7
6364.07,2026-06-30 01:00:00,5,5,3.406458494812623,1.6045532735924732,-1.8019052212201498,1.8019052212201498,DEFICIT_PRESSURE,8
5763.03,2026-06-30 01:00:00,5,4,8.302864348940455,6.69485222811785,-1.6080121208226048,1.6080121208226048,DEFICIT_PRESSURE,9
5374.01,2026-06-30 01:00:00,2,0,3.604009277500664,2.249195351868333,-1.3548139256323308,1.3548139256323308,DEFICIT_PRESSURE,10
6948.10,2026-06-30 01:00:00,5,2,3.269169473062719,2.318835727370186,-0.9503337456925331,0.9503337456925331,DEFICIT_PRESSURE,11
6173.08,2026-06-30 01:00:00,0,0,1.9957475405736491,1.1177010326957606,-0.8780465078778885,0.8780465078778885,DEFICIT_PRESSURE,12
6233.04,2026-06-30 01:00:00,0,0,0.9526010425546636,0.1886642569845598,-0.7639367855701038,0.7639367855701038,DEFICIT_PRESSURE,13
6459.07,2026-06-30 01:00:00,0,5,1.7485137185928017,2.4844986310348536,0.7359849124420519,0.7359849124420519,SURPLUS_PRESSURE,14
6072.06,2026-06-30 01:00:00,5,2,5.422989136324853,6.026798574794449,0.6038094384695958,0.6038094384695958,SURPLUS_PRESSURE,15
5492.05,2026-06-30 01:00:00,3,0,1.0231896315724023,1.5778408605496548,0.5546512289772525,0.5546512289772525,SURPLUS_PRESSURE,16
5905.12,2026-06-30 01:00:00,4,5,3.674121213748168,4.187534041827999,0.5134128280798311,0.5134128280798311,SURPLUS_PRESSURE,17
6912.01,2026-06-30 01:00:00,0,1,1.852873376047231,1.4452631283960014,-0.40761024765122955,0.40761024765122955,DEFICIT_PRESSURE,18
5905.14,2026-06-30 01:00:00,4,2,2.9434801556714234,3.296732161264515,0.35325200559309167,0.35325200559309167,SURPLUS_PRESSURE,19
6492.08,2026-06-30 01:00:00,1,4,1.1772956039311646,1.5110773389616696,0.333781735030505,0.333781735030505,SURPLUS_PRESSURE,20
6459.07,2026-06-30 02:00:00,3,3,0.6046938203434916,2.779530987289383,2.1748371669458915,2.1748371669458915,SURPLUS_PRESSURE,1
6948.10,2026-06-30 02:00:00,3,1,3.1261785692541726,1.0231244937547082,-2.1030540754994647,2.1030540754994647,DEFICIT_PRESSURE,2
5763.03,2026-06-30 02:00:00,0,2,3.397801953350609,1.4475017371239887,-1.9503002162266203,1.9503002162266203,DEFICIT_PRESSURE,3
5905.12,2026-06-30 02:00:00,0,0,2.769134186289835,1.0492363106407698,-1.719897875649065,1.719897875649065,DEFICIT_PRESSURE,4
6140.05,2026-06-30 02:00:00,1,0,0.804352224140159,2.132038026313579,1.32768580217342,1.32768580217342,SURPLUS_PRESSURE,5
6331.01,2026-06-30 02:00:00,0,2,1.1774167369591408,0.30781420653443764,-0.8696025304247033,0.8696025304247033,DEFICIT_PRESSURE,6
6072.06,2026-06-30 02:00:00,2,3,1.8040263530521534,1.028012940238076,-0.7760134128140774,0.7760134128140774,DEFICIT_PRESSURE,7
6492.08,2026-06-30 02:00:00,2,0,1.6369567516742427,0.8761201161658952,-0.7608366355083475,0.7608366355083475,DEFICIT_PRESSURE,8
6364.07,2026-06-30 02:00:00,0,0,1.2920190405201284,2.0382788994198027,0.7462598588996743,0.7462598588996743,SURPLUS_PRESSURE,9
5492.05,2026-06-30 02:00:00,0,1,1.1172674599821455,1.696997166593467,0.5797297066113216,0.5797297066113216,SURPLUS_PRESSURE,10
5980.10,2026-06-30 02:00:00,1,0,0.8436110142296087,0.31943239748458396,-0.5241786167450248,0.5241786167450248,DEFICIT_PRESSURE,11
5712.03,2026-06-30 02:00:00,0,1,1.2054768103818458,1.588628709853869,0.3831518994720231,0.3831518994720231,SURPLUS_PRESSURE,12
6432.09,2026-06-30 02:00:00,3,2,0.9641415420108932,1.3060651441395346,0.34192360212864137,0.34192360212864137,SURPLUS_PRESSURE,13
5905.14,2026-06-30 02:00:00,1,0,1.3499390404251241,1.1829638133665796,-0.1669752270585445,0.1669752270585445,DEFICIT_PRESSURE,14
6173.08,2026-06-30 02:00:00,0,0,0.46967617493843156,0.33055599505742955,-0.139120179881002,0.139120179881002,DEFICIT_PRESSURE,15
5374.01,2026-06-30 02:00:00,1,1,1.015739145159664,1.0808752536503148,0.06513610849065077,0.06513610849065077,SURPLUS_PRESSURE,16
6822.09,2026-06-30 02:00:00,0,1,0.8051773773089417,0.7628967935259204,-0.04228058378302124,0.04228058378302124,DEFICIT_PRESSURE,17
6726.01,2026-06-30 02:00:00,2,1,1.2828575686220913,1.2969091659058702,0.014051597283778916,0.014051597283778916,SURPLUS_PRESSURE,18
6912.01,2026-06-30 02:00:00,1,0,1.329599806005092,1.3370288131073282,0.0074290071022362625,0.0074290071022362625,SURPLUS_PRESSURE,19
6233.04,2026-06-30 02:00:00,0,0,0.1850087130843528,0.1827500966185449,-0.0022586164658078833,0.0022586164658078833,DEFICIT_PRESSURE,20
5712.03,2026-06-30 03:00:00,0,1,1.352725529692299,0.38069967227866497,-0.9720258574136341,0.9720258574136341,DEFICIT_PRESSURE,1
6072.06,2026-06-30 03:00:00,2,1,1.0065639086126301,1.841059593429992,0.8344956848173619,0.8344956848173619,SURPLUS_PRESSURE,2
5905.14,2026-06-30 03:00:00,0,1,1.2158400081604868,0.3877156654495251,-0.8281243427109617,0.8281243427109617,DEFICIT_PRESSURE,3
5492.05,2026-06-30 03:00:00,0,0,0.5086758895228988,1.199492389475396,0.6908164999524972,0.6908164999524972,SURPLUS_PRESSURE,4
6140.05,2026-06-30 03:00:00,0,0,0.8537175510867203,0.30559666012802655,-0.5481208909586938,0.5481208909586938,DEFICIT_PRESSURE,5
6364.07,2026-06-30 03:00:00,0,1,1.181977856976057,0.641252178412422,-0.5407256785636351,0.5407256785636351,DEFICIT_PRESSURE,6
6459.07,2026-06-30 03:00:00,1,0,1.871153528343411,1.351300267277503,-0.5198532610659081,0.5198532610659081,DEFICIT_PRESSURE,7
5763.03,2026-06-30 03:00:00,0,0,0.7006016294477502,1.0979307357423342,0.39732910629458407,0.39732910629458407,SURPLUS_PRESSURE,8
5905.12,2026-06-30 03:00:00,1,0,0.9219656181462448,0.5746734216607442,-0.3472921964855006,0.3472921964855006,DEFICIT_PRESSURE,9
5980.10,2026-06-30 03:00:00,0,0,0.5393515522802929,0.24039417570687527,-0.2989573765734176,0.2989573765734176,DEFICIT_PRESSURE,10
6912.01,2026-06-30 03:00:00,0,0,0.5025263704952779,0.21230349929732054,-0.2902228711979574,0.2902228711979574,DEFICIT_PRESSURE,11
6726.01,2026-06-30 03:00:00,1,2,0.6085724354484613,0.8234767813343473,0.21490434588588603,0.21490434588588603,SURPLUS_PRESSURE,12
6822.09,2026-06-30 03:00:00,2,1,0.3742021110187829,0.5891014870622698,0.2148993760434869,0.2148993760434869,SURPLUS_PRESSURE,13
6432.09,2026-06-30 03:00:00,0,0,0.9313545724274337,0.717506443869834,-0.21384812855759971,0.21384812855759971,DEFICIT_PRESSURE,14
6948.10,2026-06-30 03:00:00,1,1,0.9267331960677542,0.777204945074336,-0.14952825099341815,0.14952825099341815,DEFICIT_PRESSURE,15
6492.08,2026-06-30 03:00:00,0,0,0.6987076047956609,0.5584858541766088,-0.14022175061905207,0.14022175061905207,DEFICIT_PRESSURE,16
6331.01,2026-06-30 03:00:00,0,0,1.160727474730247,1.0567920118382639,-0.10393546289198308,0.10393546289198308,DEFICIT_PRESSURE,17
6173.08,2026-06-30 03:00:00,0,0,0.3327640358361231,0.2941309658355612,-0.038633070000561875,0.038633070000561875,DEFICIT_PRESSURE,18
6233.04,2026-06-30 03:00:00,0,0,0.1468279273869917,0.16464966747753124,0.017821740090539523,0.017821740090539523,SURPLUS_PRESSURE,19
5374.01,2026-06-30 03:00:00,2,4,0.6398391295617316,0.6331872027831293,-0.0066519267786022684,0.0066519267786022684,DEFICIT_PRESSURE,20
5712.03,2026-06-30 04:00:00,0,0,3.9738732276059756,1.1337040082728214,-2.8401692193331542,2.8401692193331542,DEFICIT_PRESSURE,1
5905.14,2026-06-30 04:00:00,1,1,0.4936978066795592,2.174440157881158,1.6807423512015989,1.6807423512015989,SURPLUS_PRESSURE,2
6912.01,2026-06-30 04:00:00,0,1,0.4548540516891309,1.6373487194900773,1.1824946678009465,1.1824946678009465,SURPLUS_PRESSURE,3
6726.01,2026-06-30 04:00:00,0,1,1.540208844839798,2.656262629111986,1.116053784272188,1.116053784272188,SURPLUS_PRESSURE,4
6364.07,2026-06-30 04:00:00,1,0,2.142128282530125,1.1264352326007823,-1.0156930499293428,1.0156930499293428,DEFICIT_PRESSURE,5
5763.03,2026-06-30 04:00:00,2,1,2.328129325816329,1.5004028334470818,-0.8277264923692473,0.8277264923692473,DEFICIT_PRESSURE,6
6822.09,2026-06-30 04:00:00,0,2,0.6836176815812541,1.5076205136790142,0.82400283209776,0.82400283209776,SURPLUS_PRESSURE,7
6140.05,2026-06-30 04:00:00,0,0,1.6065601394788689,2.426280543915088,0.819720404436219,0.819720404436219,SURPLUS_PRESSURE,8
5980.10,2026-06-30 04:00:00,0,0,1.0172092981765124,0.27355608361071415,-0.7436532145657982,0.7436532145657982,DEFICIT_PRESSURE,9
5905.12,2026-06-30 04:00:00,1,2,0.734030572077632,1.4468171542466022,0.7127865821689702,0.7127865821689702,SURPLUS_PRESSURE,10
5374.01,2026-06-30 04:00:00,1,2,1.0171423566574176,1.7172483792661775,0.7001060226087599,0.7001060226087599,SURPLUS_PRESSURE,11
5492.05,2026-06-30 04:00:00,0,0,0.5082693293978573,1.1616370347890053,0.653367705391148,0.653367705391148,SURPLUS_PRESSURE,12
6948.10,2026-06-30 04:00:00,2,1,0.5463225540914096,1.1323634975973214,0.5860409435059117,0.5860409435059117,SURPLUS_PRESSURE,13
6432.09,2026-06-30 04:00:00,2,1,0.3967191294002907,0.7584492755276667,0.36173014612737603,0.36173014612737603,SURPLUS_PRESSURE,14
6331.01,2026-06-30 04:00:00,1,3,1.4050456040553032,1.047082175250504,-0.35796342880479926,0.35796342880479926,DEFICIT_PRESSURE,15
6072.06,2026-06-30 04:00:00,1,1,1.0593303794832645,1.312844908220283,0.25351452873701863,0.25351452873701863,SURPLUS_PRESSURE,16
6459.07,2026-06-30 04:00:00,1,2,1.5105617443212318,1.6575273614686898,0.14696561714745804,0.14696561714745804,SURPLUS_PRESSURE,17
6233.04,2026-06-30 04:00:00,0,0,0.13564788177891302,0.19099442821454904,0.055346546435636024,0.055346546435636024,SURPLUS_PRESSURE,18
6173.08,2026-06-30 04:00:00,0,1,0.37779344744566723,0.3283772600743454,-0.04941618737132181,0.04941618737132181,DEFICIT_PRESSURE,19
6492.08,2026-06-30 04:00:00,0,1,0.5014353638828868,0.5218734047495429,0.020438040866656126,0.020438040866656126,SURPLUS_PRESSURE,20
6233.04,2026-06-30 05:00:00,2,25,0.2314928656360648,18.542111688491588,18.310618822855524,18.310618822855524,SURPLUS_PRESSURE,1
5763.03,2026-06-30 05:00:00,4,1,1.2832474528283684,6.729155870250369,5.445908417422,5.445908417422,SURPLUS_PRESSURE,2
6822.09,2026-06-30 05:00:00,1,8,1.950781053965741,7.295315274745313,5.344534220779572,5.344534220779572,SURPLUS_PRESSURE,3
6948.10,2026-06-30 05:00:00,1,1,5.31853651145129,8.311713045246925,2.9931765337956353,2.9931765337956353,SURPLUS_PRESSURE,4
6331.01,2026-06-30 05:00:00,6,5,8.916733707726484,6.114425043996701,-2.802308663729783,2.802308663729783,DEFICIT_PRESSURE,5
6140.05,2026-06-30 05:00:00,2,4,2.2462110542368943,4.829474723778677,2.583263669541783,2.583263669541783,SURPLUS_PRESSURE,6
5980.10,2026-06-30 05:00:00,3,1,3.146819768269436,0.5840683851012216,-2.562751383168214,2.562751383168214,DEFICIT_PRESSURE,7
6912.01,2026-06-30 05:00:00,0,4,5.3582955157438334,3.19386356119407,-2.1644319545497632,2.1644319545497632,DEFICIT_PRESSURE,8
6432.09,2026-06-30 05:00:00,4,2,7.5007984466292905,5.541555640981305,-1.9592428056479854,1.9592428056479854,DEFICIT_PRESSURE,9
6173.08,2026-06-30 05:00:00,0,2,0.5899258641356597,2.3953782224771714,1.8054523583415116,1.8054523583415116,SURPLUS_PRESSURE,10
6459.07,2026-06-30 05:00:00,3,0,4.299882529953441,2.501068746517224,-1.7988137834362172,1.7988137834362172,DEFICIT_PRESSURE,11
5905.12,2026-06-30 05:00:00,2,7,1.4465342684830806,3.2114541448226546,1.764919876339574,1.764919876339574,SURPLUS_PRESSURE,12
6364.07,2026-06-30 05:00:00,6,7,2.6665607723109166,1.3206372886439641,-1.3459234836669525,1.3459234836669525,DEFICIT_PRESSURE,13
5712.03,2026-06-30 05:00:00,2,3,2.582202634558438,1.5240851407265408,-1.0581174938318971,1.0581174938318971,DEFICIT_PRESSURE,14
5374.01,2026-06-30 05:00:00,1,3,1.3290219120821682,1.9505929809186335,0.6215710688364653,0.6215710688364653,SURPLUS_PRESSURE,15
5492.05,2026-06-30 05:00:00,0,0,1.9892966234713694,1.411249023751061,-0.5780475997203083,0.5780475997203083,DEFICIT_PRESSURE,16
6072.06,2026-06-30 05:00:00,4,4,2.316651209274232,1.8380627065790527,-0.4785885026951793,0.4785885026951793,DEFICIT_PRESSURE,17
6492.08,2026-06-30 05:00:00,7,6,3.8166836274329285,3.3847101760839884,-0.43197345134894016,0.43197345134894016,DEFICIT_PRESSURE,18
5905.14,2026-06-30 05:00:00,1,6,3.14183615629951,3.524277779562169,0.3824416232626593,0.3824416232626593,SURPLUS_PRESSURE,19
6726.01,2026-06-30 05:00:00,2,5,4.002881114846544,3.7719525164995478,-0.23092859834699642,0.23092859834699642,DEFICIT_PRESSURE,20
6233.04,2026-06-30 06:00:00,12,15,6.110146607221766,21.692124121303483,15.581977514081718,15.581977514081718,SURPLUS_PRESSURE,1
5712.03,2026-06-30 06:00:00,5,12,6.795997539814667,16.716998488205476,9.921000948390809,9.921000948390809,SURPLUS_PRESSURE,2
6726.01,2026-06-30 06:00:00,20,5,15.459753803219808,7.6606713626646705,-7.7990824405551376,7.7990824405551376,DEFICIT_PRESSURE,3
6364.07,2026-06-30 06:00:00,30,14,15.343770162910511,7.550162087098058,-7.793608075812453,7.793608075812453,DEFICIT_PRESSURE,4
6822.09,2026-06-30 06:00:00,9,54,5.422143552779751,13.03106017078158,7.608916618001828,7.608916618001828,SURPLUS_PRESSURE,5
6140.05,2026-06-30 06:00:00,10,14,7.335939327711738,14.377349527633443,7.041410199921705,7.041410199921705,SURPLUS_PRESSURE,6
5763.03,2026-06-30 06:00:00,12,9,11.251536293397155,5.236184040278034,-6.015352253119121,6.015352253119121,DEFICIT_PRESSURE,7
5905.12,2026-06-30 06:00:00,8,13,6.754409474004084,12.727055980343778,5.972646506339694,5.972646506339694,SURPLUS_PRESSURE,8
6948.10,2026-06-30 06:00:00,9,10,8.646725689014291,14.000074047612188,5.353348358597897,5.353348358597897,SURPLUS_PRESSURE,9
6912.01,2026-06-30 06:00:00,7,17,8.346313057652404,13.628052898793198,5.281739841140794,5.281739841140794,SURPLUS_PRESSURE,10
5980.10,2026-06-30 06:00:00,7,1,6.707038223926977,1.6723555975533102,-5.034682626373667,5.034682626373667,DEFICIT_PRESSURE,11
6173.08,2026-06-30 06:00:00,2,5,2.0227912548334444,6.73085632407555,4.708065069242105,4.708065069242105,SURPLUS_PRESSURE,12
5374.01,2026-06-30 06:00:00,4,6,2.8466483371644036,6.976212119938944,4.129563782774541,4.129563782774541,SURPLUS_PRESSURE,13
5905.14,2026-06-30 06:00:00,11,13,8.253947026579493,11.07862609436911,2.824679067789617,2.824679067789617,SURPLUS_PRESSURE,14
6072.06,2026-06-30 06:00:00,12,2,10.200944491006657,8.089761907439316,-2.1111825835673415,2.1111825835673415,DEFICIT_PRESSURE,15
5492.05,2026-06-30 06:00:00,5,7,7.554232901196985,5.7397540040682395,-1.8144788971287458,1.8144788971287458,DEFICIT_PRESSURE,16
6432.09,2026-06-30 06:00:00,15,22,17.795236903913768,18.492660371319175,0.6974234674054074,0.6974234674054074,SURPLUS_PRESSURE,17
6459.07,2026-06-30 06:00:00,7,8,6.299559549491847,5.714726893322887,-0.5848326561689596,0.5848326561689596,DEFICIT_PRESSURE,18
6492.08,2026-06-30 06:00:00,17,19,12.135500103007654,12.32327330133564,0.1877731983279851,0.1877731983279851,SURPLUS_PRESSURE,19
6331.01,2026-06-30 06:00:00,12,14,13.286265523766344,13.267054464710847,-0.019211059055496804,0.019211059055496804,DEFICIT_PRESSURE,20
6822.09,2026-06-30 07:00:00,17,46,19.80638800685814,42.60336404570524,22.796976038847102,22.796976038847102,SURPLUS_PRESSURE,1
5980.10,2026-06-30 07:00:00,16,1,15.424540682821725,1.9266973097457432,-13.497843373075982,13.497843373075982,DEFICIT_PRESSURE,2
6726.01,2026-06-30 07:00:00,39,8,26.22546938325978,13.174482451619966,-13.050986931639816,13.050986931639816,DEFICIT_PRESSURE,3
6173.08,2026-06-30 07:00:00,10,15,9.659368065012414,19.76464527977627,10.105277214763857,10.105277214763857,SURPLUS_PRESSURE,4
6492.08,2026-06-30 07:00:00,24,38,25.369754868577843,33.81477179201132,8.445016923433478,8.445016923433478,SURPLUS_PRESSURE,5
5712.03,2026-06-30 07:00:00,13,30,20.54432682110957,28.74177006035121,8.19744323924164,8.19744323924164,SURPLUS_PRESSURE,6
6364.07,2026-06-30 07:00:00,14,14,30.44075283692689,23.354917256355385,-7.085835580571505,7.085835580571505,DEFICIT_PRESSURE,7
6459.07,2026-06-30 07:00:00,19,24,14.667676667142507,20.47518785655925,5.807511189416742,5.807511189416742,SURPLUS_PRESSURE,8
5492.05,2026-06-30 07:00:00,15,14,11.04839254981081,15.238212703971769,4.189820154160959,4.189820154160959,SURPLUS_PRESSURE,9
5763.03,2026-06-30 07:00:00,16,4,14.476475500765982,10.420497741742446,-4.055977759023536,4.055977759023536,DEFICIT_PRESSURE,10
5905.14,2026-06-30 07:00:00,20,31,17.762039950339368,20.795501242658293,3.0334612923189255,3.0334612923189255,SURPLUS_PRESSURE,11
6233.04,2026-06-30 07:00:00,29,28,17.669072028814007,20.59506936561444,2.9259973368004317,2.9259973368004317,SURPLUS_PRESSURE,12
6948.10,2026-06-30 07:00:00,25,29,18.98839845448232,21.686325814866144,2.697927360383826,2.697927360383826,SURPLUS_PRESSURE,13
6432.09,2026-06-30 07:00:00,41,61,39.426807962171225,41.16855134198899,1.7417433798177626,1.7417433798177626,SURPLUS_PRESSURE,14
5374.01,2026-06-30 07:00:00,8,11,11.78522922318265,13.458191909524713,1.6729626863420624,1.6729626863420624,SURPLUS_PRESSURE,15
6072.06,2026-06-30 07:00:00,16,13,17.883247937290097,16.219886132050018,-1.6633618052400791,1.6633618052400791,DEFICIT_PRESSURE,16
6140.05,2026-06-30 07:00:00,27,36,26.81042516380016,25.221280048721898,-1.5891451150782636,1.5891451150782636,DEFICIT_PRESSURE,17
5905.12,2026-06-30 07:00:00,20,21,16.927904751557715,17.965418875583346,1.0375141240256305,1.0375141240256305,SURPLUS_PRESSURE,18
6331.01,2026-06-30 07:00:00,24,23,23.731038169627123,23.945675813142074,0.2146376435149513,0.2146376435149513,SURPLUS_PRESSURE,19
6912.01,2026-06-30 07:00:00,11,19,16.605929474752735,16.746943714322295,0.14101423956956083,0.14101423956956083,SURPLUS_PRESSURE,20
6492.08,2026-06-30 08:00:00,48,102,36.11290654966452,102.43840476190474,66.3254982122402,66.3254982122402,SURPLUS_PRESSURE,1
6173.08,2026-06-30 08:00:00,17,80,22.685037009606514,62.38723611111111,39.70219910150459,39.70219910150459,SURPLUS_PRESSURE,2
6822.09,2026-06-30 08:00:00,35,51,24.604968838761632,56.51326751022771,31.90829867146608,31.90829867146608,SURPLUS_PRESSURE,3
6912.01,2026-06-30 08:00:00,29,73,23.384951745842553,50.0906170108627,26.705665265020148,26.705665265020148,SURPLUS_PRESSURE,4
6432.09,2026-06-30 08:00:00,66,79,48.93815593007844,74.11451393954744,25.176358009469,25.176358009469,SURPLUS_PRESSURE,5
5980.10,2026-06-30 08:00:00,44,14,30.240390236956028,5.164620543891135,-25.075769693064892,25.075769693064892,DEFICIT_PRESSURE,6
6459.07,2026-06-30 08:00:00,45,81,40.596090123269796,59.01397995347565,18.41788983020585,18.41788983020585,SURPLUS_PRESSURE,7
6726.01,2026-06-30 08:00:00,19,14,35.00824153184352,18.197399061628676,-16.81084247021484,16.81084247021484,DEFICIT_PRESSURE,8
5712.03,2026-06-30 08:00:00,58,61,38.92065552178319,54.98266716104683,16.062011639263638,16.062011639263638,SURPLUS_PRESSURE,9
6233.04,2026-06-30 08:00:00,50,40,51.98734138123727,36.08174239499101,-15.905598986246261,15.905598986246261,DEFICIT_PRESSURE,10
5763.03,2026-06-30 08:00:00,19,18,27.12085208737702,12.684423868177646,-14.436428219199374,14.436428219199374,DEFICIT_PRESSURE,11
5905.12,2026-06-30 08:00:00,23,56,32.98907620687832,45.854386042850564,12.86530983597224,12.86530983597224,SURPLUS_PRESSURE,12
6140.05,2026-06-30 08:00:00,47,57,41.49671414884473,53.20199075699078,11.70527660814605,11.70527660814605,SURPLUS_PRESSURE,13
6072.06,2026-06-30 08:00:00,36,24,30.057122029495957,19.34075026665295,-10.716371762843007,10.716371762843007,DEFICIT_PRESSURE,14
5374.01,2026-06-30 08:00:00,22,18,28.082939942805723,17.67720161648318,-10.405738326322542,10.405738326322542,DEFICIT_PRESSURE,15
6331.01,2026-06-30 08:00:00,50,53,36.19353798563225,42.765799577834684,6.572261592202437,6.572261592202437,SURPLUS_PRESSURE,16
5492.05,2026-06-30 08:00:00,23,39,23.75088183683886,30.25371723611597,6.50283539927711,6.50283539927711,SURPLUS_PRESSURE,17
5905.14,2026-06-30 08:00:00,26,40,30.495194145876063,35.568921641106975,5.073727495230912,5.073727495230912,SURPLUS_PRESSURE,18
6948.10,2026-06-30 08:00:00,27,52,32.53164941602667,36.25046648333321,3.7188170673065457,3.7188170673065457,SURPLUS_PRESSURE,19
6364.07,2026-06-30 08:00:00,31,29,30.68548340374459,33.442324286076854,2.7568408823322628,2.7568408823322628,SURPLUS_PRESSURE,20
6492.08,2026-06-30 09:00:00,29,84,30.305286183678994,83.17738888888891,52.87210270520992,52.87210270520992,SURPLUS_PRESSURE,1
6140.05,2026-06-30 09:00:00,46,87,35.69309519777011,59.758922415303985,24.065827217533872,24.065827217533872,SURPLUS_PRESSURE,2
6432.09,2026-06-30 09:00:00,27,66,40.88575315588889,63.05560672638444,22.169853570495548,22.169853570495548,SURPLUS_PRESSURE,3
6822.09,2026-06-30 09:00:00,22,37,19.9151228043776,41.522671679034474,21.607548874656874,21.607548874656874,SURPLUS_PRESSURE,4
5980.10,2026-06-30 09:00:00,34,15,33.48654142558416,14.265944235289664,-19.22059719029449,19.22059719029449,DEFICIT_PRESSURE,5
6912.01,2026-06-30 09:00:00,25,34,26.1290666641714,44.693372095423236,18.564305431251835,18.564305431251835,SURPLUS_PRESSURE,6
6173.08,2026-06-30 09:00:00,21,51,21.20486108325475,39.5449863349968,18.340125251742048,18.340125251742048,SURPLUS_PRESSURE,7
5905.12,2026-06-30 09:00:00,41,31,23.513897642325663,40.536950124225534,17.02305248189987,17.02305248189987,SURPLUS_PRESSURE,8
6948.10,2026-06-30 09:00:00,37,56,35.39888479950858,49.54246821118039,14.143583411671813,14.143583411671813,SURPLUS_PRESSURE,9
5492.05,2026-06-30 09:00:00,22,29,18.57310947374387,31.054940107522256,12.481830633778387,12.481830633778387,SURPLUS_PRESSURE,10
5905.14,2026-06-30 09:00:00,40,32,27.638136859303767,38.90307355470392,11.264936695400156,11.264936695400156,SURPLUS_PRESSURE,11
6233.04,2026-06-30 09:00:00,32,32,40.179373930601855,30.67238767037095,-9.506986260230907,9.506986260230907,DEFICIT_PRESSURE,12
6459.07,2026-06-30 09:00:00,37,39,34.71751777547996,43.754423007054285,9.036905231574323,9.036905231574323,SURPLUS_PRESSURE,13
5712.03,2026-06-30 09:00:00,34,40,40.45360747446339,48.4506944206825,7.997086946219113,7.997086946219113,SURPLUS_PRESSURE,14
6072.06,2026-06-30 09:00:00,33,33,30.487753690237454,24.93824714711507,-5.549506543122384,5.549506543122384,DEFICIT_PRESSURE,15
5374.01,2026-06-30 09:00:00,31,28,22.102773368006424,16.86958976760117,-5.233183600405255,5.233183600405255,DEFICIT_PRESSURE,16
5763.03,2026-06-30 09:00:00,18,17,18.039964483368646,20.920499691875698,2.8805352085070517,2.8805352085070517,SURPLUS_PRESSURE,17
6726.01,2026-06-30 09:00:00,26,28,22.732158034658788,20.110076316387566,-2.6220817182712217,2.6220817182712217,DEFICIT_PRESSURE,18
6364.07,2026-06-30 09:00:00,30,40,31.155579716353643,28.883749078797017,-2.2718306375566257,2.2718306375566257,DEFICIT_PRESSURE,19
6331.01,2026-06-30 09:00:00,45,49,39.88553211889649,38.11021099765233,-1.7753211212441613,1.7753211212441613,DEFICIT_PRESSURE,20
6492.08,2026-06-30 10:00:00,14,37,20.281136452869184,48.712000993033264,28.43086454016408,28.43086454016408,SURPLUS_PRESSURE,1
6912.01,2026-06-30 10:00:00,21,17,16.230567019974067,24.75914468063089,8.528577660656822,8.528577660656822,SURPLUS_PRESSURE,2
5980.10,2026-06-30 10:00:00,16,4,22.091268096543796,15.636880161751673,-6.454387934792123,6.454387934792123,DEFICIT_PRESSURE,3
6822.09,2026-06-30 10:00:00,11,20,14.628758654407779,20.93493435327918,6.3061756988713995,6.3061756988713995,SURPLUS_PRESSURE,4
6432.09,2026-06-30 10:00:00,18,18,21.09786079864737,26.451505562075155,5.353644763427784,5.353644763427784,SURPLUS_PRESSURE,5
6233.04,2026-06-30 10:00:00,19,22,21.524259365520678,25.749789672692145,4.225530307171468,4.225530307171468,SURPLUS_PRESSURE,6
6948.10,2026-06-30 10:00:00,31,33,31.836649405040365,28.69237530674234,-3.144274098298027,3.144274098298027,DEFICIT_PRESSURE,7
6331.01,2026-06-30 10:00:00,22,33,26.963343683732486,24.598155938620163,-2.3651877451123227,2.3651877451123227,DEFICIT_PRESSURE,8
5905.12,2026-06-30 10:00:00,27,25,22.988281873601615,25.14511624554692,2.1568343719453047,2.1568343719453047,SURPLUS_PRESSURE,9
5492.05,2026-06-30 10:00:00,14,13,15.58968725355854,17.743889761716847,2.154202508158308,2.154202508158308,SURPLUS_PRESSURE,10
6726.01,2026-06-30 10:00:00,30,46,25.55846091024169,27.550105093972483,1.991644183730795,1.991644183730795,SURPLUS_PRESSURE,11
6072.06,2026-06-30 10:00:00,17,31,22.434171001737695,24.318832436766446,1.8846614350287503,1.8846614350287503,SURPLUS_PRESSURE,12
6173.08,2026-06-30 10:00:00,11,11,15.845851103384069,17.63252430084586,1.7866731974617895,1.7866731974617895,SURPLUS_PRESSURE,13
5905.14,2026-06-30 10:00:00,19,23,21.21839603440465,19.98671343631058,-1.2316825980940678,1.2316825980940678,DEFICIT_PRESSURE,14
6140.05,2026-06-30 10:00:00,30,31,29.74164635926594,28.630335155765756,-1.1113112035001826,1.1113112035001826,DEFICIT_PRESSURE,15
6459.07,2026-06-30 10:00:00,15,15,21.005146634776356,20.462920099588615,-0.5422265351877407,0.5422265351877407,DEFICIT_PRESSURE,16
6364.07,2026-06-30 10:00:00,18,17,19.272637725979695,19.624674015964004,0.3520362899843086,0.3520362899843086,SURPLUS_PRESSURE,17
5763.03,2026-06-30 10:00:00,14,10,15.6211124769361,15.868717334369842,0.2476048574337426,0.2476048574337426,SURPLUS_PRESSURE,18
5712.03,2026-06-30 10:00:00,22,36,23.295495744487454,23.507292911126793,0.21179716663933945,0.21179716663933945,SURPLUS_PRESSURE,19
5374.01,2026-06-30 10:00:00,13,14,18.141057282457865,18.323268279903917,0.1822109974460524,0.1822109974460524,SURPLUS_PRESSURE,20
5980.10,2026-06-30 11:00:00,21,3,21.7668482330422,4.35781815843419,-17.40903007460801,17.40903007460801,DEFICIT_PRESSURE,1
6072.06,2026-06-30 11:00:00,24,20,16.40399309329743,24.720067187360893,8.316074094063463,8.316074094063463,SURPLUS_PRESSURE,2
5905.12,2026-06-30 11:00:00,21,25,21.196112569428852,28.755397508761476,7.559284939332624,7.559284939332624,SURPLUS_PRESSURE,3
6492.08,2026-06-30 11:00:00,18,21,17.608155370547447,25.00690511620048,7.398749745653031,7.398749745653031,SURPLUS_PRESSURE,4
5763.03,2026-06-30 11:00:00,10,14,14.53440530567236,7.740984100911162,-6.793421204761198,6.793421204761198,DEFICIT_PRESSURE,5
6726.01,2026-06-30 11:00:00,29,21,28.64511372798424,34.96102662983213,6.315912901847895,6.315912901847895,SURPLUS_PRESSURE,6
5712.03,2026-06-30 11:00:00,24,22,23.634993885981938,29.52257818381232,5.887584297830383,5.887584297830383,SURPLUS_PRESSURE,7
6233.04,2026-06-30 11:00:00,15,24,19.669968050838875,25.19253653576213,5.522568484923255,5.522568484923255,SURPLUS_PRESSURE,8
6459.07,2026-06-30 11:00:00,25,18,19.03898087848992,13.579875097145111,-5.4591057813448085,5.4591057813448085,DEFICIT_PRESSURE,9
6822.09,2026-06-30 11:00:00,12,16,14.593879694077438,18.41132665498744,3.8174469609100026,3.8174469609100026,SURPLUS_PRESSURE,10
6364.07,2026-06-30 11:00:00,15,25,14.114336210502705,17.17857777899497,3.0642415684922657,3.0642415684922657,SURPLUS_PRESSURE,11
6912.01,2026-06-30 11:00:00,28,29,19.672565379881252,17.82785576836862,-1.8447096115126307,1.8447096115126307,DEFICIT_PRESSURE,12
5374.01,2026-06-30 11:00:00,14,8,17.04365320052759,15.205800655522642,-1.8378525450049477,1.8378525450049477,DEFICIT_PRESSURE,13
6948.10,2026-06-30 11:00:00,46,19,29.132255084343004,30.796318514633835,1.664063430290831,1.664063430290831,SURPLUS_PRESSURE,14
6331.01,2026-06-30 11:00:00,25,24,26.703703005310313,25.258725175990012,-1.444977829320301,1.444977829320301,DEFICIT_PRESSURE,15
6173.08,2026-06-30 11:00:00,24,21,17.501050251039047,16.20691114708634,-1.2941391039527055,1.2941391039527055,DEFICIT_PRESSURE,16
5492.05,2026-06-30 11:00:00,11,13,15.35902884546902,14.12396146743022,-1.2350673780387993,1.2350673780387993,DEFICIT_PRESSURE,17
6432.09,2026-06-30 11:00:00,13,14,14.91705424932777,14.441872541441136,-0.47518170788663383,0.47518170788663383,DEFICIT_PRESSURE,18
5905.14,2026-06-30 11:00:00,24,27,23.090987151152138,22.79351431094738,-0.29747284020475817,0.29747284020475817,DEFICIT_PRESSURE,19
6140.05,2026-06-30 11:00:00,16,16,25.170409174215315,25.410704591543308,0.2402954173279923,0.2402954173279923,SURPLUS_PRESSURE,20
5980.10,2026-06-30 12:00:00,28,8,26.138806113403948,2.981692702742972,-23.157113410660976,23.157113410660976,DEFICIT_PRESSURE,1
6726.01,2026-06-30 12:00:00,18,21,28.84780370484535,21.366760664142966,-7.481043040702385,7.481043040702385,DEFICIT_PRESSURE,2
6233.04,2026-06-30 12:00:00,30,27,18.772234256578656,25.527651704167628,6.755417447588972,6.755417447588972,SURPLUS_PRESSURE,3
6948.10,2026-06-30 12:00:00,39,31,27.95354220267612,22.345894932310742,-5.60764727036538,5.60764727036538,DEFICIT_PRESSURE,4
6072.06,2026-06-30 12:00:00,24,21,25.70610097653695,20.138697762643975,-5.567403213892973,5.567403213892973,DEFICIT_PRESSURE,5
5905.12,2026-06-30 12:00:00,24,31,23.37258913934485,28.858487132185456,5.485897992840606,5.485897992840606,SURPLUS_PRESSURE,6
6364.07,2026-06-30 12:00:00,23,35,17.39624586957754,22.671245572502258,5.274999702924717,5.274999702924717,SURPLUS_PRESSURE,7
5763.03,2026-06-30 12:00:00,18,20,12.252271326454157,16.336246925001028,4.083975598546871,4.083975598546871,SURPLUS_PRESSURE,8
5712.03,2026-06-30 12:00:00,30,24,25.0975176402466,21.853862517410658,-3.2436551228359427,3.2436551228359427,DEFICIT_PRESSURE,9
6140.05,2026-06-30 12:00:00,39,34,26.711445979744212,23.588419895207608,-3.1230260845366047,3.1230260845366047,DEFICIT_PRESSURE,10
6459.07,2026-06-30 12:00:00,17,21,22.81125220579106,20.068631600743334,-2.742620605047726,2.742620605047726,DEFICIT_PRESSURE,11
5905.14,2026-06-30 12:00:00,26,25,21.000291889041904,23.42873300160886,2.428441112566958,2.428441112566958,SURPLUS_PRESSURE,12
6331.01,2026-06-30 12:00:00,24,24,23.04047543923551,20.86550479984578,-2.1749706393897306,2.1749706393897306,DEFICIT_PRESSURE,13
5492.05,2026-06-30 12:00:00,21,21,13.642790406821963,15.676250470717221,2.0334600638952587,2.0334600638952587,SURPLUS_PRESSURE,14
6822.09,2026-06-30 12:00:00,24,9,17.22931183198398,15.522193043127526,-1.7071187888564552,1.7071187888564552,DEFICIT_PRESSURE,15
6432.09,2026-06-30 12:00:00,7,7,14.982405276103222,13.595516213124045,-1.3868890629791775,1.3868890629791775,DEFICIT_PRESSURE,16
6173.08,2026-06-30 12:00:00,27,28,21.80145113903329,20.634593346924166,-1.1668577921091234,1.1668577921091234,DEFICIT_PRESSURE,17
5374.01,2026-06-30 12:00:00,14,22,17.26879372181648,16.49066454725844,-0.778129174558039,0.778129174558039,DEFICIT_PRESSURE,18
6492.08,2026-06-30 12:00:00,34,18,20.731528782677184,21.3844359785196,0.6529071958424169,0.6529071958424169,SURPLUS_PRESSURE,19
6912.01,2026-06-30 12:00:00,33,16,27.84510325712737,27.875814934747495,0.0307116776201255,0.0307116776201255,SURPLUS_PRESSURE,20
5980.10,2026-06-30 13:00:00,29,2,26.68401874580996,5.9182096414545775,-20.765809104355384,20.765809104355384,DEFICIT_PRESSURE,1
6912.01,2026-06-30 13:00:00,26,34,28.21453954430176,17.52296119197396,-10.691578352327802,10.691578352327802,DEFICIT_PRESSURE,2
6492.08,2026-06-30 13:00:00,18,18,28.840304294271668,19.5341730170691,-9.306131277202567,9.306131277202567,DEFICIT_PRESSURE,3
6364.07,2026-06-30 13:00:00,22,32,16.622074472668285,25.08299798469417,8.460923512025886,8.460923512025886,SURPLUS_PRESSURE,4
5905.14,2026-06-30 13:00:00,25,24,27.684491690958772,22.220551993255352,-5.46393969770342,5.46393969770342,DEFICIT_PRESSURE,5
6822.09,2026-06-30 13:00:00,18,18,18.583569520536216,13.974061488023553,-4.609508032512663,4.609508032512663,DEFICIT_PRESSURE,6
6140.05,2026-06-30 13:00:00,28,34,31.977705890220424,28.139633024357565,-3.838072865862859,3.838072865862859,DEFICIT_PRESSURE,7
6233.04,2026-06-30 13:00:00,29,22,29.006821950011528,25.234969347545476,-3.7718526024660513,3.7718526024660513,DEFICIT_PRESSURE,8
6726.01,2026-06-30 13:00:00,31,32,19.212111912955216,22.76000222614907,3.5478903131938537,3.5478903131938537,SURPLUS_PRESSURE,9
6331.01,2026-06-30 13:00:00,17,36,21.381564154741653,24.797729945677457,3.4161657909358034,3.4161657909358034,SURPLUS_PRESSURE,10
6173.08,2026-06-30 13:00:00,33,32,25.267783343814763,28.672959956809066,3.4051766129943033,3.4051766129943033,SURPLUS_PRESSURE,11
6948.10,2026-06-30 13:00:00,31,46,33.83037981577799,30.909272178367722,-2.921107637410266,2.921107637410266,DEFICIT_PRESSURE,12
6072.06,2026-06-30 13:00:00,16,22,18.11280744723221,20.96591992331758,2.853112476085368,2.853112476085368,SURPLUS_PRESSURE,13
5763.03,2026-06-30 13:00:00,20,25,16.12145514540973,18.796873450711136,2.675418305301406,2.675418305301406,SURPLUS_PRESSURE,14
5374.01,2026-06-30 13:00:00,19,16,15.877843384596654,18.4805437411297,2.602700356533047,2.602700356533047,SURPLUS_PRESSURE,15
5905.12,2026-06-30 13:00:00,39,29,27.265109232179544,29.68130260464272,2.4161933724631766,2.4161933724631766,SURPLUS_PRESSURE,16
5712.03,2026-06-30 13:00:00,18,22,27.046993453922873,25.106004628813643,-1.9409888251092298,1.9409888251092298,DEFICIT_PRESSURE,17
5492.05,2026-06-30 13:00:00,21,21,20.891637955047557,19.287771321533345,-1.6038666335142118,1.6038666335142118,DEFICIT_PRESSURE,18
6459.07,2026-06-30 13:00:00,17,20,19.77865831260616,18.377970150640778,-1.400688161965384,1.400688161965384,DEFICIT_PRESSURE,19
6432.09,2026-06-30 13:00:00,31,20,10.159327269246518,11.115142626453041,0.9558153572065233,0.9558153572065233,SURPLUS_PRESSURE,20
5980.10,2026-06-30 14:00:00,31,3,31.501894927748804,2.146348440121417,-29.355546487627386,29.355546487627386,DEFICIT_PRESSURE,1
6233.04,2026-06-30 14:00:00,28,33,30.6937135569602,16.426470306209453,-14.267243250750749,14.267243250750749,DEFICIT_PRESSURE,2
6331.01,2026-06-30 14:00:00,20,50,24.579331148073635,32.18097922279946,7.601648074725823,7.601648074725823,SURPLUS_PRESSURE,3
6364.07,2026-06-30 14:00:00,23,57,20.60496278117365,27.431831110910395,6.826868329736744,6.826868329736744,SURPLUS_PRESSURE,4
6432.09,2026-06-30 14:00:00,20,17,20.74672570506901,15.316813813931963,-5.429911891137047,5.429911891137047,DEFICIT_PRESSURE,5
6726.01,2026-06-30 14:00:00,29,27,25.442147221680365,30.611161590078723,5.169014368398358,5.169014368398358,SURPLUS_PRESSURE,6
6948.10,2026-06-30 14:00:00,30,44,30.65376827749539,35.12481071635475,4.47104243885936,4.47104243885936,SURPLUS_PRESSURE,7
6459.07,2026-06-30 14:00:00,29,20,22.253782568644088,19.044055070847648,-3.2097274977964396,3.2097274977964396,DEFICIT_PRESSURE,8
6912.01,2026-06-30 14:00:00,31,29,28.06579527001722,31.056087813528983,2.9902925435117638,2.9902925435117638,SURPLUS_PRESSURE,9
6492.08,2026-06-30 14:00:00,25,22,22.960106516661916,20.549253046388834,-2.410853470273082,2.410853470273082,DEFICIT_PRESSURE,10
6072.06,2026-06-30 14:00:00,12,22,24.087291231751575,21.823019028760942,-2.2642722029906324,2.2642722029906324,DEFICIT_PRESSURE,11
6173.08,2026-06-30 14:00:00,35,35,26.858230770958833,24.94391705315421,-1.9143137178046246,1.9143137178046246,DEFICIT_PRESSURE,12
5763.03,2026-06-30 14:00:00,28,23,21.154635810289633,22.92805700789963,1.773421197609995,1.773421197609995,SURPLUS_PRESSURE,13
6822.09,2026-06-30 14:00:00,26,23,21.13349947512411,19.391397437000727,-1.7421020381233845,1.7421020381233845,DEFICIT_PRESSURE,14
5905.14,2026-06-30 14:00:00,20,28,25.33315800087714,23.85057634283063,-1.4825816580465094,1.4825816580465094,DEFICIT_PRESSURE,15
5374.01,2026-06-30 14:00:00,24,30,18.63431623348086,19.86553251830921,1.2312162848283492,1.2312162848283492,SURPLUS_PRESSURE,16
5712.03,2026-06-30 14:00:00,32,19,20.91676533055084,19.952167990703114,-0.9645973398477281,0.9645973398477281,DEFICIT_PRESSURE,17
6140.05,2026-06-30 14:00:00,21,20,29.997359706284538,29.180247551638285,-0.817112154646253,0.817112154646253,DEFICIT_PRESSURE,18
5905.12,2026-06-30 14:00:00,34,30,26.799840761309774,26.155875063254197,-0.6439656980555775,0.6439656980555775,DEFICIT_PRESSURE,19
5492.05,2026-06-30 14:00:00,37,36,20.990486675472738,21.162722278263303,0.1722356027905647,0.1722356027905647,SURPLUS_PRESSURE,20
5980.10,2026-06-30 15:00:00,46,3,37.11546219550988,4.159417303801207,-32.95604489170867,32.95604489170867,DEFICIT_PRESSURE,1
6364.07,2026-06-30 15:00:00,25,24,18.46840540243919,41.89278833197082,23.42438292953163,23.42438292953163,SURPLUS_PRESSURE,2
6331.01,2026-06-30 15:00:00,23,44,27.696948781653873,50.05548245976758,22.35853367811371,22.35853367811371,SURPLUS_PRESSURE,3
5905.12,2026-06-30 15:00:00,31,29,37.883795167887115,29.14558913863647,-8.738206029250644,8.738206029250644,DEFICIT_PRESSURE,4
6140.05,2026-06-30 15:00:00,36,29,37.99222956192285,29.343797390313515,-8.648432171609333,8.648432171609333,DEFICIT_PRESSURE,5
6492.08,2026-06-30 15:00:00,29,28,31.525041155278196,23.83026462638903,-7.6947765288891645,7.6947765288891645,DEFICIT_PRESSURE,6
5712.03,2026-06-30 15:00:00,24,22,33.30332118363563,25.805437312789806,-7.4978838708458255,7.4978838708458255,DEFICIT_PRESSURE,7
6822.09,2026-06-30 15:00:00,21,22,28.06691195949973,20.999486686236,-7.06742527326373,7.06742527326373,DEFICIT_PRESSURE,8
6459.07,2026-06-30 15:00:00,27,20,28.22771936872375,21.858954797209073,-6.368764571514678,6.368764571514678,DEFICIT_PRESSURE,9
6072.06,2026-06-30 15:00:00,36,21,18.0824310864918,23.168605766459315,5.086174679967517,5.086174679967517,SURPLUS_PRESSURE,10
5374.01,2026-06-30 15:00:00,12,12,19.147799402850243,23.55878513612559,4.410985733275346,4.410985733275346,SURPLUS_PRESSURE,11
5905.14,2026-06-30 15:00:00,31,29,22.355254633193393,26.407848315136054,4.0525936819426605,4.0525936819426605,SURPLUS_PRESSURE,12
6726.01,2026-06-30 15:00:00,27,21,29.038465335251644,31.521834232311157,2.4833688970595134,2.4833688970595134,SURPLUS_PRESSURE,13
6948.10,2026-06-30 15:00:00,37,35,33.6503460732392,35.81425998507038,2.1639139118311803,2.1639139118311803,SURPLUS_PRESSURE,14
6233.04,2026-06-30 15:00:00,21,25,31.13300345547821,32.684424426188265,1.5514209707100548,1.5514209707100548,SURPLUS_PRESSURE,15
6912.01,2026-06-30 15:00:00,30,32,28.212305596210857,29.735697591386526,1.5233919951756683,1.5233919951756683,SURPLUS_PRESSURE,16
6432.09,2026-06-30 15:00:00,16,28,16.43532592270469,17.892686485074705,1.4573605623700168,1.4573605623700168,SURPLUS_PRESSURE,17
5492.05,2026-06-30 15:00:00,25,25,33.93561203709005,32.537666411198366,-1.397945625891687,1.397945625891687,DEFICIT_PRESSURE,18
6173.08,2026-06-30 15:00:00,43,26,32.56113002044007,31.590873758363998,-0.9702562620760702,0.9702562620760702,DEFICIT_PRESSURE,19
5763.03,2026-06-30 15:00:00,18,25,23.12255625259424,23.404936308529926,0.28238005593568616,0.28238005593568616,SURPLUS_PRESSURE,20
5980.10,2026-06-30 16:00:00,36,7,39.80458787334382,2.9633555338693407,-36.84123233947448,36.84123233947448,DEFICIT_PRESSURE,1
6331.01,2026-06-30 16:00:00,36,53,32.599152077574665,62.69089615071239,30.091744073137725,30.091744073137725,SURPLUS_PRESSURE,2
6822.09,2026-06-30 16:00:00,61,24,44.58634549314439,18.278198462117736,-26.308147031026657,26.308147031026657,DEFICIT_PRESSURE,3
6173.08,2026-06-30 16:00:00,53,27,44.38744823624329,27.506866742954593,-16.880581493288695,16.880581493288695,DEFICIT_PRESSURE,4
6492.08,2026-06-30 16:00:00,49,34,45.29972083905438,31.416224708387674,-13.883496130666707,13.883496130666707,DEFICIT_PRESSURE,5
6948.10,2026-06-30 16:00:00,50,35,37.51272424073858,44.81032329846289,7.297599057724312,7.297599057724312,SURPLUS_PRESSURE,6
6432.09,2026-06-30 16:00:00,32,33,28.20375707219253,33.811902702631194,5.608145630438663,5.608145630438663,SURPLUS_PRESSURE,7
6072.06,2026-06-30 16:00:00,26,32,34.21022561227779,28.608088344741287,-5.602137267536502,5.602137267536502,DEFICIT_PRESSURE,8
6364.07,2026-06-30 16:00:00,43,35,30.44171490108296,35.265592073534734,4.823877172451773,4.823877172451773,SURPLUS_PRESSURE,9
5763.03,2026-06-30 16:00:00,23,24,18.043120374702934,22.795392590262264,4.75227221555933,4.75227221555933,SURPLUS_PRESSURE,10
6233.04,2026-06-30 16:00:00,51,51,31.712085145709548,36.2924773558932,4.58039221018365,4.58039221018365,SURPLUS_PRESSURE,11
5712.03,2026-06-30 16:00:00,42,35,32.0684728778551,28.090539786558026,-3.977933091297075,3.977933091297075,DEFICIT_PRESSURE,12
5374.01,2026-06-30 16:00:00,21,28,19.187312372321117,23.139422793209388,3.952110420888271,3.952110420888271,SURPLUS_PRESSURE,13
5905.14,2026-06-30 16:00:00,31,21,33.4170563908302,29.655359768025665,-3.761696622804532,3.761696622804532,DEFICIT_PRESSURE,14
6140.05,2026-06-30 16:00:00,39,38,34.45330738969265,37.88903769265461,3.4357303029619644,3.4357303029619644,SURPLUS_PRESSURE,15
6459.07,2026-06-30 16:00:00,32,31,32.61266929304542,29.628015923622993,-2.9846533694224284,2.9846533694224284,DEFICIT_PRESSURE,16
5905.12,2026-06-30 16:00:00,34,32,30.591256627044753,33.07156740436897,2.480310777324217,2.480310777324217,SURPLUS_PRESSURE,17
6726.01,2026-06-30 16:00:00,35,35,31.94959619309413,33.510406259437694,1.5608100663435636,1.5608100663435636,SURPLUS_PRESSURE,18
5492.05,2026-06-30 16:00:00,38,30,30.970888251286986,30.030156887759755,-0.940731363527231,0.940731363527231,DEFICIT_PRESSURE,19
6912.01,2026-06-30 16:00:00,33,25,31.331442307262883,32.17504239334912,0.8436000860862407,0.8436000860862407,SURPLUS_PRESSURE,20
6492.08,2026-06-30 17:00:00,140,45,77.15443498168496,37.61116723512278,-39.54326774656218,39.54326774656218,DEFICIT_PRESSURE,1
5980.10,2026-06-30 17:00:00,71,4,46.20242377599764,6.892345663341765,-39.31007811265587,39.31007811265587,DEFICIT_PRESSURE,2
6822.09,2026-06-30 17:00:00,66,24,58.012303818322195,25.272988344191855,-32.739315474130336,32.739315474130336,DEFICIT_PRESSURE,3
6173.08,2026-06-30 17:00:00,78,28,50.88142566288089,35.47742155297643,-15.404004109904463,15.404004109904463,DEFICIT_PRESSURE,4
5374.01,2026-06-30 17:00:00,24,36,23.58428933743855,38.507369151623905,14.923079814185357,14.923079814185357,SURPLUS_PRESSURE,5
6726.01,2026-06-30 17:00:00,43,72,32.459810152469146,42.5114877627158,10.051677610246657,10.051677610246657,SURPLUS_PRESSURE,6
6072.06,2026-06-30 17:00:00,39,42,31.601790632421174,40.172646147138636,8.570855514717461,8.570855514717461,SURPLUS_PRESSURE,7
6459.07,2026-06-30 17:00:00,71,40,46.35505478819352,40.62087414067479,-5.734180647518727,5.734180647518727,DEFICIT_PRESSURE,8
5905.14,2026-06-30 17:00:00,50,54,33.161722871090795,29.19719433340522,-3.964528537685574,3.964528537685574,DEFICIT_PRESSURE,9
6331.01,2026-06-30 17:00:00,52,61,46.63088888888887,50.192014788573985,3.5611258996851163,3.5611258996851163,SURPLUS_PRESSURE,10
5712.03,2026-06-30 17:00:00,69,63,49.234705710955716,45.983963692740026,-3.250742018215689,3.250742018215689,DEFICIT_PRESSURE,11
5763.03,2026-06-30 17:00:00,24,48,27.18239744304923,29.88784759836667,2.7054501553174397,2.7054501553174397,SURPLUS_PRESSURE,12
6233.04,2026-06-30 17:00:00,54,54,51.69887125846587,54.0639459736743,2.3650747152084293,2.3650747152084293,SURPLUS_PRESSURE,13
6912.01,2026-06-30 17:00:00,43,30,34.37270773058057,32.09217664834572,-2.2805310822348517,2.2805310822348517,DEFICIT_PRESSURE,14
6432.09,2026-06-30 17:00:00,111,57,50.693948322010236,49.42548216110267,-1.2684661609075647,1.2684661609075647,DEFICIT_PRESSURE,15
6948.10,2026-06-30 17:00:00,64,41,43.04790743686136,44.16626480293367,1.1183573660723098,1.1183573660723098,SURPLUS_PRESSURE,16
5905.12,2026-06-30 17:00:00,58,47,40.76072628563166,41.83995176115272,1.0792254755210564,1.0792254755210564,SURPLUS_PRESSURE,17
6364.07,2026-06-30 17:00:00,68,65,45.83176168827461,45.19584344248644,-0.6359182457881687,0.6359182457881687,DEFICIT_PRESSURE,18
5492.05,2026-06-30 17:00:00,57,48,43.47888239909723,43.91474946786905,0.43586706877182024,0.43586706877182024,SURPLUS_PRESSURE,19
6140.05,2026-06-30 17:00:00,70,53,49.64147402597404,49.737869047619036,0.09639502164499447,0.09639502164499447,SURPLUS_PRESSURE,20
5980.10,2026-06-30 18:00:00,41,3,53.44615020031139,5.324005672664901,-48.12214452764649,48.12214452764649,DEFICIT_PRESSURE,1
6173.08,2026-06-30 18:00:00,40,37,64.16883243348562,28.70915039538615,-35.45968203809947,35.45968203809947,DEFICIT_PRESSURE,2
6432.09,2026-06-30 18:00:00,67,46,72.54360854145854,42.8537328950191,-29.68987564643944,29.68987564643944,DEFICIT_PRESSURE,3
6492.08,2026-06-30 18:00:00,53,36,59.550151982004934,34.32647691629503,-25.223675065709905,25.223675065709905,DEFICIT_PRESSURE,4
6822.09,2026-06-30 18:00:00,45,36,45.89618642359833,25.2123080369575,-20.68387838664083,20.68387838664083,DEFICIT_PRESSURE,5
6948.10,2026-06-30 18:00:00,64,55,59.2829704323454,39.34260698401319,-19.940363448332214,19.940363448332214,DEFICIT_PRESSURE,6
6726.01,2026-06-30 18:00:00,68,51,37.77070859221296,56.863132792207786,19.092424199994824,19.092424199994824,SURPLUS_PRESSURE,7
6912.01,2026-06-30 18:00:00,75,35,45.91134265734265,28.64489896532755,-17.266443692015102,17.266443692015102,DEFICIT_PRESSURE,8
5763.03,2026-06-30 18:00:00,45,45,25.720914258047813,42.91082988500664,17.18991562695883,17.18991562695883,SURPLUS_PRESSURE,9
6140.05,2026-06-30 18:00:00,87,56,65.51724404761904,49.54721003537055,-15.970034012248497,15.970034012248497,DEFICIT_PRESSURE,10
5374.01,2026-06-30 18:00:00,33,39,21.074198778789974,34.87049917218133,13.796300393391359,13.796300393391359,SURPLUS_PRESSURE,11
6364.07,2026-06-30 18:00:00,50,54,53.58340888278388,43.057931495843434,-10.525477386940445,10.525477386940445,DEFICIT_PRESSURE,12
5905.12,2026-06-30 18:00:00,52,57,45.90256066201426,36.92440019825472,-8.978160463759536,8.978160463759536,DEFICIT_PRESSURE,13
5492.05,2026-06-30 18:00:00,53,55,52.861341795165096,44.025838832646784,-8.835502962518312,8.835502962518312,DEFICIT_PRESSURE,14
6331.01,2026-06-30 18:00:00,51,30,48.641216540881594,40.17480443162054,-8.466412109261057,8.466412109261057,DEFICIT_PRESSURE,15
5712.03,2026-06-30 18:00:00,56,64,63.89909902620313,56.00713844996731,-7.8919605762358245,7.8919605762358245,DEFICIT_PRESSURE,16
6459.07,2026-06-30 18:00:00,67,68,46.04022280482649,40.11714677043215,-5.923076034394342,5.923076034394342,DEFICIT_PRESSURE,17
6072.06,2026-06-30 18:00:00,57,51,33.704984062155134,38.44812033989434,4.743136277739204,4.743136277739204,SURPLUS_PRESSURE,18
6233.04,2026-06-30 18:00:00,75,71,55.64618768763164,60.37704285175608,4.730855164124442,4.730855164124442,SURPLUS_PRESSURE,19
5905.14,2026-06-30 18:00:00,64,48,46.062695994453286,49.34877812447345,3.286082130020162,3.286082130020162,SURPLUS_PRESSURE,20
5980.10,2026-06-30 19:00:00,38,7,34.91432430396399,3.6503341799678863,-31.263990123996102,31.263990123996102,DEFICIT_PRESSURE,1
6432.09,2026-06-30 19:00:00,20,22,45.68790674603175,24.978251426951857,-20.709655319079893,20.709655319079893,DEFICIT_PRESSURE,2
6492.08,2026-06-30 19:00:00,21,22,38.027085060291775,25.73213177713152,-12.294953283160254,12.294953283160254,DEFICIT_PRESSURE,3
6140.05,2026-06-30 19:00:00,50,44,50.32910973084885,39.124685312511275,-11.204424418337574,11.204424418337574,DEFICIT_PRESSURE,4
5712.03,2026-06-30 19:00:00,45,54,51.05434724943445,40.45150954192938,-10.602837707505067,10.602837707505067,DEFICIT_PRESSURE,5
5905.14,2026-06-30 19:00:00,51,48,42.388452011651744,33.13280965038577,-9.255642361265977,9.255642361265977,DEFICIT_PRESSURE,6
6173.08,2026-06-30 19:00:00,30,30,34.236936492326585,25.343955503320352,-8.892980989006233,8.892980989006233,DEFICIT_PRESSURE,7
6912.01,2026-06-30 19:00:00,15,19,34.38875678749787,25.615908140125576,-8.772848647372292,8.772848647372292,DEFICIT_PRESSURE,8
6726.01,2026-06-30 19:00:00,52,65,47.06745048387374,38.495400713628996,-8.572049770244746,8.572049770244746,DEFICIT_PRESSURE,9
5763.03,2026-06-30 19:00:00,30,47,31.73846375100621,39.89396833100753,8.155504580001317,8.155504580001317,SURPLUS_PRESSURE,10
6233.04,2026-06-30 19:00:00,79,71,57.33207570207569,50.19875389194138,-7.133321810134312,7.133321810134312,DEFICIT_PRESSURE,11
6822.09,2026-06-30 19:00:00,43,22,30.510175795746203,24.0136688577556,-6.496506937990603,6.496506937990603,DEFICIT_PRESSURE,12
6072.06,2026-06-30 19:00:00,36,29,38.70142436088225,33.74460941311174,-4.956814947770511,4.956814947770511,DEFICIT_PRESSURE,13
6331.01,2026-06-30 19:00:00,58,18,34.822638019502186,30.544715170894342,-4.277922848607844,4.277922848607844,DEFICIT_PRESSURE,14
6459.07,2026-06-30 19:00:00,38,36,38.3555560294644,41.25515298955126,2.8995969600868605,2.8995969600868605,SURPLUS_PRESSURE,15
6364.07,2026-06-30 19:00:00,69,29,36.2801977387413,38.92447503899942,2.6442773002581177,2.6442773002581177,SURPLUS_PRESSURE,16
5374.01,2026-06-30 19:00:00,37,44,32.02005522398669,29.50018581190251,-2.5198694120841765,2.5198694120841765,DEFICIT_PRESSURE,17
6948.10,2026-06-30 19:00:00,32,32,33.68493346498002,33.022721612415,-0.6622118525650222,0.6622118525650222,DEFICIT_PRESSURE,18
5905.12,2026-06-30 19:00:00,35,32,35.918262725461574,35.434516084099066,-0.483746641362508,0.483746641362508,DEFICIT_PRESSURE,19
5492.05,2026-06-30 19:00:00,59,57,38.09812857122398,38.05793274579791,-0.0401958254260677,0.0401958254260677,DEFICIT_PRESSURE,20
5980.10,2026-06-30 20:00:00,11,5,33.99888144393049,7.35066637311559,-26.648215070814903,26.648215070814903,DEFICIT_PRESSURE,1
6331.01,2026-06-30 20:00:00,64,22,46.97822750892301,20.81983234827871,-26.158395160644304,26.158395160644304,DEFICIT_PRESSURE,2
6233.04,2026-06-30 20:00:00,46,37,69.69518040711121,46.48127594627594,-23.213904460835266,23.213904460835266,DEFICIT_PRESSURE,3
6364.07,2026-06-30 20:00:00,43,26,34.238876410910656,18.71084312963754,-15.528033281273117,15.528033281273117,DEFICIT_PRESSURE,4
6822.09,2026-06-30 20:00:00,14,13,23.657118695712807,14.832505866376739,-8.824612829336068,8.824612829336068,DEFICIT_PRESSURE,5
5763.03,2026-06-30 20:00:00,31,29,28.60900100128933,35.772904176607014,7.163903175317685,7.163903175317685,SURPLUS_PRESSURE,6
6948.10,2026-06-30 20:00:00,20,21,25.83895391510896,19.772274536652898,-6.066679378456062,6.066679378456062,DEFICIT_PRESSURE,7
6140.05,2026-06-30 20:00:00,26,24,39.70700189028731,33.80189526370929,-5.905106626578018,5.905106626578018,DEFICIT_PRESSURE,8
6072.06,2026-06-30 20:00:00,32,41,28.42377429343406,23.56327070085492,-4.860503592579143,4.860503592579143,DEFICIT_PRESSURE,9
5905.14,2026-06-30 20:00:00,41,26,36.56969684972618,32.94271836138665,-3.6269784883395246,3.6269784883395246,DEFICIT_PRESSURE,10
6173.08,2026-06-30 20:00:00,25,25,24.65287624242221,21.148429701513106,-3.504446540909104,3.504446540909104,DEFICIT_PRESSURE,11
5374.01,2026-06-30 20:00:00,38,36,28.680911796357112,25.856051979442544,-2.824859816914568,2.824859816914568,DEFICIT_PRESSURE,12
5492.05,2026-06-30 20:00:00,43,50,38.891497742768294,36.42417356174671,-2.4673241810215814,2.4673241810215814,DEFICIT_PRESSURE,13
6726.01,2026-06-30 20:00:00,48,41,35.77517093365575,38.06015260770426,2.2849816740485096,2.2849816740485096,SURPLUS_PRESSURE,14
6912.01,2026-06-30 20:00:00,30,27,16.984727832965724,14.802739208317576,-2.181988624648149,2.181988624648149,DEFICIT_PRESSURE,15
6432.09,2026-06-30 20:00:00,25,24,18.099958035125308,19.519917615673968,1.4199595805486602,1.4199595805486602,SURPLUS_PRESSURE,16
5712.03,2026-06-30 20:00:00,40,30,38.20845560926343,38.60486447328377,0.39640886402033715,0.39640886402033715,SURPLUS_PRESSURE,17
6492.08,2026-06-30 20:00:00,17,15,15.14444267779309,14.778255202256059,-0.366187475537032,0.366187475537032,DEFICIT_PRESSURE,18
5905.12,2026-06-30 20:00:00,46,37,27.095684373059136,27.328511026112583,0.23282665305344707,0.23282665305344707,SURPLUS_PRESSURE,19
6459.07,2026-06-30 20:00:00,43,53,30.89190879835152,30.663879207090513,-0.22802959126100575,0.22802959126100575,DEFICIT_PRESSURE,20
5374.01,2026-06-30 21:00:00,39,22,38.932646770674076,21.83851671290532,-17.094130057768755,17.094130057768755,DEFICIT_PRESSURE,1
6331.01,2026-06-30 21:00:00,19,22,28.100659045815302,14.662501755181701,-13.438157290633601,13.438157290633601,DEFICIT_PRESSURE,2
5763.03,2026-06-30 21:00:00,35,31,32.777917664612566,20.0905479551417,-12.687369709470865,12.687369709470865,DEFICIT_PRESSURE,3
5980.10,2026-06-30 21:00:00,14,3,13.757677373461135,3.2354724446828858,-10.52220492877825,10.52220492877825,DEFICIT_PRESSURE,4
6233.04,2026-06-30 21:00:00,26,20,24.386553400989246,15.82646706735707,-8.560086333632176,8.560086333632176,DEFICIT_PRESSURE,5
6492.08,2026-06-30 21:00:00,9,15,20.371023739610173,12.910309965371642,-7.460713774238531,7.460713774238531,DEFICIT_PRESSURE,6
6364.07,2026-06-30 21:00:00,15,15,24.688498884830157,18.074076617400085,-6.614422267430072,6.614422267430072,DEFICIT_PRESSURE,7
5905.12,2026-06-30 21:00:00,42,27,24.141496406776227,17.84779943197797,-6.293696974798259,6.293696974798259,DEFICIT_PRESSURE,8
5905.14,2026-06-30 21:00:00,27,33,22.78632304649618,16.825385346436708,-5.960937700059471,5.960937700059471,DEFICIT_PRESSURE,9
6822.09,2026-06-30 21:00:00,11,14,14.845310752423043,10.050813491143474,-4.794497261279568,4.794497261279568,DEFICIT_PRESSURE,10
6726.01,2026-06-30 21:00:00,17,39,26.400726790637723,21.958216498366077,-4.4425102922716455,4.4425102922716455,DEFICIT_PRESSURE,11
6948.10,2026-06-30 21:00:00,10,7,17.94465387757396,14.218291695467299,-3.7263621821066604,3.7263621821066604,DEFICIT_PRESSURE,12
6912.01,2026-06-30 21:00:00,17,15,18.58526497873297,15.034060654673242,-3.551204324059727,3.551204324059727,DEFICIT_PRESSURE,13
5712.03,2026-06-30 21:00:00,30,35,24.04439178085789,20.531369637012627,-3.5130221438452622,3.5130221438452622,DEFICIT_PRESSURE,14
6459.07,2026-06-30 21:00:00,24,25,24.128539394779057,20.761324046209307,-3.3672153485697507,3.3672153485697507,DEFICIT_PRESSURE,15
6140.05,2026-06-30 21:00:00,16,18,18.56331841115924,15.2032187979341,-3.36009961322514,3.36009961322514,DEFICIT_PRESSURE,16
6072.06,2026-06-30 21:00:00,24,21,21.056145322912215,17.71695177635434,-3.339193546557876,3.339193546557876,DEFICIT_PRESSURE,17
5492.05,2026-06-30 21:00:00,43,33,25.428760398129242,22.487726956299944,-2.9410334418292976,2.9410334418292976,DEFICIT_PRESSURE,18
6173.08,2026-06-30 21:00:00,13,14,14.264375948618511,13.018273510585962,-1.2461024380325494,1.2461024380325494,DEFICIT_PRESSURE,19
6432.09,2026-06-30 21:00:00,12,10,13.917998824049658,14.996581001705785,1.078582177656127,1.078582177656127,SURPLUS_PRESSURE,20
5905.12,2026-06-30 22:00:00,20,11,24.937185142222315,12.656840037871955,-12.28034510435036,12.28034510435036,DEFICIT_PRESSURE,1
6331.01,2026-06-30 22:00:00,11,14,26.066043472625402,14.37692283200666,-11.689120640618743,11.689120640618743,DEFICIT_PRESSURE,2
6726.01,2026-06-30 22:00:00,15,15,17.1309548955239,27.83654949052508,10.70559459500118,10.70559459500118,SURPLUS_PRESSURE,3
5980.10,2026-06-30 22:00:00,8,0,13.752863994439458,3.263939122729933,-10.488924871709525,10.488924871709525,DEFICIT_PRESSURE,4
6912.01,2026-06-30 22:00:00,6,6,16.325164061084646,7.291332209557241,-9.033831851527406,9.033831851527406,DEFICIT_PRESSURE,5
5374.01,2026-06-30 22:00:00,20,15,21.6368403290699,15.348966800324407,-6.287873528745495,6.287873528745495,DEFICIT_PRESSURE,6
5712.03,2026-06-30 22:00:00,29,20,18.245243603644376,23.942646319224554,5.6974027155801785,5.6974027155801785,SURPLUS_PRESSURE,7
5763.03,2026-06-30 22:00:00,19,20,25.83341694267173,21.944046204781085,-3.889370737890644,3.889370737890644,DEFICIT_PRESSURE,8
5905.14,2026-06-30 22:00:00,16,12,24.97744984500246,21.333983679213443,-3.643466165789018,3.643466165789018,DEFICIT_PRESSURE,9
6072.06,2026-06-30 22:00:00,15,13,16.53014918191606,13.250563852109183,-3.279585329806876,3.279585329806876,DEFICIT_PRESSURE,10
6459.07,2026-06-30 22:00:00,13,17,16.169632235050656,17.996444447313035,1.8268122122623787,1.8268122122623787,SURPLUS_PRESSURE,11
6948.10,2026-06-30 22:00:00,13,15,9.140777048572588,7.61127765067597,-1.5294993978966174,1.5294993978966174,DEFICIT_PRESSURE,12
6822.09,2026-06-30 22:00:00,11,12,8.509846914796915,9.984752984919025,1.4749060701221097,1.4749060701221097,SURPLUS_PRESSURE,13
6140.05,2026-06-30 22:00:00,9,8,12.813426398197652,14.287707040224761,1.474280642027109,1.474280642027109,SURPLUS_PRESSURE,14
6432.09,2026-06-30 22:00:00,8,16,8.432506896488384,7.014979835796953,-1.4175270606914312,1.4175270606914312,DEFICIT_PRESSURE,15
6492.08,2026-06-30 22:00:00,14,11,12.980911961363608,11.78471645166411,-1.196195509699498,1.196195509699498,DEFICIT_PRESSURE,16
6173.08,2026-06-30 22:00:00,9,8,8.236434409103024,9.18358820137751,0.9471537922744862,0.9471537922744862,SURPLUS_PRESSURE,17
6233.04,2026-06-30 22:00:00,7,8,14.728800185982356,14.174784063910636,-0.5540161220717206,0.5540161220717206,DEFICIT_PRESSURE,18
5492.05,2026-06-30 22:00:00,14,19,21.18424573875049,21.43575323789545,0.2515074991449602,0.2515074991449602,SURPLUS_PRESSURE,19
6364.07,2026-06-30 22:00:00,8,15,19.494614847907144,19.373053995722046,-0.12156085218509816,0.12156085218509816,DEFICIT_PRESSURE,20
5905.12,2026-06-30 23:00:00,9,8,17.021518943055085,5.715539776832594,-11.30597916622249,11.30597916622249,DEFICIT_PRESSURE,1
5980.10,2026-06-30 23:00:00,8,2,7.763993081775145,0.9308492452866172,-6.833143836488528,6.833143836488528,DEFICIT_PRESSURE,2
6492.08,2026-06-30 23:00:00,5,8,11.523930348283649,6.031837026971826,-5.492093321311823,5.492093321311823,DEFICIT_PRESSURE,3
5763.03,2026-06-30 23:00:00,17,12,11.232230385099745,15.513684273075173,4.281453887975427,4.281453887975427,SURPLUS_PRESSURE,4
6331.01,2026-06-30 23:00:00,13,8,9.570634001604924,12.846557329233633,3.2759233276287087,3.2759233276287087,SURPLUS_PRESSURE,5
6364.07,2026-06-30 23:00:00,11,8,7.689106555333558,10.855388864595813,3.1662823092622556,3.1662823092622556,SURPLUS_PRESSURE,6
6726.01,2026-06-30 23:00:00,5,4,8.818259197745205,11.751514267523598,2.9332550697783937,2.9332550697783937,SURPLUS_PRESSURE,7
5712.03,2026-06-30 23:00:00,5,10,16.07366462785393,13.557174277932349,-2.5164903499215807,2.5164903499215807,DEFICIT_PRESSURE,8
6822.09,2026-06-30 23:00:00,4,8,6.880158789201598,9.115630389903448,2.2354716007018496,2.2354716007018496,SURPLUS_PRESSURE,9
6140.05,2026-06-30 23:00:00,4,3,6.52628376529245,4.625686298260388,-1.9005974670320622,1.9005974670320622,DEFICIT_PRESSURE,10
6948.10,2026-06-30 23:00:00,5,3,10.37969976530312,8.479609221815908,-1.900090543487213,1.900090543487213,DEFICIT_PRESSURE,11
5492.05,2026-06-30 23:00:00,8,9,9.325054932644091,11.06472519999048,1.7396702673463889,1.7396702673463889,SURPLUS_PRESSURE,12
5374.01,2026-06-30 23:00:00,5,10,13.710237289503823,12.37189390313328,-1.3383433863705427,1.3383433863705427,DEFICIT_PRESSURE,13
6233.04,2026-06-30 23:00:00,3,2,4.796237787787159,3.575507746693096,-1.220730041094063,1.220730041094063,DEFICIT_PRESSURE,14
6459.07,2026-06-30 23:00:00,8,13,11.24184786661944,12.415066367678092,1.1732185010586527,1.1732185010586527,SURPLUS_PRESSURE,15
6912.01,2026-06-30 23:00:00,4,4,6.7244197972763535,5.656340552343015,-1.0680792449333385,1.0680792449333385,DEFICIT_PRESSURE,16
6432.09,2026-06-30 23:00:00,7,4,8.336496012206245,9.068080396613057,0.731584384406812,0.731584384406812,SURPLUS_PRESSURE,17
6072.06,2026-06-30 23:00:00,11,19,10.56437486736321,10.021892944628654,-0.5424819227345559,0.5424819227345559,DEFICIT_PRESSURE,18
6173.08,2026-06-30 23:00:00,1,2,7.324492588004349,7.10879737483143,-0.2156952131729195,0.2156952131729195,DEFICIT_PRESSURE,19
5905.14,2026-06-30 23:00:00,10,11,10.17642582275075,10.089186126834537,-0.08723969591621206,0.08723969591621206,DEFICIT_PRESSURE,20
